# https://github.com/mikedh/trimesh
v 0.95107650 -0.13405865 -0.27835547
v 0.96107201 -0.09541602 -0.25929980
v 0.96187690 -0.14209191 -0.23367225
v 0.97068650 -0.12321575 -0.20636280
v 0.97020144 -0.14999478 -0.19029118
v 0.98304219 -0.09813664 -0.15491046
v 0.98091578 -0.13644032 -0.13852172
v 0.99196507 -0.07884879 -0.09893520
v 0.98544873 -0.12533743 -0.11480998
v 0.98895230 -0.11719490 -0.09076728
v 0.98436591 -0.15050413 -0.09150004
v 0.98667974 -0.14960789 -0.06387926
v 0.98271937 -0.17228312 -0.06768429
v 0.98420553 -0.17701838 0.00199030
v 0.97736228 -0.19948992 -0.07047518
v 0.97838580 -0.20677860 0.00195811
v 0.96905154 -0.24685131 0.00188306
v 0.96850992 -0.23361493 0.08609651
v 0.95980479 -0.26320501 0.09745713
v 0.96178909 -0.24439412 0.12342310
v 0.94736256 -0.29627496 0.12134798
v 0.94815753 -0.27770588 0.15452099
v 0.92389588 -0.33980324 0.17592658
v 0.92869123 -0.30679484 0.20834952
v 0.91065318 -0.35966767 0.20334690
v 0.91001335 -0.32257322 0.26042699
v 0.89679173 -0.37176064 0.23991379
v 0.89731651 -0.35485207 0.26249399
v 0.88673218 -0.38040477 0.26267520
v 0.88631024 -0.37569026 0.27076001
v 0.88348422 -0.38314509 0.26954681
v 0.88366734 -0.38030908 0.27294145
v 0.88142876 -0.38425521 0.27464754
v 0.88136820 -0.38391570 0.27531588
v 0.88097138 -0.38463039 0.27558826
v 0.88094806 -0.38460988 0.27569143
v 0.88090571 -0.38475019 0.27563095
v 0.88089856 -0.38474098 0.27566666
v 0.88089028 -0.38477627 0.27564385
v 0.88088655 -0.38477581 0.27565643
v 0.88088367 -0.38478656 0.27565062
v 0.88088342 -0.38478444 0.27565438
v 0.88088182 -0.38478826 0.27565414
v 0.88088069 -0.38478916 0.27565650
v 0.88088029 -0.38479116 0.27565500
v 0.88087948 -0.38479235 0.27565591
v 0.88087962 -0.38479276 0.27565491
v 0.88087890 -0.38479380 0.27565576
v 0.88087946 -0.38479402 0.27565365
v 0.88087897 -0.38479496 0.27565389
v 0.88087954 -0.38479513 0.27565187
v 0.88087900 -0.38479641 0.27565180
v 0.88088020 -0.38479531 0.27564948
v 0.88087853 -0.38479778 0.27565139
v 0.88087821 -0.38480016 0.27564907
v 0.88087668 -0.38479913 0.27565540
v 0.88087504 -0.38480239 0.27565609
v 0.88087527 -0.38479822 0.27566120
v 0.88087011 -0.38480605 0.27566673
v 0.88087592 -0.38479500 0.27566359
v 0.88087198 -0.38479725 0.27567307
v 0.88087489 -0.38479061 0.27567301
v 0.88086272 -0.38479954 0.27569944
v 0.88086799 -0.38478644 0.27570088
v 0.88083231 -0.38480976 0.27578233
v 0.88086032 -0.38472171 0.27581571
v 0.88059829 -0.38484272 0.27648280
v 0.88080171 -0.38444430 0.27638909
v 0.88086426 -0.38333475 0.27772762
v 0.88099664 -0.38411136 0.27623069
v 0.88171914 -0.38189632 0.27699559
v 0.88123270 -0.38387881 0.27580062
v 0.88299529 -0.38030109 0.27511889
v 0.88089481 -0.38467359 0.27577266
v 0.88088170 -0.38475506 0.27570087
v 0.88088180 -0.38477820 0.27566827
v 0.88087828 -0.38478956 0.27566367
v 0.88087753 -0.38479429 0.27565945
v 0.88087703 -0.38479626 0.27565830
v 0.88087816 -0.38479639 0.27565450
v 0.88087821 -0.38479493 0.27565637
v 0.88087861 -0.38479382 0.27565666
v 0.88087904 -0.38479142 0.27565863
v 0.88088095 -0.38478738 0.27565816
v 0.94694969 -0.17161934 -0.27172246
v 0.96075730 -0.17547011 -0.21483865
v 0.94327423 -0.21013592 -0.25705373
v 0.95835400 -0.19656662 -0.20716942
v 0.94147598 -0.23144954 -0.24505937
v 0.95563744 -0.22386255 -0.19142266
v 0.93775663 -0.26420864 -0.22540251
v 0.95146054 -0.26146306 -0.16235733
v 0.92942955 -0.30680562 -0.20501467
v 0.94869204 -0.27794260 -0.15076912
v 0.92448683 -0.33972919 -0.17293983
v 0.94773907 -0.29667510 -0.11736496
v 0.91247779 -0.40912308 0.00160947
v 0.94160179 -0.33672519 0.00148760
v 0.87880352 -0.42620366 0.21460386
v 0.85840013 -0.51297912 0.00128390
v 0.85816988 -0.45530355 0.23715634
v 0.75513758 -0.61623085 0.22366665
v 0.83048797 -0.47490316 0.29113008
v 0.74481222 -0.59159918 0.30865057
v 0.77517070 -0.49992938 0.38623957
v 0.72644310 -0.56367335 0.39313200
v 0.72822785 -0.50061315 0.46804986
v 0.60403569 -0.64221108 0.47191717
v 0.59977266 -0.59418500 0.53592624
v 0.37413429 -0.77658673 0.50688913
v 0.35377375 -0.71219060 0.60632392
v -0.03021026 -0.85512268 0.51754473
v -0.04941633 -0.76902007 0.63731166
v -0.30237868 -0.81418291 0.49565445
v -0.30516403 -0.73217167 0.60893313
v -0.50116937 -0.73894858 0.45031573
v -0.49832451 -0.66263905 0.55909048
v -0.60478240 -0.67244859 0.42667452
v -0.67342134 -0.54487200 0.49961805
v -0.66950613 -0.60747659 0.42747367
v -0.70051501 -0.57806655 0.41847077
v -0.71713886 -0.63052722 0.29689607
v -0.73495297 -0.58034795 0.35077114
v -0.74934933 -0.59371724 0.29321566
v -0.75990128 -0.55727292 0.33465942
v -0.77944108 -0.54914736 0.30151084
v -0.78295495 -0.50843027 0.35844134
v -0.83187689 -0.46197146 0.30751131
v -0.83387275 -0.42242685 0.35526299
v -0.84658003 -0.41399989 0.33452405
v -0.83757167 -0.38348358 0.38911957
v -0.87153056 -0.38249045 0.30681515
v -0.87577993 -0.35724641 0.32462982
v -0.90627214 -0.33828232 0.25344796
v -0.88016274 -0.33034029 0.34086485
v -0.90110283 -0.28012142 0.33097685
v -0.88653722 -0.26375130 0.38011447
v -0.90647279 -0.18116807 0.38142524
v -0.88343865 -0.17688076 0.43387712
v -0.91800353 -0.09766384 0.38435829
v -0.87743002 -0.05759914 0.47623408
v -0.92406275 -0.04868639 0.37912752
v -0.88389561 0.00529843 0.46765422
v -0.93280271 0.00962489 0.36025889
v -0.89988389 0.05456853 0.43270227
v -0.94068123 0.07069274 0.33184539
v -0.91431014 0.09231479 0.39435383
v -0.94284767 0.09174985 0.32034393
v -0.92198304 0.14467274 0.35918946
v -0.94667406 0.12693081 0.29613646
v -0.92459220 0.21122298 0.31703961
v -0.95507024 0.19397236 0.22408830
v -0.91689871 0.28543799 0.27896578
v -0.95725103 0.24011705 0.16128939
v -0.91497605 0.34891793 0.20266994
v -0.95716104 0.26836050 0.10874464
v -0.91209393 0.39459525 0.11126211
v -0.95643401 0.28322505 0.07083473
v -0.90820773 0.41413727 0.06040731
v -0.95614772 0.29037186 0.03828465
v -0.95479489 0.29707967 0.01050688
v -0.97132699 0.23768260 0.00555582
v -0.97094303 0.23930188 -0.00205911
v -0.97627131 0.21654243 -0.00192225
v -0.97624789 0.21648707 -0.00856827
v -0.98061668 0.19585613 -0.00559483
v -0.98077143 0.19493772 -0.00931064
v -0.98267236 0.18532535 -0.00309145
v -0.98277972 0.18474639 -0.00357777
v -0.98296369 0.18378751 -0.00212999
v -0.98298355 0.18368098 -0.00215611
v -0.98297667 0.18371949 -0.00200413
v -0.98297773 0.18371386 -0.00200229
v -0.98297613 0.18372246 -0.00199777
v -0.98297614 0.18372238 -0.00199760
v -0.98297607 0.18372279 -0.00199760
v -0.98297613 0.18372246 -0.00199744
v -0.98297606 0.18372280 -0.00199759
v -0.98297609 0.18372264 -0.00199735
v -0.98297606 0.18372281 -0.00199759
v -0.98297606 0.18372283 -0.00199734
v -0.98297606 0.18372282 -0.00199759
v -0.98297603 0.18372299 -0.00199739
v -0.98297606 0.18372283 -0.00199759
v -0.98297601 0.18372310 -0.00199748
v -0.98297606 0.18372283 -0.00199760
v -0.98297600 0.18372315 -0.00199760
v -0.98297606 0.18372284 -0.00199760
v -0.98297606 0.18372283 -0.00199761
v -0.98297606 0.18372282 -0.00199760
v -0.98297606 0.18372282 -0.00199760
v -0.98297606 0.18372282 -0.00199760
v -0.98297606 0.18372282 -0.00199760
v -0.98297606 0.18372282 -0.00199760
v -0.98297606 0.18372282 -0.00199760
v -0.98297606 0.18372282 -0.00199760
v -0.98297606 0.18372282 -0.00199760
v -0.98297606 0.18372282 -0.00199760
v -0.98297606 0.18372282 -0.00199760
v -0.98297606 0.18372282 -0.00199760
v -0.98297606 0.18372282 -0.00199760
v -0.98297606 0.18372282 -0.00199760
v -0.98297606 0.18372282 -0.00199760
v -0.98297606 0.18372282 -0.00199760
v -0.98297606 0.18372282 -0.00199760
v -0.98297606 0.18372282 -0.00199760
v -0.98297606 0.18372282 -0.00199760
v -0.98297606 0.18372282 -0.00199760
v -0.98297606 0.18372282 -0.00199760
v -0.98297606 0.18372282 -0.00199760
v -0.98297606 0.18372282 -0.00199760
v -0.98297606 0.18372282 -0.00199760
v -0.98297606 0.18372283 -0.00199762
v -0.98297606 0.18372282 -0.00199760
v -0.98297606 0.18372282 -0.00199762
v -0.98297606 0.18372282 -0.00199760
v -0.98297606 0.18372281 -0.00199762
v -0.98297606 0.18372282 -0.00199760
v -0.98297606 0.18372280 -0.00199761
v -0.98297606 0.18372282 -0.00199760
v -0.98297606 0.18372282 -0.00199760
v -0.98297606 0.18372282 -0.00199760
v -0.98297606 0.18372282 -0.00199760
v -0.98297609 0.18372264 -0.00199785
v -0.98297579 0.18372418 -0.00200372
v -0.98295339 0.18384308 -0.00208812
v -0.98261550 0.18563465 -0.00256189
v -0.98056964 0.19616124 -0.00198635
v -0.98063135 0.19585592 0.00161878
v -0.97628822 0.21642542 0.00462132
v -0.98080065 0.19494021 0.00532897
v -0.97620033 0.21658981 0.01103489
v -0.98110541 0.19324151 0.00948088
v -0.97232489 0.23165488 0.03033675
v -0.98071554 0.19115647 0.04069684
v -0.97236546 0.22802813 0.05008572
v -0.97377237 0.21417507 0.07678812
v -0.97328376 0.20074710 0.11144203
v -0.97184088 0.18403453 0.14716178
v -0.96838489 0.14190504 0.20516740
v -0.96290726 0.08918692 0.25466704
v -0.95967059 0.03301412 0.27918169
v -0.98297606 0.18372283 -0.00199786
v -0.98297518 0.18372748 -0.00200223
v -0.98294776 0.18387365 -0.00204433
v -0.98259712 0.18573886 -0.00199614
v -0.98261774 0.18563495 -0.00143059
v -0.98267669 0.18532597 -0.00090161
v -0.98278596 0.18474737 -0.00041630
v -0.98301542 0.18352288 -0.00017608
v -0.98185255 0.18957188 0.00529807
v -0.98347616 0.18103594 -0.00078766
v -0.98239330 0.18681732 0.00163943
v -0.98419798 0.17706023 -0.00200155
v -0.98280903 0.18461422 -0.00200182
v -0.98237944 0.18681251 -0.00563302
v -0.98182401 0.18956613 -0.00928966
v -0.98347140 0.18103505 -0.00321117
v -0.98300826 0.18352157 -0.00381981
v -0.98301589 0.18350820 -0.00212080
v -0.98106058 0.19323232 -0.01346910
v -0.98292423 0.18399990 -0.00199799
v -0.97614112 0.21661762 -0.01501055
v -0.97219777 0.23162925 -0.03434217
v -0.97128399 0.23772879 -0.00961397
v -0.95599913 0.29029983 -0.04232809
v -0.95474872 0.29705849 -0.01453058
v -0.90798440 0.41407473 -0.06408150
v -0.90604678 0.42132448 -0.03955911
v -0.85263763 0.51529712 -0.08647517
v -0.84778243 0.52851133 -0.04405378
v -0.78586242 0.60838625 -0.11084412
v -0.77886422 0.62463540 -0.05657857
v -0.73936790 0.66160990 -0.12492977
v -0.73668427 0.67346196 -0.06119873
v -0.64490232 0.74898671 -0.15205228
v -0.62037071 0.77996863 -0.08239613
v -0.45847970 0.87203928 -0.17130051
v -0.46032358 0.88043808 -0.11371453
v -0.28487205 0.94062283 -0.18459850
v -0.25590897 0.96120767 -0.10290974
v 0.06240999 0.97545432 -0.21117259
v 0.05241393 0.99256933 -0.10981306
v 0.39076930 0.90218133 -0.18266964
v 0.38895425 0.92125527 0.00182216
v 0.71146746 0.69254397 -0.11915073
v 0.70523701 0.70363310 -0.08684017
v 0.79172139 0.60804745 -0.05878387
v 0.78839624 0.61516358 0.00226775
v 0.83554228 0.54942172 0.00220831
v 0.79133922 0.60808689 0.06334482
v 0.84003373 0.53840019 0.06684737
v 0.78967458 0.60618068 0.09465220
v 0.84443977 0.52598066 0.10132040
v 0.79552999 0.58696825 0.15033398
v 0.86099759 0.47978215 0.16879642
v 0.80501455 0.54499506 0.23437567
v 0.87500886 0.43224269 0.21800401
v 0.83109015 0.45195103 0.32408243
v 0.89021784 0.38094103 0.24979216
v 0.84268842 0.36956602 0.39153183
v 0.90332742 0.31145211 0.29495279
v 0.86064479 0.27426659 0.42903192
v 0.91515180 0.24539582 0.31980943
v 0.87752453 0.19211410 0.43936644
v 0.92692273 0.17417663 0.33238043
v 0.93555788 0.10376178 0.33758696
v 0.94872506 0.12371409 0.29088759
v 0.95638738 0.06532858 0.28470223
v 0.95965685 0.12782981 0.25043616
v 0.96876869 0.07209336 0.23725467
v 0.97186985 0.08963758 0.21779372
v 0.97850741 0.03973787 0.20234663
v 0.98138176 0.07128466 0.17834893
v 0.98854820 0.01740052 0.14989889
v 0.99139903 0.04285981 0.12365681
v 0.99252246 -0.01077710 0.12158547
v 0.99631341 0.00869621 0.08534618
v 0.99582732 -0.01780339 0.08950417
v 0.99809204 -0.00209530 0.06170809
v 0.99768542 -0.02509087 0.06320012
v 0.99998449 -0.00511696 0.00220060
v 0.99961422 -0.02768789 0.00218889
v 0.99795000 -0.02518790 -0.05883346
v 0.99737033 -0.07244119 0.00216889
v 0.99538402 -0.07165477 -0.06384553
v 0.99383701 -0.11083184 0.00207553
v 0.99176594 -0.11024871 -0.06515782
v 0.99510845 -0.07153607 0.06813055
v 0.99149566 -0.11009039 0.06940068
v 0.99154432 -0.07869731 0.10318238
v 0.98858581 -0.11704240 0.09486395
v 0.98497996 -0.12515536 0.11895635
v 0.98400175 -0.15028258 0.09568548
v 0.97664077 -0.16700701 0.13520896
v 0.98016526 -0.17100200 0.10017178
v 0.97134786 -0.19462871 0.13639282
v 0.97534924 -0.19564293 0.10206720
v 0.96509998 -0.22057709 0.14116580
v 0.96740808 -0.22696435 0.11228885
v 0.97711056 -0.19926147 0.07449716
v 0.98246290 -0.17210662 0.07173536
v 0.98861863 -0.15042954 0.00203709
v 0.98643447 -0.14943707 0.06793827
v 0.98509789 -0.07163236 0.15636801
v 0.98239068 -0.09794068 0.15911056
v 0.97953947 -0.06580090 0.19019114
v 0.96983259 -0.12299044 0.21047115
v 0.97096075 -0.06775939 0.22944254
v 0.95998195 -0.09520200 0.26338419
v 0.96058494 -0.02160672 0.27714568
v 0.94585001 -0.04772020 0.32107716
v 0.94229784 0.01080861 0.33460118
v 0.90316971 -0.00253351 0.42927620
v 0.90106536 0.05083359 0.43069382
v 0.81812740 0.02704148 0.57440084
v 0.89695179 0.09073783 0.43271715
v 0.80845857 0.11143050 0.57790829
v 0.79732844 0.19246234 0.57203637
v 0.55030506 0.11697974 0.82672854
v 0.53200442 0.20495050 0.82156351
v 0.30128651 0.17045617 0.93817436
v 0.29411018 0.30202977 0.90679502
v -0.06545679 0.14637675 0.98706092
v -0.15025292 0.32961898 0.93208122
v -0.50186542 0.21925762 0.83669420
v -0.62206328 0.44294206 0.64563117
v -0.68550502 0.34886417 0.63904355
v -0.70871713 0.42099804 0.56611013
v -0.77932285 0.30917297 0.54503942
v -0.81120252 0.36822957 0.45426583
v -0.84622884 0.31573878 0.42919200
v -0.85057101 0.38719037 0.35582661
v -0.88753512 0.28027478 0.36568764
v -0.89222584 0.33255183 0.30551978
v -0.88838091 0.19414476 0.41603746
v -0.85187595 0.18001112 0.49183672
v -0.75402280 0.20181777 0.62507536
v -0.65293633 0.16925692 0.73825893
v -0.43722510 0.08598201 0.89523254
v -0.05296555 0.04561670 0.99755389
v 0.29353009 0.06265129 0.95389460
v 0.55443533 0.03304149 0.83157064
v -0.88587395 0.11999441 0.44813915
v -0.88168879 0.07887995 0.46519118
v -0.86282386 0.02517619 0.50487736
v -0.84950758 -0.04344090 0.52578490
v -0.82905033 -0.04063875 0.55769529
v -0.81701084 -0.16013386 0.55394082
v -0.74575712 -0.05453249 0.66398232
v -0.67651140 -0.32315610 0.66174199
v -0.57984351 -0.18269634 0.79397956
v -0.55931272 -0.39701708 0.72769961
v -0.34765415 -0.29282377 0.89072489
v -0.32210212 -0.44386503 0.83620216
v -0.02761374 -0.42915713 0.90280764
v -0.30152813 -0.57285281 0.76218137
v -0.05532570 -0.58898566 0.80624746
v -0.06267832 -0.69912046 0.71225137
v 0.34756966 -0.60398391 0.71721599
v -0.31000634 -0.67338740 0.67115235
v -0.51500306 -0.59328857 0.61869259
v -0.66366833 -0.48833501 0.56663328
v -0.78370270 -0.41673885 0.46058529
v -0.79625625 -0.35303051 0.49126921
v -0.84135712 -0.36503952 0.39857790
v -0.84707591 -0.32531998 0.42027290
v -0.79113475 -0.44676891 0.41773598
v -0.76708796 -0.52512757 0.36853370
v -0.84808791 -0.15555607 0.50650686
v -0.81533829 -0.26103754 0.51680061
v -0.66014430 -0.41952819 0.62306147
v -0.54290392 -0.50751357 0.66909291
v -0.85337356 -0.24313682 0.46112694
v -0.84528667 0.11377518 0.52205905
v -0.75953670 0.07868239 0.64568807
v -0.62148341 0.04990886 0.78183596
v -0.36828877 -0.07786406 0.92644513
v -0.03278622 -0.09070822 0.99533767
v 0.31494683 -0.04174155 0.94819098
v 0.57411124 -0.08637855 0.81420823
v 0.83073793 -0.06014125 0.55340539
v 0.90046310 -0.10747737 0.42144374
v 0.94551007 -0.09181310 0.31237968
v 0.94997583 -0.13371556 0.28225180
v 0.96092345 -0.14184480 0.23771028
v 0.94582310 -0.17135398 0.27578339
v 0.95989821 -0.17525125 0.21882053
v 0.94225772 -0.20997254 0.26088680
v 0.95754009 -0.19636169 0.21109019
v 0.94052791 -0.23131642 0.24879702
v 0.95490745 -0.22366143 0.19526220
v 0.93690953 -0.26412228 0.22899772
v 0.95087431 -0.26123733 0.16611170
v 0.96718107 -0.19248002 0.16586809
v 0.96900093 -0.16664085 0.18239524
v 0.96942914 -0.14977384 0.19435775
v 0.98035102 -0.13624226 0.14265318
v 0.92170525 -0.27674570 0.27179267
v 0.91052714 -0.28805953 0.29658395
v 0.91470184 -0.25332373 0.31487716
v 0.89760307 -0.26345340 0.35341341
v 0.90439388 -0.22127901 0.36483874
v 0.88025328 -0.25101310 0.40267429
v 0.88290298 -0.20481049 0.42253401
v 0.84354109 -0.25636825 0.47192558
v 0.84241139 -0.22248357 0.49075871
v 0.83397148 -0.16215387 0.52744450
v 0.79794689 -0.31463123 0.51408944
v 0.74761834 -0.18740782 0.63713823
v 0.75572248 -0.34774235 0.55494035
v 0.72509337 -0.36663891 0.58293698
v 0.75704914 -0.43099545 0.49103922
v 0.72463227 -0.44578159 0.52553482
v 0.60576338 -0.51571599 0.60587766
v 0.58972730 -0.42656532 0.68575778
v 0.32423956 -0.45048788 0.83182292
v 0.58562950 -0.28786387 0.75774170
v 0.32841003 -0.31253959 0.89132814
v 0.59208401 -0.21983303 0.77531281
v 0.32325811 -0.16709746 0.93144116
v -0.04320818 -0.24996299 0.96729083
v -0.84279054 0.05431233 0.53549441
v 0.81076208 -0.35553090 0.46504045
v 0.82843708 -0.32467887 0.45637226
v 0.83088338 -0.36733607 0.41796773
v 0.84852359 -0.33475326 0.40981454
v 0.85846607 -0.36637111 0.35889862
v 0.87945358 -0.33066521 0.34237687
v 0.88058078 -0.34656274 0.32322092
v 0.89772537 -0.30981181 0.31321845
v 0.89196233 -0.33905257 0.29907617
v 0.90224540 -0.32520322 0.28318917
v 0.89399899 -0.35413781 0.27450358
v 0.88543509 -0.37455173 0.27516488
v 0.87792486 -0.29595875 0.37637264
v 0.84958614 -0.28701762 0.44252036
v 0.82497959 -0.28447440 0.48834721
v 0.92689083 -0.24126296 0.28751620
v 0.93003098 -0.21267028 0.29968938
v 0.92180540 -0.21179392 0.32468160
v 0.93403893 -0.16550900 0.31650915
v 0.92140574 -0.17647375 0.34622027
v 0.90877679 -0.18116600 0.37590374
v -0.98304116 0.18337419 -0.00199801
v -0.98297833 0.18371065 -0.00199762
v -0.98301636 0.18350838 -0.00187470
v -0.98297774 0.18371386 -0.00199293
v -0.98298416 0.18368115 -0.00183915
v -0.98297669 0.18371950 -0.00199108
v -0.98296420 0.18378764 -0.00186512
v -0.98297582 0.18372419 -0.00199148
v -0.98295374 0.18384317 -0.00190691
v -0.98297520 0.18372748 -0.00199297
v -0.98294794 0.18387369 -0.00195066
v -0.98297480 0.18372959 -0.00199507
v -0.98294584 0.18388446 -0.00199749
v -0.98297465 0.18373036 -0.00199760
v -0.98297479 0.18372959 -0.00200013
v -0.98297601 0.18372310 -0.00199772
v -0.98297603 0.18372299 -0.00199782
v 0.96971498 -0.16685950 -0.17835571
v 0.96781243 -0.19270371 -0.16187766
v 0.96556611 -0.22095920 -0.13732854
v 0.96220844 -0.24464579 -0.11959668
v 0.97716607 -0.16720365 -0.13110842
v 0.97188397 -0.19477626 -0.13230178
v 0.96782955 -0.22713158 -0.10824605
v 0.96011353 -0.26350157 -0.09353576
v 0.98053416 -0.17123728 -0.09607581
v 0.97570021 -0.19594532 -0.09805368
v 0.96879841 -0.23381670 -0.08221549
v 0.95720386 -0.28940890 0.00180357
v 0.97192929 -0.06797261 -0.22524028
v 0.98034068 -0.06600253 -0.18594571
v 0.98574994 -0.07181875 -0.15211548
v 0.99304699 -0.01092447 -0.11721065
v 0.99620841 -0.01792617 -0.08513197
v 0.99668260 0.00858334 -0.08093276
v 0.99835432 -0.00218407 -0.05730512
v 0.99620292 0.07848488 -0.03768113
v 0.99696173 0.07786128 0.00221874
v 0.99601627 0.07854810 0.04221131
v 0.99158532 0.12943357 0.00234645
v 0.99001678 0.13653686 0.03499218
v 0.98151306 0.19138216 0.00223104
v 0.98086362 0.19293109 0.02615622
v 0.97430991 0.22519980 0.00229203
v 0.97287626 0.23033985 0.02133877
v 0.96821772 0.25009757 0.00237708
v 0.96787109 0.25094501 0.01587955
v 0.96439666 0.26427402 0.00991579
v 0.96394966 0.26561924 0.01573122
v 0.96178392 0.27372168 0.00693773
v 0.96102893 0.27628386 0.00951991
v 0.96028342 0.27898973 0.00452532
v 0.95992522 0.28018530 0.00630624
v 0.95962509 0.28125383 0.00399493
v 0.95949062 0.28170020 0.00476954
v 0.95920376 0.28268744 0.00399349
v 0.95913288 0.28290139 0.00556126
v 0.95898705 0.28341262 0.00459585
v 0.95890658 0.28365959 0.00595032
v 0.95868718 0.28442160 0.00482197
v 0.95869977 0.28435299 0.00617564
v 0.95854037 0.28491205 0.00504865
v 0.95846554 0.28513703 0.00637831
v 0.95837586 0.28546236 0.00519094
v 0.95827688 0.28577127 0.00634144
v 0.95825177 0.28587836 0.00520570
v 0.95790465 0.28702100 0.00613451
v 0.95805506 0.28653937 0.00506943
v 0.95770508 0.28769559 0.00567621
v 0.95790089 0.28706064 0.00469880
v 0.95738408 0.28877877 0.00474898
v 0.95773747 0.28761514 0.00405920
v 0.95765760 0.28788765 0.00355361
v 0.95789403 0.28709964 0.00358071
v 0.95782996 0.28731815 0.00317081
v 0.95789446 0.28710360 0.00311776
v 0.95784483 0.28727256 0.00278450
v 0.95795886 0.28689089 0.00290421
v 0.95795196 0.28691613 0.00267997
v 0.95800881 0.28672564 0.00274476
v 0.95801918 0.28669199 0.00263480
v 0.95806105 0.28655138 0.00270805
v 0.95807488 0.28650632 0.00257918
v 0.95813758 0.28629678 0.00255712
v 0.95808204 0.28648499 0.00227039
v 0.95814087 0.28628816 0.00227056
v 0.95813927 0.28629568 0.00197845
v 0.95822744 0.28600015 0.00202310
v 0.95819768 0.28610136 0.00179412
v 0.95824675 0.28593680 0.00182186
v 0.95822963 0.28599540 0.00161293
v 0.95827225 0.28585265 0.00159671
v 0.95822051 0.28602718 0.00138298
v 0.95827887 0.28583198 0.00129756
v 0.95822022 0.28603031 0.00081544
v 0.95830125 0.28575742 0.00118710
v 0.95829426 0.28578188 0.00091093
v 0.95833691 0.28563873 0.00093888
v 0.95832387 0.28568345 0.00057102
v 0.95839424 0.28544728 0.00057858
v 0.95852223 0.28501775 0.00015786
v 0.95851095 0.28505517 0.00056281
v 0.95863143 0.28465026 0.00012883
v 0.95861755 0.28469660 0.00047778
v 0.95892840 0.28364742 0.00068212
v 0.95861023 0.28471983 0.00102424
v 0.95872936 0.28431719 0.00132519
v 0.95861811 0.28469076 0.00157791
v 0.95886597 0.28385465 0.00161125
v 0.95869379 0.28443357 0.00193909
v 0.95885091 0.28390096 0.00227606
v 0.95868690 0.28445431 0.00227432
v 0.95869182 0.28443494 0.00260138
v 0.95856944 0.28484989 0.00227320
v 0.95852518 0.28499491 0.00271504
v 0.95844625 0.28526223 0.00249778
v 0.95844181 0.28527291 0.00294287
v 0.95838551 0.28546558 0.00257430
v 0.95841002 0.28537921 0.00299147
v 0.95833520 0.28563384 0.00263619
v 0.95832047 0.28568044 0.00292657
v 0.95828827 0.28579089 0.00267514
v 0.95826796 0.28585639 0.00293834
v 0.95824407 0.28593869 0.00271411
v 0.95822566 0.28599834 0.00292283
v 0.95819490 0.28610316 0.00274169
v 0.95815772 0.28622673 0.00283722
v 0.95811280 0.28637730 0.00281251
v 0.95805946 0.28655376 0.00300198
v 0.95852791 0.28499283 0.00182357
v 0.95844762 0.28526127 0.00204020
v 0.95844588 0.28526998 0.00159496
v 0.95838731 0.28546437 0.00196300
v 0.95841435 0.28537614 0.00154609
v 0.95833734 0.28563251 0.00190064
v 0.95832407 0.28567881 0.00161000
v 0.95829068 0.28578928 0.00186119
v 0.95835393 0.28558033 0.00127392
v 0.95847535 0.28517226 0.00133612
v 0.95838651 0.28547210 0.00099062
v 0.95855151 0.28491738 0.00104083
v 0.95845246 0.28525147 0.00069308
v 0.95853782 0.28496207 0.00136831
v 0.95822116 0.28602804 0.00041536
v 0.95812080 0.28636417 0.00030003
v 0.95826958 0.28586528 -0.00067030
v 0.95807201 0.28652701 -0.00053646
v 0.95792776 0.28700492 -0.00160618
v 0.95772489 0.28768337 -0.00114451
v 0.95755684 0.28823701 -0.00207731
v 0.95739807 0.28877136 -0.00021518
v 0.95696895 0.29018768 -0.00124178
v 0.95723141 0.28932324 0.00029580
v 0.95651574 0.29168069 -0.00005845
v 0.95672670 0.29098600 0.00107686
v 0.95609714 0.29304145 0.00222604
v 0.95688000 0.29047465 0.00226699
v 0.95671348 0.29101110 0.00344344
v 0.95705414 0.28990041 0.00226343
v 0.95712619 0.28965206 0.00333817
v 0.95753407 0.28831120 0.00226990
v 0.95761150 0.28804770 0.00295464
v 0.95772069 0.28769068 0.00227053
v 0.95775602 0.28756836 0.00280221
v 0.95781490 0.28737686 0.00227048
v 0.95792657 0.28700443 0.00227034
v 0.95800461 0.28674380 0.00227031
v 0.95807673 0.28650508 0.00195578
v 0.95802136 0.28669055 0.00189979
v 0.95806368 0.28654956 0.00182685
v 0.95801167 0.28672364 0.00178977
v 0.95806430 0.28654921 0.00153247
v 0.95796256 0.28688860 0.00163005
v 0.95803976 0.28663223 0.00133359
v 0.95789934 0.28710075 0.00141628
v 0.95799187 0.28679323 0.00110147
v 0.95790175 0.28709463 0.00095204
v 0.95801325 0.28672332 0.00058737
v 0.95774875 0.28760584 0.00046712
v 0.95791558 0.28705002 -0.00016762
v 0.95808104 0.28649602 0.00087081
v 0.95815106 0.28626063 0.00118139
v 0.95813780 0.28630320 0.00156109
v 0.95815270 0.28625312 0.00159710
v 0.95811590 0.28637554 0.00172299
v 0.95816094 0.28622495 0.00169849
v 0.95809645 0.28644329 0.00119543
v 0.95811436 0.28638212 0.00146785
v 0.95766475 0.28788411 0.00098354
v 0.95783515 0.28731509 0.00136339
v 0.95784781 0.28727081 0.00174957
v 0.95795436 0.28691463 0.00185434
v 0.95721824 0.28933609 0.00422768
v 0.95650721 0.29167243 0.00459989
v 0.95602437 0.29326515 0.00360004
v 0.95595713 0.29346879 0.00469392
v 0.95557700 0.29470529 0.00462582
v 0.95551520 0.29488638 0.00572018
v 0.95510175 0.29623861 0.00483070
v 0.95516119 0.29602337 0.00610469
v 0.95450470 0.29814228 0.00565327
v 0.95479827 0.29717271 0.00697445
v 0.95418848 0.29912689 0.00688776
v 0.95466419 0.29758419 0.00774159
v 0.95396828 0.29977983 0.00875034
v 0.95456016 0.29787695 0.00917737
v 0.95407153 0.29937284 0.01110955
v 0.95473517 0.29725849 0.01086927
v 0.95440825 0.29821913 0.01304751
v 0.95498952 0.29629491 0.01429480
v 0.95441405 0.29808060 0.01554911
v 0.95495054 0.29631726 0.01629583
v 0.95470760 0.29702610 0.01757519
v 0.95545292 0.29465814 0.01692042
v 0.95534670 0.29490621 0.01852072
v 0.95611701 0.29253930 0.01615612
v 0.95618925 0.29211369 0.01927971
v 0.95667558 0.29071250 0.01606481
v 0.95722800 0.28876305 0.01817834
v 0.95719082 0.28907578 0.01486364
v 0.95800403 0.28630829 0.01599531
v 0.95764453 0.28763385 0.01355426
v 0.95832916 0.28531496 0.01416337
v 0.95821506 0.28585897 0.01041899
v 0.95851104 0.28488733 0.00978730
v 0.95817699 0.28607311 0.00768356
v 0.95774873 0.28752375 0.00688990
v 0.95720672 0.28920564 0.01074216
v 0.95717630 0.28933441 0.00995655
v 0.95642332 0.29180139 0.01031391
v 0.95686038 0.29044070 0.00790057
v 0.95636149 0.29205778 0.00865701
v 0.95661950 0.29126578 0.00658619
v 0.95627535 0.29236891 0.00760808
v 0.95630699 0.29230915 0.00568309
v 0.95612085 0.29290239 0.00641118
v 0.95584102 0.29382255 0.00602162
v 0.95577801 0.29401153 0.00675443
v 0.95556403 0.29470316 0.00688683
v 0.95560910 0.29454844 0.00724277
v 0.95532768 0.29546716 0.00694136
v 0.95527185 0.29563806 0.00733719
v 0.95499313 0.29653194 0.00754584
v 0.95502820 0.29640997 0.00789047
v 0.95487076 0.29691232 0.00805599
v 0.95492053 0.29674358 0.00836811
v 0.95481054 0.29707790 0.00903033
v 0.95486591 0.29689000 0.00935007
v 0.95487678 0.29681354 0.01058581
v 0.95494490 0.29660285 0.01034376
v 0.95541317 0.29505450 0.01133648
v 0.95507027 0.29620906 0.01004822
v 0.95521728 0.29574717 0.00967271
v 0.95500197 0.29645578 0.00923119
v 0.95509221 0.29618327 0.00862255
v 0.95532585 0.29530035 0.01225684
v 0.95525629 0.29541439 0.01468880
v 0.95694955 0.29019697 0.00576860
v 0.95753057 0.28825616 0.00660268
v 0.95715528 0.28929189 0.01280514
v 0.95691397 0.29003184 0.01404204
v 0.95555196 0.29481423 0.00223895
v 0.98920910 0.01723824 -0.14549297
v 0.97941855 0.03954603 -0.19792780
v 0.98219399 0.07110280 -0.17389469
v 0.97288989 0.08933713 -0.21331699
v 0.98353888 0.09939503 -0.15090364
v 0.97349190 0.14402662 -0.17767906
v 0.97707294 0.16744515 -0.13149371
v 0.96570193 0.18311818 -0.18408561
v 0.96686553 0.20771915 -0.14840420
v 0.95425859 0.22503069 -0.19685459
v 0.94916654 0.27648780 -0.15045723
v 0.94163386 0.27519435 -0.19389107
v 0.92291403 0.33863272 -0.18318725
v 0.93635929 0.27318379 -0.22045840
v 0.91524442 0.34563260 -0.20704049
v 0.92853634 0.28583792 -0.23689018
v 0.91285132 0.34653951 -0.21590006
v 0.92360919 0.28864909 -0.25224546
v 0.90903636 0.35144037 -0.22392537
v 0.90481809 0.31120092 -0.29061696
v 0.89151028 0.38076346 -0.24541519
v 0.84475621 0.36917385 -0.38742433
v 0.83291001 0.45162837 -0.31983235
v 0.75299160 0.46687115 -0.46371864
v 0.72844783 0.59953222 -0.33154920
v 0.41154311 0.76563098 -0.49441022
v 0.38637311 0.86935318 -0.30812476
v 0.09947078 0.94238379 -0.31940313
v -0.27154639 0.92338767 -0.27132596
v 0.72139668 0.64321632 -0.25663123
v 0.80647029 0.54471666 -0.22997702
v 0.87619967 0.43203386 -0.21359047
v 0.89326392 0.40717449 -0.19049543
v 0.90784747 0.38987413 -0.15430853
v 0.93415535 0.32901970 -0.13820212
v 0.95327329 0.28173501 -0.10906613
v 0.96825638 0.22527192 -0.10831503
v 0.96574850 0.24988524 -0.06990850
v 0.97280019 0.22396340 -0.05916231
v 0.96782485 0.24846142 -0.03977422
v 0.97053467 0.23858541 -0.03375576
v 0.96669319 0.25522176 -0.01913449
v 0.97248524 0.23151144 -0.02597911
v 0.96794522 0.25091495 -0.01112402
v 0.97296001 0.23036973 -0.01669157
v 0.98097060 0.19293584 -0.02173582
v 0.99017886 0.13646534 -0.03038139
v 0.99423610 0.08866883 -0.06026948
v 0.98928421 0.13730104 -0.04965058
v 0.98961763 0.10919517 -0.09345251
v 0.98450439 0.15864765 -0.07471305
v 0.98361467 0.13949852 -0.11420309
v 0.98119531 0.17293348 -0.08573088
v 0.97723522 0.18814310 -0.09804841
v 0.97476467 0.21666537 -0.05375821
v 0.97684536 0.20923047 -0.04467386
v 0.97899824 0.20096975 -0.03425788
v 0.99194915 0.04272138 -0.11921309
v 0.96444516 0.26423023 -0.00528462
v 0.96450826 0.26404255 0.00231365
v 0.96181318 0.27369666 -0.00235540
v 0.96209113 0.27271852 0.00229623
v 0.96056124 0.27805910 0.00228749
v 0.95344723 0.21118121 -0.21526931
v 0.94659800 0.20754097 -0.24673666
v 0.96229146 0.17084990 -0.21167299
v 0.95304125 0.16772680 -0.25215092
v 0.96085661 0.12747970 -0.24597461
v 0.95015843 0.12324707 -0.28637236
v 0.95771535 0.06511636 -0.28025198
v 0.93717041 0.10373960 -0.33309116
v 0.94104766 0.04975937 -0.33459423
v 0.90310583 0.05079116 -0.42640371
v 0.94381413 0.01065218 -0.33030503
v 0.90514008 -0.00267797 -0.42510500
v 0.94725756 -0.04779938 -0.31688851
v 0.90228930 -0.10762143 -0.41748251
v 0.94682836 -0.09185315 -0.30834892
v 0.93970003 -0.13656077 -0.31355224
v 0.93543912 -0.16530530 -0.31245450
v 0.93120856 -0.21274198 -0.29595855
v 0.92797973 -0.24136297 -0.28389707
v 0.92272449 -0.27677399 -0.26828282
v 0.91095011 -0.32249000 -0.25723550
v 0.91134337 -0.35960226 -0.20034838
v 0.92293514 -0.17623609 -0.34224489
v 0.91041272 -0.18133736 -0.37184062
v 0.92307000 -0.21181393 -0.32105549
v 0.90575454 -0.22145810 -0.36133781
v 0.91586387 -0.25344200 -0.31138484
v 0.89890402 -0.26351051 -0.35004824
v 0.89889798 -0.30974936 -0.30989958
v 0.87928067 -0.29600019 -0.37316135
v 0.88075593 -0.33057822 -0.33909738
v 0.85965977 -0.36635897 -0.35604239
v 0.88175942 -0.34652148 -0.32003623
v 0.86927080 -0.37475798 -0.32237360
v 0.88307664 -0.36414390 -0.29593051
v 0.87756709 -0.37602624 -0.29745633
v 0.88208881 -0.38007554 -0.27831979
v 0.87986178 -0.38364813 -0.28045920
v 0.88068403 -0.38495790 -0.27604903
v 0.87782343 -0.38746825 -0.28159258
v 0.88019496 -0.38625146 -0.27580180
v 0.87973091 -0.38770674 -0.27523990
v 0.88141699 -0.38528807 -0.27323469
v 0.88138599 -0.38552344 -0.27300258
v 0.88171355 -0.38496576 -0.27273170
v 0.88171389 -0.38501674 -0.27265863
v 0.88175886 -0.38493510 -0.27262846
v 0.88176649 -0.38493882 -0.27259851
v 0.88177041 -0.38492181 -0.27260988
v 0.88177901 -0.38492658 -0.27257533
v 0.88178049 -0.38490403 -0.27260236
v 0.88178907 -0.38489350 -0.27258949
v 0.88178477 -0.38489229 -0.27260512
v 0.88178798 -0.38488392 -0.27260655
v 0.88178637 -0.38488565 -0.27260930
v 0.88178650 -0.38488442 -0.27261060
v 0.88178512 -0.38488750 -0.27261075
v 0.88178489 -0.38488685 -0.27261240
v 0.88178434 -0.38488852 -0.27261181
v 0.88178416 -0.38488811 -0.27261299
v 0.88178341 -0.38488976 -0.27261306
v 0.88178404 -0.38488794 -0.27261361
v 0.88178384 -0.38488815 -0.27261395
v 0.88178426 -0.38488691 -0.27261436
v 0.88178346 -0.38488806 -0.27261533
v 0.88178469 -0.38488488 -0.27261583
v 0.88178305 -0.38488706 -0.27261806
v 0.88178498 -0.38488307 -0.27261746
v 0.88178235 -0.38488506 -0.27262313
v 0.88178603 -0.38487367 -0.27262732
v 0.88177905 -0.38488583 -0.27263273
v 0.88177233 -0.38488128 -0.27266088
v 0.88177603 -0.38489246 -0.27263312
v 0.88176703 -0.38489395 -0.27266013
v 0.88176422 -0.38491118 -0.27264490
v 0.88175973 -0.38491247 -0.27265759
v 0.88178472 -0.38488652 -0.27261341
v 0.88178580 -0.38488405 -0.27261341
v 0.88178742 -0.38488026 -0.27261353
v 0.88178762 -0.38488243 -0.27260980
v 0.88179413 -0.38487258 -0.27260267
v 0.88179351 -0.38487943 -0.27259498
v 0.88180966 -0.38484631 -0.27258951
v 0.88181818 -0.38485685 -0.27254707
v 0.88185875 -0.38480294 -0.27249192
v 0.88180810 -0.38496725 -0.27242375
v 0.88232332 -0.38438072 -0.27158244
v 0.88183368 -0.38539026 -0.27174197
v 0.88185822 -0.38730928 -0.26891933
v 0.88155262 -0.38597040 -0.27183052
v 0.88053019 -0.38894436 -0.27090382
v 0.87980519 -0.38870933 -0.27358341
v 0.87850769 -0.39444036 -0.26952003
v 0.87640240 -0.39490015 -0.27563146
v 0.86581813 -0.41343306 -0.28183696
v 0.87657028 -0.39201617 -0.27919145
v 0.86709659 -0.40055281 -0.29614345
v 0.87089572 -0.39107439 -0.29765999
v 0.86005543 -0.39352660 -0.32471751
v 0.88128566 -0.38593541 -0.27274427
v 0.88170884 -0.38508375 -0.27258031
v 0.88178262 -0.38502780 -0.27242064
v 0.88180126 -0.38490072 -0.27253985
v 0.88179061 -0.38487169 -0.27261530
v 0.88180303 -0.38483684 -0.27262434
v 0.88185295 -0.38470871 -0.27264369
v 0.88187409 -0.38473358 -0.27254020
v 0.88226723 -0.38403214 -0.27225695
v 0.89303177 -0.33905087 -0.29586952
v 0.88964225 -0.35688122 -0.28490780
v 0.88393607 -0.37707482 -0.27653500
v 0.88263185 -0.38199901 -0.27393024
v 0.88391076 -0.38041601 -0.27200264
v 0.88213420 -0.38399044 -0.27274640
v 0.91165297 -0.28807843 -0.29308645
v 0.90327215 -0.32516920 -0.27993645
v 0.89498069 -0.35416651 -0.27124830
v 0.88639184 -0.37462052 -0.27197238
v 0.96179692 -0.02184004 -0.27289135
v 0.96037892 0.01293336 -0.27839730
v 0.97168543 -0.01664719 -0.23569110
v 0.97122611 0.03099925 -0.23613320
v 0.97975607 -0.00363825 -0.20016196
v 0.96986401 0.07189088 -0.23279926
v 0.96891787 0.13083311 -0.20995442
v 0.97924027 -0.02931638 -0.20057178
v 0.98790495 -0.00351684 -0.15502079
v 0.93515051 0.21972221 -0.27787710
v 0.91672564 0.24505474 -0.31553490
v 0.86278768 0.27376073 -0.42503234
v 0.76182348 0.40701028 -0.50395200
v 0.50804917 0.52249318 -0.68475318
v 0.46878307 0.64696473 -0.60139760
v 0.07695091 0.77636029 -0.62557434
v 0.11603958 0.86611303 -0.48619239
v -0.22463602 0.82773988 -0.51418416
v -0.22541766 0.89531107 -0.38419391
v -0.47966624 0.78743892 -0.38711788
v -0.49496320 0.82691169 -0.26688664
v -0.66939943 0.69358904 -0.26615531
v -0.83561935 -0.38369057 -0.39309268
v -0.84501344 -0.41398296 -0.33848247
v -0.87019462 -0.38232846 -0.31078333
v -0.84858748 -0.44097177 -0.29230666
v -0.87137360 -0.41201439 -0.26636854
v -0.85436876 -0.46302123 -0.23593506
v -0.87721140 -0.42993572 -0.21367134
v -0.85697592 -0.48806529 -0.16548277
v -0.88463709 -0.43772905 -0.16065648
v -0.87947304 -0.45961830 -0.12360497
v -0.88710877 -0.44341362 -0.12814984
v -0.88870012 -0.44550998 -0.10831877
v -0.89529026 -0.42934249 -0.11882920
v -0.89108841 -0.44141300 -0.10543249
v -0.89927674 -0.42313679 -0.11070954
v -0.89202219 -0.44012821 -0.10287651
v -0.89911529 -0.42649221 -0.09846870
v -0.89171475 -0.44135659 -0.10024553
v -0.89700820 -0.43309887 -0.08832705
v -0.89121118 -0.44285087 -0.09811085
v -0.89147338 -0.44541839 -0.08293175
v -0.88990940 -0.44567134 -0.09715097
v -0.88775936 -0.44949337 -0.09919194
v -0.88883538 -0.44706571 -0.10051823
v -0.88840527 -0.44771138 -0.10144256
v -0.88935012 -0.44588644 -0.10120106
v -0.88834084 -0.44753868 -0.10276034
v -0.88913373 -0.44576674 -0.10360125
v -0.88661798 -0.45013052 -0.10625947
v -0.89013221 -0.44405021 -0.10239167
v -0.89043299 -0.44365085 -0.10150378
v -0.89029604 -0.44410978 -0.10069485
v -0.89008863 -0.44466440 -0.10007896
v -0.88962999 -0.44563977 -0.09981821
v -0.83216452 -0.42245349 -0.35921477
v -0.78906281 -0.44683490 -0.42156666
v -0.78128873 -0.50813767 -0.36246933
v -0.76543388 -0.52482233 -0.37238757
v -0.77775203 -0.54933735 -0.30550001
v -0.75774441 -0.55775815 -0.33871707
v -0.74761577 -0.59404499 -0.29695322
v -0.73264285 -0.58114534 -0.35426621
v -0.71535349 -0.63087289 -0.30044765
v -0.69861284 -0.57823738 -0.42140436
v -0.66742738 -0.60763388 -0.43049014
v -0.67087314 -0.54520629 -0.50267219
v -0.60262290 -0.67265112 -0.42940204
v -0.49522247 -0.66298364 -0.56143334
v -0.49878840 -0.73889826 -0.45303366
v -0.30160616 -0.73269513 -0.61007505
v -0.29978267 -0.81465493 -0.49645514
v -0.04564016 -0.76890275 -0.63773469
v -0.02719185 -0.85483657 -0.51818437
v 0.35631982 -0.71191451 -0.60515611
v 0.37604896 -0.77632807 -0.50586747
v 0.60537804 -0.64158599 -0.47104655
v 0.60755209 -0.71180075 -0.35244880
v 0.72768709 -0.56332720 -0.39132335
v 0.74563459 -0.59161397 -0.30663003
v 0.77648752 -0.50006887 -0.38340351
v 0.83139133 -0.47492614 -0.28850238
v 0.82949524 -0.41387889 -0.37502255
v 0.85338029 -0.41022142 -0.32165273
v -0.78135365 -0.41697929 -0.46434335
v -0.66064301 -0.48884717 -0.56971858
v -0.79371083 -0.35341802 -0.49509475
v -0.65672056 -0.42024639 -0.62618773
v -0.81262576 -0.26180453 -0.52067049
v -0.67282705 -0.32412124 -0.66501818
v -0.81415763 -0.16111996 -0.55784202
v -0.74230211 -0.05590187 -0.66772941
v -0.82632111 -0.04178404 -0.56164714
v -0.75642779 0.07718361 -0.64950726
v -0.84027921 0.05307061 -0.53955014
v -0.84303016 0.11264967 -0.52593745
v -0.87961153 0.07781998 -0.46928415
v -0.88396859 0.11899429 -0.45215030
v -0.89798131 0.05365024 -0.43675074
v -0.91264831 0.09148338 -0.39837653
v -0.93932602 0.07009597 -0.33578740
v -0.94148374 0.09094580 -0.32455698
v -0.96188288 0.08869342 -0.25867897
v -0.94547632 0.12626717 -0.30021848
v -0.96758264 0.14148058 -0.20920585
v -0.95421816 0.19350268 -0.22808862
v -0.97128225 0.18373354 -0.15117134
v -0.95665679 0.23979403 -0.16524714
v -0.97286391 0.20052445 -0.11543727
v -0.95676566 0.26815339 -0.11266423
v -0.97348160 0.21403033 -0.08077498
v -0.97217069 0.22794833 -0.05407126
v -0.98055534 0.19108437 -0.04469879
v -0.98496580 0.16861456 -0.03757007
v -0.98866144 0.15014827 -0.00201380
v -0.98509962 0.16867977 0.03355402
v -0.98904022 0.14485092 0.02859458
v -0.98975405 0.13541904 0.04526155
v -0.99261018 0.11927620 0.02232060
v -0.99344045 0.11030217 0.03015798
v -0.99408382 0.10859672 -0.00202889
v -0.99560210 0.09366065 -0.00203349
v -0.99331599 0.11023930 -0.03421454
v -0.99446758 0.09639760 -0.04173408
v -0.99054063 0.12351606 -0.05977488
v -0.99166953 0.10574307 -0.07355229
v -0.98712797 0.12670887 -0.09758708
v -0.98788054 0.10466378 -0.11461911
v -0.98089520 0.12986267 -0.14484577
v -0.98733772 0.05769829 -0.14776716
v -0.98105280 0.07154001 -0.18004840
v -0.97628797 0.01514344 -0.21594553
v -0.95847342 0.03234432 -0.28334174
v -0.93123857 0.00894067 -0.36430040
v -0.88177576 0.00434989 -0.47164880
v -0.86056687 0.02415391 -0.50876443
v -0.97996107 0.15814197 -0.12110913
v -0.98089891 0.17201206 -0.09082501
v -0.98153236 0.17923543 -0.06684977
v -0.98655374 0.14339246 -0.07842395
v -0.98567545 0.15692545 -0.06179242
v -0.98957360 0.13532700 -0.04930206
v -0.99251652 0.11922883 -0.02637131
v -0.98892393 0.14479251 -0.03262794
v -0.99183366 0.12752214 -0.00202242
v -0.95617612 0.28309997 -0.07471033
v -0.91171296 0.39437683 -0.11509300
v -0.91426382 0.34853986 -0.20649852
v -0.88478020 0.40218765 -0.23539135
v -0.89114004 0.33194581 -0.30932412
v -0.82805851 0.45571707 -0.32655942
v -0.84933426 0.38650521 -0.35950667
v -0.81862698 0.43221915 -0.37820164
v -0.80960665 0.36724427 -0.45789598
v -0.73659825 0.48395448 -0.47245219
v -0.70684669 0.41961143 -0.56946818
v -0.60885973 0.60624243 -0.51162481
v -0.62010140 0.44110171 -0.64877079
v -0.34691251 0.63284465 -0.69221338
v -0.14496656 0.32839152 -0.93335079
v 0.13539137 0.57034172 -0.81017251
v 0.29894124 0.30223422 -0.90514563
v 0.53282496 0.30935994 -0.78765093
v 0.53649694 0.20493696 -0.81864026
v 0.78771236 0.27058950 -0.55343523
v 0.80021106 0.19254586 -0.56796862
v 0.87972396 0.19121110 -0.43534362
v 0.81142584 0.11051646 -0.57391134
v 0.89904173 0.09085877 -0.42833241
v 0.82085485 0.02648155 -0.57052260
v 0.92849888 0.17383011 -0.32813551
v -0.50985871 0.71485791 -0.47856270
v -0.67959716 0.63610068 -0.36540885
v -0.75850127 0.61417118 -0.21787517
v -0.69822521 0.58651099 -0.41047096
v -0.77264982 0.56363761 -0.29210425
v -0.79178138 0.57432230 -0.20793304
v -0.85776500 0.49350760 -0.14383830
v -0.79040460 0.50744763 -0.34315809
v -0.80458273 0.53079792 -0.26627090
v -0.91588339 0.28487111 -0.28285345
v -0.92337557 0.21054070 -0.32101428
v -0.92052420 0.14387806 -0.36322761
v -0.88618479 0.27949334 -0.36954024
v -0.88672515 0.19322167 -0.41998084
v -0.84985843 0.17889633 -0.49571842
v -0.75131623 0.20027120 -0.62882062
v -0.64935121 0.16743511 -0.74182781
v -0.61726695 0.04810581 -0.78528170
v -0.43204421 0.08379315 -0.89795128
v -0.36253500 -0.08017120 -0.92851546
v -0.04721365 0.04491782 -0.99787437
v -0.02639599 -0.09106910 -0.99549469
v 0.29853998 0.06248394 -0.95234954
v 0.32002549 -0.04186398 -0.94648354
v 0.55859271 0.03304197 -0.82878369
v 0.57796746 -0.08627712 -0.81148621
v 0.83321634 -0.06046276 -0.54963149
v 0.55460573 0.11695254 -0.82385350
v 0.30678493 0.17053288 -0.93637682
v -0.57527053 -0.18415034 -0.79696454
v -0.55509592 -0.39808736 -0.73033895
v -0.53912185 -0.50822662 -0.67160504
v -0.51154537 -0.59380819 -0.62105810
v -0.34254445 -0.29442473 -0.89217564
v -0.31668493 -0.44553948 -0.83737998
v -0.29711297 -0.57339517 -0.76350629
v -0.30603059 -0.67397930 -0.67238172
v -0.84466853 0.31479666 -0.43294125
v -0.77728268 0.30784414 -0.54869264
v -0.68316038 0.34712972 -0.64248957
v -0.49754867 0.21718993 -0.83980584
v -0.05933038 0.14539988 -0.98759242
v -0.83932062 -0.36534652 -0.40257027
v -0.84491055 -0.32587181 -0.42418596
v -0.85094306 -0.24384046 -0.46522869
v -0.88456923 -0.26443174 -0.38420454
v -0.88126285 -0.17768017 -0.43795610
v -0.90459686 -0.18188617 -0.38551517
v -0.91617120 -0.09858136 -0.38847401
v -0.93512132 -0.12918287 -0.32993925
v -0.94536607 -0.05372505 -0.32155344
v -0.96330361 -0.06707791 -0.25989750
v -0.95591700 -0.01262715 -0.29336538
v -0.97020797 -0.02874261 -0.24056260
v -0.84552581 -0.15647197 -0.51049253
v -0.84698171 -0.04450662 -0.52975574
v -0.87517400 -0.05855422 -0.48025189
v -0.92236427 -0.04928190 -0.38316503
v -0.88609654 -0.38749796 -0.25431918
v -0.89484782 -0.39865699 -0.20079835
v -0.90477607 -0.39972379 -0.14697330
v -0.91098452 -0.39196242 -0.12834587
v -0.92106489 -0.36468427 -0.13654617
v -0.92258087 -0.36389177 -0.12816913
v -0.92505171 -0.35634909 -0.13150917
v -0.92563469 -0.35558303 -0.12946478
v -0.92650879 -0.35268567 -0.13112696
v -0.92697998 -0.35191677 -0.12985644
v -0.92705115 -0.35131463 -0.13097401
v -0.92715264 -0.35115163 -0.13069243
v -0.92722715 -0.35085183 -0.13096868
v -0.92724799 -0.35082616 -0.13088988
v -0.92724236 -0.35081296 -0.13096516
v -0.92724920 -0.35080217 -0.13094567
v -0.92725332 -0.35078502 -0.13096237
v -0.92725782 -0.35078005 -0.13094385
v -0.92725683 -0.35077616 -0.13096129
v -0.92726118 -0.35076654 -0.13095622
v -0.92725896 -0.35076918 -0.13096490
v -0.92726172 -0.35076344 -0.13096074
v -0.92725929 -0.35076640 -0.13096999
v -0.92726143 -0.35076095 -0.13096945
v -0.92726002 -0.35076363 -0.13097221
v -0.92726312 -0.35075591 -0.13097096
v -0.92725847 -0.35076643 -0.13097569
v -0.92726187 -0.35075494 -0.13098246
v -0.92725982 -0.35075829 -0.13098797
v -0.92727239 -0.35072052 -0.13100012
v -0.92726562 -0.35072448 -0.13103743
v -0.92733873 -0.35049229 -0.13114127
v -0.92724928 -0.35067592 -0.13128279
v -0.92768853 -0.34930377 -0.13183648
v -0.92724024 -0.35011456 -0.13283575
v -0.92895335 -0.34550395 -0.13293867
v -0.92773275 -0.34794732 -0.13507258
v -0.92966074 -0.34041927 -0.14087452
v -0.92722814 -0.34567490 -0.14407234
v -0.93212276 -0.31963674 -0.17023369
v -0.92635166 -0.33256271 -0.17684640
v -0.93261623 -0.30343298 -0.19533407
v -0.91776595 -0.31976835 -0.23548646
v -0.93625472 -0.26817077 -0.22696151
v -0.91696344 -0.27343497 -0.29053633
v -0.94371129 -0.20202210 -0.26190854
v -0.92550802 -0.19306597 -0.32582272
v -0.95096195 -0.14721217 -0.27202932
v -0.89938293 -0.28091880 -0.33495518
v -0.90516383 -0.33852848 -0.25705428
v -0.91509122 -0.35799495 -0.18560085
v -0.92100540 -0.34538617 -0.18015950
v -0.92178946 -0.35970970 -0.14461373
v -0.92475878 -0.35146941 -0.14591249
v -0.92479451 -0.35542991 -0.13573760
v -0.92604337 -0.35192500 -0.13635425
v -0.92670343 -0.35141818 -0.13313908
v -0.92734580 -0.34882775 -0.13545838
v -0.87820776 -0.33068414 -0.34554180
v -0.87440186 -0.35693838 -0.32865846
v -0.90644498 -0.37580496 -0.19268662
v -0.91576455 -0.37167939 -0.15241298
v -0.92640114 -0.35243570 -0.13255192
v -0.92706456 -0.35118914 -0.13121545
v -0.92716517 -0.35090342 -0.13126897
v -0.92722117 -0.35085153 -0.13101183
v -0.92723166 -0.35081104 -0.13104603
v -0.92724840 -0.35078631 -0.13099380
v -0.92725493 -0.35076714 -0.13099890
v -0.92725453 -0.35077474 -0.13098137
v -0.92725724 -0.35076870 -0.13097839
v -0.92725591 -0.35077316 -0.13097582
v -0.92725695 -0.35077126 -0.13097358
v -0.92725631 -0.35077334 -0.13097253
v -0.92725726 -0.35077124 -0.13097141
v -0.92725655 -0.35077317 -0.13097126
v -0.92725740 -0.35077215 -0.13096797
v -0.92725673 -0.35077351 -0.13096910
v -0.92725597 -0.35077582 -0.13096830
v -0.92725609 -0.35077488 -0.13096996
v -0.92725575 -0.35077612 -0.13096905
v -0.92725572 -0.35077569 -0.13097038
v -0.92725550 -0.35077656 -0.13096966
v -0.92725551 -0.35077614 -0.13097070
v -0.92725532 -0.35077680 -0.13097025
v -0.92725514 -0.35077705 -0.13097090
v -0.92725485 -0.35077777 -0.13097101
v -0.92725493 -0.35077729 -0.13097169
v -0.92725433 -0.35077871 -0.13097214
v -0.92725457 -0.35077773 -0.13097308
v -0.92725393 -0.35077958 -0.13097265
v -0.92725395 -0.35077885 -0.13097449
v -0.92725158 -0.35078514 -0.13097442
v -0.92725280 -0.35078044 -0.13097832
v -0.92724580 -0.35079800 -0.13098090
v -0.92725486 -0.35077634 -0.13097475
v -0.92725497 -0.35077649 -0.13097354
v -0.92725565 -0.35077474 -0.13097343
v -0.92725548 -0.35077568 -0.13097214
v -0.92725587 -0.35077477 -0.13097178
v -0.92725575 -0.35077520 -0.13097147
v -0.92725606 -0.35077450 -0.13097119
v -0.92725498 -0.35077699 -0.13097212
v -0.92725516 -0.35077648 -0.13097226
v -0.92725524 -0.35077650 -0.13097161
v -0.92725532 -0.35077630 -0.13097163
v -0.92725543 -0.35077601 -0.13097163
v -0.92725173 -0.35078652 -0.13096963
v -0.92725378 -0.35078049 -0.13097127
v -0.92725281 -0.35075517 -0.13104592
v -0.92726536 -0.35075514 -0.13095715
v -0.92726464 -0.35075081 -0.13097388
v -0.92728161 -0.35071995 -0.13093636
v -0.92727929 -0.35071175 -0.13097475
v -0.92739499 -0.35044319 -0.13087441
v -0.92726287 -0.35076601 -0.13094573
v -0.92728662 -0.35072746 -0.13088076
v -0.92740365 -0.35047052 -0.13073976
v -0.92736254 -0.35063931 -0.13057867
v -0.92782481 -0.34958906 -0.13011001
v -0.92774005 -0.35007708 -0.12940032
v -0.92968180 -0.34554639 -0.12763010
v -0.92959270 -0.34648879 -0.12570973
v -0.93241264 -0.34194547 -0.11696141
v -0.92915021 -0.35173092 -0.11386501
v -0.93887445 -0.32993563 -0.09827131
v -0.93020042 -0.35373063 -0.09798890
v -0.94066611 -0.33233330 -0.06857002
v -0.92929949 -0.36255675 -0.07039224
v -0.93983986 -0.34160963 -0.00197522
v -0.92974806 -0.36819108 -0.00197040
v -0.92962474 -0.36246934 0.06643652
v -0.91442620 -0.40474793 -0.00195897
v -0.91778419 -0.39029168 0.07310665
v -0.89738435 -0.43309072 0.08446155
v -0.89952848 -0.42649348 0.09461413
v -0.89213859 -0.44135826 0.09639305
v -0.89245647 -0.44013109 0.09902562
v -0.89086245 -0.44365315 0.09765234
v -0.89056544 -0.44405284 0.09854073
v -0.88977873 -0.44588880 0.09734981
v -0.88957240 -0.44576976 0.09975100
v -0.88877631 -0.44754162 0.09890995
v -0.88706885 -0.45013438 0.10241040
v -0.88711426 -0.45094865 0.09835446
v -0.87719074 -0.46872067 0.10410255
v -0.88263848 -0.46176096 0.08789837
v -0.86303599 -0.50513877 -0.00192253
v -0.89182538 -0.44541546 0.07907312
v -0.89499385 -0.44607426 -0.00193955
v -0.88224787 -0.46175866 -0.09174768
v -0.87672972 -0.46871318 -0.10794882
v -0.88668056 -0.45094549 -0.10220451
v -0.86154172 -0.49535993 -0.11119535
v -0.84261647 -0.52608906 -0.11501215
v -0.83847901 -0.53638979 -0.09611938
v -0.83029007 -0.54511929 -0.11603176
v -0.82915407 -0.54768197 -0.11201784
v -0.82786983 -0.54887684 -0.11561038
v -0.82739217 -0.54983466 -0.11447288
v -0.82626309 -0.55123087 -0.11590440
v -0.82659861 -0.55122528 -0.11351404
v -0.82484729 -0.55356941 -0.11483839
v -0.82702505 -0.55147902 -0.10908925
v -0.82253747 -0.55735948 -0.11305985
v -0.82701368 -0.55557010 -0.08596649
v -0.81040601 -0.57696379 -0.10175893
v -0.77298549 -0.63442059 -0.00198619
v -0.79841695 -0.58918194 -0.12407664
v -0.77094249 -0.62153965 -0.13905445
v -0.76794215 -0.60385510 -0.21359745
v -0.71908743 -0.68013828 -0.14256647
v -0.72763040 -0.64161189 -0.24266888
v -0.70308310 -0.68044782 -0.20655487
v -0.68834629 -0.68065334 -0.25077962
v -0.66083117 -0.71030441 -0.24242486
v -0.65390704 -0.69376701 -0.30181603
v -0.61564476 -0.74688031 -0.25129929
v -0.60216728 -0.73428520 -0.31340039
v -0.53846978 -0.78245862 -0.31274399
v -0.54456442 -0.76754264 -0.33812408
v -0.48967172 -0.79785858 -0.35162947
v -0.42401407 -0.82761672 -0.36778067
v -0.36267700 -0.84117732 -0.40110610
v -0.30880140 -0.86190033 -0.40220581
v -0.29458802 -0.90973911 -0.29256220
v -0.23824765 -0.87128866 -0.42906191
v -0.04063871 -0.94630762 -0.32070296
v -0.04253407 -0.88863046 -0.45664731
v 0.34410022 -0.83472449 -0.42991868
v 0.61466633 -0.74638329 -0.25514170
v 0.34843521 -0.90190929 -0.25524994
v 0.62478760 -0.78079473 0.00021609
v 0.33297611 -0.94293525 0.00018531
v 0.34760112 -0.90209283 0.25573813
v -0.04784697 -0.97403657 0.22127681
v -0.04226523 -0.94649037 0.31995255
v -0.29633632 -0.90986873 0.29038540
v -0.24123624 -0.87130329 0.42735893
v -0.31166093 -0.86165342 0.40052571
v -0.36575885 -0.84060306 0.39950840
v -0.42540608 -0.82830713 0.36460522
v -0.49138594 -0.79807678 0.34873099
v -0.49841264 -0.83471437 0.23417248
v -0.54025265 -0.78234459 0.30994197
v -0.55300430 -0.80473895 0.21582740
v -0.61715130 -0.74669876 0.24812342
v -0.63073598 -0.74647216 0.21201753
v -0.66221403 -0.71017118 0.23901771
v -0.66679030 -0.72077965 0.18938688
v -0.70417148 -0.68038833 0.20301293
v -0.71971091 -0.68021279 0.13902073
v -0.72896954 -0.64145205 0.23904534
v -0.76903740 -0.60377543 0.20984923
v -0.77762946 -0.56744382 0.27073961
v -0.82576850 -0.53374698 0.18226505
v -0.82958078 -0.50298734 0.24248602
v -0.85771439 -0.48805888 0.16163093
v -0.85544935 -0.46299395 0.23204097
v -0.87816017 -0.42990304 0.20980486
v -0.87255318 -0.41201032 0.26248513
v -0.88720948 -0.38743867 0.25050074
v -0.04661969 -0.97388701 -0.22219518
v -0.28213537 -0.93746326 -0.20386825
v -0.06870833 -0.99763665 -0.00052730
v -0.28417995 -0.95877038 -0.00105504
v -0.28346604 -0.93750371 0.20182617
v -0.49001372 -0.87171377 -0.00128657
v -0.49647928 -0.85023996 0.17492950
v -0.65977030 -0.73670373 0.14822538
v -0.66234531 -0.74919690 -0.00163941
v -0.49531802 -0.85043498 -0.17725803
v -0.49663699 -0.83514025 -0.23641588
v -0.55150703 -0.80503877 -0.21852362
v -0.62945939 -0.74660551 -0.21531625
v -0.66576743 -0.72080260 -0.19286614
v 0.75585171 -0.61603262 -0.22179271
v 0.77564849 -0.63116449 0.00089495
v 0.85888409 -0.45533650 -0.23449263
v 0.87944786 -0.42626030 -0.21183395
v 0.88067289 -0.41208290 -0.23367273
v 0.89770704 -0.37128212 -0.23721648
v 0.89831574 -0.35481465 -0.25910500
v 0.88719927 -0.37584436 -0.26761627
v -0.72608518 -0.68760301 -0.00155453
v -0.77153322 -0.62161876 0.13537585
v -0.65906575 -0.73662033 -0.15173276
v -0.82848452 -0.56000867 -0.00192176
v -0.82737955 -0.55559953 0.08217200
v -0.81084060 -0.57700682 0.09798288
v -0.79894508 -0.58924252 0.12033288
v -0.82018357 -0.56056095 0.11432555
v -0.80920368 -0.57064214 0.13984615
v -0.82241630 -0.55621236 0.11941209
v -0.82656151 -0.54944655 0.12208420
v -0.82669746 -0.55055956 0.11599777
v -0.82945590 -0.54636744 0.11612716
v -0.82794729 -0.54923412 0.11333653
v -0.83079627 -0.54514442 0.11222802
v -0.82837389 -0.54890364 0.11181006
v -0.82964096 -0.54770885 0.10821690
v -0.82789069 -0.54986213 0.11067358
v -0.82709244 -0.55125355 0.10971611
v -0.82676841 -0.55125873 0.11210621
v -0.82534722 -0.55359871 0.11104248
v -0.82413448 -0.55510096 0.11254014
v -0.82302842 -0.55739110 0.10926750
v -0.82749783 -0.55150789 0.10529193
v -0.83889183 -0.53641339 0.09231023
v -0.86202121 -0.49537201 0.10735920
v -0.88000307 -0.45962212 0.11975855
v -0.88533191 -0.43771913 0.15680998
v -0.88765400 -0.44341682 0.12430567
v -0.90538526 -0.39972964 0.14315635
v -0.89578699 -0.42935181 0.11498998
v -0.89973424 -0.42315089 0.10687196
v -0.89153363 -0.44141666 0.10158310
v -0.88915879 -0.44551386 0.10447030
v -0.92319140 -0.37059431 0.10187001
v -0.89573010 -0.39859526 0.19695027
v -0.90729775 -0.37570165 0.18883608
v -0.91646435 -0.37154160 0.14849220
v -0.91592076 -0.35785788 0.18173304
v -0.92248440 -0.35950193 0.14064458
v -0.92181479 -0.34523077 0.17627593
v -0.92543177 -0.35131520 0.14196363
v -0.92714701 -0.33239469 0.17295140
v -0.92786241 -0.34557753 0.14016959
v -0.93288994 -0.31945828 0.16632127
v -0.93028597 -0.34030769 0.13696239
v -0.93948157 -0.30794374 0.15015001
v -0.93290624 -0.33599110 0.12959911
v -0.93943095 -0.31620181 0.13223427
v -0.93445064 -0.33391349 0.12370845
v -0.94142717 -0.31203866 0.12785444
v -0.93481963 -0.33530822 0.11696439
v -0.94458959 -0.31246393 0.10058232
v -0.93931107 -0.32985376 0.09429322
v -0.94097211 -0.33225657 0.06463024
v -0.93065480 -0.35361498 0.09401107
v -0.94919443 -0.30928128 0.05809499
v -0.94910767 -0.31494557 -0.00198040
v -0.95774437 -0.28283884 0.05222948
v -0.95650370 -0.29171328 -0.00200814
v -0.96572744 -0.25563547 0.04495577
v -0.96672417 -0.25581312 -0.00200739
v -0.97228840 -0.22976909 0.04314438
v -0.97425778 -0.22542791 -0.00201040
v -0.97906312 -0.19830595 0.04593651
v -0.98062962 -0.19586087 -0.00201428
v -0.98880120 -0.14015143 0.05128127
v -0.99009368 -0.14039334 -0.00205486
v -0.99586047 -0.09087178 -0.00206086
v -0.98857041 -0.14021372 -0.05539552
v -0.99403207 -0.09223221 -0.05825347
v -0.98769003 -0.13995571 -0.06986281
v -0.99286240 -0.09260194 -0.07516077
v -0.98625258 -0.13555649 -0.09450018
v -0.99092896 -0.09378810 -0.09624755
v -0.98368598 -0.13326080 -0.12084471
v -0.98672686 -0.09923621 -0.12853904
v -0.98132446 -0.13783027 -0.13418313
v -0.98080085 -0.09548313 -0.17003726
v -0.97181483 -0.15300474 -0.17934740
v -0.96291966 -0.14427476 -0.22797044
v -0.96249049 -0.19937355 -0.18401696
v -0.95522933 -0.20196974 -0.21620626
v -0.94792774 -0.25595523 -0.18952552
v -0.96788007 -0.20452250 -0.14621465
v -0.97209983 -0.20120203 -0.12058052
v -0.97447072 -0.20192785 -0.09814249
v -0.97753459 -0.20006651 -0.06632885
v -0.97885693 -0.19835175 -0.04995694
v -0.97208920 -0.22982351 -0.04715662
v -0.96551730 -0.25569382 -0.04895919
v -0.95749854 -0.28290553 -0.05622277
v -0.94892003 -0.30934715 -0.06208951
v -0.95543918 -0.28326825 -0.08303658
v -0.94412978 -0.31255927 -0.10452591
v -0.94843807 -0.29473672 -0.11659972
v -0.94084338 -0.31216424 -0.13178478
v -0.94437330 -0.29882381 -0.13734412
v -0.93877898 -0.30813514 -0.15409986
v -0.94961458 -0.27501631 -0.15032691
v -0.94178772 -0.29165670 -0.16724910
v -0.93231441 -0.33610015 -0.13351600
v -0.93882410 -0.31633569 -0.13616551
v -0.93389189 -0.33400450 -0.12762027
v -0.93430100 -0.33536946 -0.12086757
v -0.92960802 -0.34497440 -0.12969809
v -0.92800445 -0.34886862 -0.13076098
v -0.97043888 -0.23191643 -0.06680685
v -0.96351202 -0.25779408 -0.07201937
v -0.96641252 -0.23714517 -0.09904044
v -0.95900451 -0.26433711 -0.10215789
v -0.96240072 -0.23906470 -0.12896867
v -0.95406822 -0.26823870 -0.13342351
v -0.95449881 -0.24733306 -0.16660845
v -0.95997264 -0.23883553 -0.14632200
v -0.95580529 -0.28317175 0.07905703
v -0.96382692 -0.25770180 0.06802535
v -0.97072753 -0.23182775 0.06280098
v -0.97781663 -0.19998509 0.06229448
v -0.94497367 -0.29870116 0.13342555
v -0.94895334 -0.29461393 0.11265077
v -0.95466953 -0.26804714 0.12944812
v -0.95945775 -0.26420015 0.09817893
v -0.96297661 -0.23886234 0.12498336
v -0.96684964 -0.23699353 0.09505701
v -0.97263143 -0.20095472 0.11664180
v -0.97489905 -0.20174837 0.09417773
v -0.98665678 -0.13545584 0.09033338
v -0.98798485 -0.13986122 0.06576302
v -0.99427322 -0.09214754 0.05412568
v -0.99736255 -0.04963968 0.05295135
v -0.99893107 -0.04617860 -0.00206046
v -0.99881677 -0.00881451 0.04782640
v -0.99997561 -0.00667490 -0.00205613
v -0.99974628 0.02243122 -0.00205102
v -0.99861045 -0.00890713 -0.05194059
v -0.99864294 0.03058221 -0.04215461
v -0.99732411 0.03427792 -0.06457285
v -0.99792486 0.04924075 -0.04148890
v -0.99639405 0.06677412 -0.05234618
v -0.99818003 0.06026988 -0.00204257
v -0.99731402 0.07321605 -0.00203923
v -0.99659346 0.06687251 0.04826524
v -0.99557754 0.08209083 0.04567773
v -0.99327531 0.08362142 0.08007256
v -0.99194710 0.10588467 0.06949386
v -0.98831872 0.10488885 0.11056414
v -0.98749509 0.12689956 0.09354119
v -0.98144634 0.13015398 0.14079423
v -0.98041195 0.15838113 0.11708039
v -0.98177366 0.07192421 0.17591872
v -0.97716940 0.01557819 0.21188977
v -0.97123290 -0.02822635 0.23645280
v -0.95718448 -0.01195892 0.28923148
v -0.96444204 -0.06651937 0.25578647
v -0.94680679 -0.05295060 0.31741634
v -0.93661644 -0.12863745 0.32588656
v -0.92704937 -0.19245654 0.32177622
v -0.91836093 -0.27288309 0.28661478
v -0.91881195 -0.31950767 0.23173143
v -0.93349360 -0.30321060 0.19144982
v -0.94252860 -0.29148867 0.16332239
v -0.99713025 -0.04973458 -0.05707651
v -0.82495608 -0.55341889 0.11478242
v -0.82396334 -0.54654114 0.14959009
v -0.83728554 -0.53173205 0.12733402
v -0.84311726 -0.52610769 0.11119345
v -0.89162655 -0.44285172 0.09425735
v -0.89072224 -0.44411182 0.09684307
v -0.91742160 -0.39038447 -0.07705563
v -0.92725988 -0.35080347 -0.13086651
v -0.92729839 -0.35080291 -0.13059484
v -0.92735455 -0.35108777 -0.12942536
v -0.92781568 -0.35110823 -0.12602012
v -0.83042160 -0.46193796 -0.31146956
v -0.82839616 -0.50304169 -0.24639168
v -0.77613592 -0.56762978 -0.27460783
v -0.82489749 -0.53376842 -0.18610589
v -0.82326761 -0.54653249 -0.15340362
v -0.80855947 -0.57061652 -0.14362581
v -0.82600701 -0.54942258 -0.12588583
v -0.82187572 -0.55618392 -0.12320612
v -0.82617314 -0.55053300 -0.11979715
v -0.82443797 -0.55339054 -0.11857884
v -0.82362749 -0.55507115 -0.11633475
v -0.81966874 -0.56052838 -0.11811472
v -0.59719559 -0.70971308 -0.37371749
v -0.83670579 -0.53171663 -0.13115199
v -0.82893075 -0.54634284 -0.11993047
v -0.82743586 -0.54920751 -0.11713676
v -0.99575811 -0.05584908 -0.07312094
v -0.99624537 -0.01419026 -0.08540375
v -0.99339776 0.04450848 -0.10573499
v -0.99295253 0.08345927 -0.08414175
v -0.99039838 -0.00579513 -0.13812122
v -0.99299992 -0.05419220 -0.10494935
v -0.98628192 -0.04688134 -0.15827228
v -0.97944076 -0.04203221 -0.19730457
v -0.97279552 -0.07807931 -0.21811122
v -0.98374902 -0.00550904 -0.17946454
v -0.99539003 0.08199733 -0.04975063
v -0.99462231 0.09647533 0.03766921
v -0.99076247 0.12362959 0.05572660
v -0.98684440 0.14354280 0.07438807
v -0.98590130 0.15704047 0.05776608
v -0.98123209 0.17218589 0.08680790
v -0.98177509 0.17935718 0.06283850
v -0.99905630 0.04338564 -0.00204657
v -0.99880516 0.03065878 0.03805649
v -0.99808272 0.04931711 0.03739922
v -0.99757666 0.03439823 0.06047783
v 0.88173636 -0.38490464 -0.27274421
v 0.88177137 -0.38480888 -0.27276617
v 0.88178678 -0.38484972 -0.27265870
v 0.88180257 -0.38476662 -0.27272492
v 0.88189895 -0.38421969 -0.27318397
v 0.88176900 -0.38490748 -0.27263466
v 0.88177225 -0.38490072 -0.27263371
v 0.88177414 -0.38490129 -0.27262678
v 0.88177996 -0.38489046 -0.27262326
v 0.88177927 -0.38489370 -0.27262092
v 0.88178153 -0.38488987 -0.27261899
v 0.88178101 -0.38489187 -0.27261786
v 0.88178258 -0.38488950 -0.27261613
v 0.88178218 -0.38489060 -0.27261586
v 0.88178286 -0.38488950 -0.27261522
v 0.88178293 -0.38489067 -0.27261335
v 0.88178358 -0.38488848 -0.27261434
v 0.88176867 -0.38491868 -0.27261994
v 0.88177521 -0.38490606 -0.27261659
v 0.88177897 -0.38489801 -0.27261579
v 0.88178213 -0.38489594 -0.27260850
v 0.88178245 -0.38489353 -0.27261085
v 0.88178411 -0.38489116 -0.27260884
v 0.88178293 -0.38489217 -0.27261123
v 0.88178347 -0.38489090 -0.27261128
v 0.88178062 -0.38489478 -0.27261501
v 0.88178211 -0.38489207 -0.27261400
v 0.88178388 -0.38488980 -0.27261151
v -0.92651554 -0.35402351 -0.12742178
v -0.92530916 -0.35945351 -0.12081444
v -0.92261422 -0.37088669 -0.10595315
v 0.88455464 -0.38047117 -0.26982361
v 0.88430523 -0.38342547 -0.26643793
v 0.88129957 -0.39122986 -0.26504767
v 0.88735208 -0.38116588 -0.25945877
v 0.86754775 -0.42662565 -0.25563931
v 0.88150629 -0.38493000 -0.27345120
v 0.88170325 -0.38455255 -0.27334723
v 0.88176528 -0.38344473 -0.27470007
v 0.85012539 -0.33458056 -0.40662350
v 0.84544926 -0.38521873 -0.36989468
v 0.83232007 -0.36717333 -0.41524337
v 0.81788314 -0.39665770 -0.41680913
v 0.81237859 -0.35508555 -0.46255301
v 0.75906817 -0.43087952 -0.48801471
v 0.75784320 -0.34733876 -0.55229473
v 0.72685585 -0.44538114 -0.52279654
v 0.72740069 -0.36603888 -0.58043413
v 0.60856731 -0.51466297 -0.60396015
v 0.59268430 -0.42580282 -0.68367923
v 0.35126226 -0.60374516 -0.71561624
v 0.32849174 -0.45045932 -0.83016840
v -0.05062313 -0.58945999 -0.80620978
v -0.02205254 -0.42919434 -0.90294291
v -0.05837146 -0.69916729 -0.71257132
v 0.60162919 -0.59345655 -0.53465095
v 0.72997430 -0.50052080 -0.46542072
v 0.77792091 -0.46579218 -0.42175431
v 0.88180585 -0.25108753 -0.39921611
v 0.85131562 -0.28698801 -0.43920336
v 0.83015643 -0.32449722 -0.45336724
v 0.84546385 -0.25641799 -0.46844497
v 0.82699090 -0.28451612 -0.48490888
v 0.84445159 -0.22256521 -0.48720247
v 0.80013663 -0.31474588 -0.51060396
v 0.83621589 -0.16227993 -0.52383987
v 0.75033089 -0.18733580 -0.63396281
v 0.88464387 -0.20492120 -0.41882277
v 0.58896765 -0.28742749 -0.75531619
v 0.92947160 0.36888748 -0.00213561
v 0.92858249 0.37111960 0.00219195
v 0.93830491 0.34580203 0.00220115
v 0.92944310 0.36890799 0.00651246
v 0.93788376 0.34685401 0.00814558
v 0.93044747 0.36567482 0.02343984
v 0.93831032 0.34547453 0.01486925
v 0.93905907 0.34221936 0.03246504
v 0.94409372 0.32882359 0.02370840
v 0.94119460 0.33534652 0.04117579
v 0.94562881 0.32375672 0.03110844
v 0.94725550 0.31820281 0.03813120
v 0.94939712 0.31325956 0.02266186
v 0.95102885 0.30778893 0.02846222
v 0.95061852 0.30962592 0.02135951
v 0.95200388 0.30525326 0.02256236
v 0.95121602 0.30786808 0.02013262
v 0.95241442 0.30417328 0.01963135
v 0.95157047 0.30686409 0.01865655
v 0.95181660 0.30615550 0.01771899
v 0.95136556 0.30761966 0.01654427
v 0.95165998 0.30670951 0.01650959
v 0.95150066 0.30725226 0.01557411
v 0.95176395 0.30642023 0.01587530
v 0.95170644 0.30663603 0.01513900
v 0.95189525 0.30603352 0.01545691
v 0.95201646 0.30568657 0.01484501
v 0.95198095 0.30576146 0.01556308
v 0.95207828 0.30547094 0.01531188
v 0.95208682 0.30542921 0.01561035
v 0.95213754 0.30528565 0.01532231
v 0.95211975 0.30532370 0.01566586
v 0.95215508 0.30521446 0.01564738
v 0.95212908 0.30528935 0.01576812
v 0.95216649 0.30517655 0.01569223
v 0.95213587 0.30526688 0.01579283
v 0.95218274 0.30512128 0.01578075
v 0.95214048 0.30524963 0.01584813
v 0.95216649 0.30516407 0.01593330
v 0.95214034 0.30524632 0.01592043
v 0.95215539 0.30519483 0.01600713
v 0.95213388 0.30526394 0.01596879
v 0.95212422 0.30529116 0.01602398
v 0.95211652 0.30531836 0.01596351
v 0.95210592 0.30535132 0.01596521
v 0.95211189 0.30533358 0.01594825
v 0.95210698 0.30534994 0.01592816
v 0.95211059 0.30533895 0.01592340
v 0.95210838 0.30534699 0.01590138
v 0.95211345 0.30533094 0.01590600
v 0.95211641 0.30532457 0.01585062
v 0.95212249 0.30530485 0.01586556
v 0.95210888 0.30535447 0.01572691
v 0.95210478 0.30536111 0.01584545
v 0.95207914 0.30544617 0.01574634
v 0.95208744 0.30541366 0.01587471
v 0.95205668 0.30550611 0.01594058
v 0.95209058 0.30540101 0.01592980
v 0.95206482 0.30547434 0.01606274
v 0.95210728 0.30534323 0.01603862
v 0.95214147 0.30523358 0.01609618
v 0.95219630 0.30506349 0.01607679
v 0.95222439 0.30498234 0.01595267
v 0.95223278 0.30496573 0.01576809
v 0.95224123 0.30494728 0.01561396
v 0.95220682 0.30506279 0.01545545
v 0.95230838 0.30475268 0.01531498
v 0.95239615 0.30452948 0.01426041
v 0.95221486 0.30507322 0.01473755
v 0.95217419 0.30523578 0.01397998
v 0.95192325 0.30600040 0.01434832
v 0.95135320 0.30777219 0.01426084
v 0.95104909 0.30866347 0.01524749
v 0.95087893 0.30912489 0.01646393
v 0.95210254 0.30536512 0.01590267
v 0.95210237 0.30536451 0.01592473
v 0.95202625 0.30561026 0.01576013
v 0.95198819 0.30571973 0.01593531
v 0.95197299 0.30575969 0.01607613
v 0.95188846 0.30603474 0.01584578
v 0.95188740 0.30602068 0.01617803
v 0.95198488 0.30569197 0.01664975
v 0.95204227 0.30553319 0.01627863
v 0.95211825 0.30530121 0.01618682
v 0.94837005 0.31686915 0.01371833
v 0.94347891 0.33117082 0.01316972
v 0.94812446 0.31772830 0.01042807
v 0.94351126 0.33124327 0.00802518
v 0.94787166 0.31857384 0.00707212
v 0.94777610 0.31892814 0.00230308
v 0.94905468 0.31499768 0.00846611
v 0.94859894 0.31647327 0.00217091
v 0.95022762 0.31154866 0.00221403
v 0.94908968 0.31498136 -0.00394088
v 0.95054222 0.31056737 -0.00416956
v 0.95038808 0.31100412 -0.00624030
v 0.95084453 0.30960857 -0.00609998
v 0.95099107 0.30908189 -0.00918581
v 0.95142775 0.30777650 -0.00767187
v 0.95142263 0.30773208 -0.00979545
v 0.95175119 0.30674715 -0.00870947
v 0.95199570 0.30595150 -0.00989257
v 0.95218965 0.30537855 -0.00887754
v 0.95224723 0.30517950 -0.00952275
v 0.95262529 0.30405237 -0.00756386
v 0.95247493 0.30445905 -0.00980826
v 0.95304832 0.30268510 -0.00897940
v 0.95287996 0.30318416 -0.00995714
v 0.95324443 0.30202141 -0.01039798
v 0.95249977 0.30434003 -0.01101495
v 0.95334611 0.30164948 -0.01178078
v 0.95258225 0.30407318 -0.01124973
v 0.95258459 0.30403472 -0.01206231
v 0.95254035 0.30418810 -0.01168268
v 0.95234023 0.30480319 -0.01196223
v 0.95235061 0.30478014 -0.01172104
v 0.95225602 0.30507164 -0.01182203
v 0.95228055 0.30500102 -0.01166731
v 0.95222251 0.30518155 -0.01168385
v 0.95223752 0.30513826 -0.01159133
v 0.95220535 0.30523804 -0.01160651
v 0.95221526 0.30520927 -0.01154972
v 0.95219722 0.30526582 -0.01154258
v 0.95220500 0.30524334 -0.01149537
v 0.95219281 0.30528018 -0.01152655
v 0.95219552 0.30527276 -0.01149961
v 0.95219151 0.30528521 -0.01150088
v 0.95219448 0.30527661 -0.01148336
v 0.95218933 0.30529286 -0.01147830
v 0.95220322 0.30525089 -0.01144197
v 0.95219692 0.30527112 -0.01142624
v 0.95221711 0.30521035 -0.01136750
v 0.95221014 0.30523306 -0.01134174
v 0.95224820 0.30511715 -0.01126455
v 0.95223633 0.30515591 -0.01121803
v 0.95232397 0.30488351 -0.01118483
v 0.95228803 0.30500167 -0.01102217
v 0.95239034 0.30468713 -0.01088059
v 0.95221688 0.30522867 -0.01088447
v 0.95229287 0.30501209 -0.01029130
v 0.95209243 0.30563361 -0.01039756
v 0.95178143 0.30659080 -0.01068617
v 0.95157690 0.30720968 -0.01111851
v 0.95112246 0.30862568 -0.01078176
v 0.95144610 0.30757793 -0.01208839
v 0.95095881 0.30908464 -0.01200139
v 0.95166127 0.30682114 -0.01419919
v 0.95131837 0.30781084 -0.01567952
v 0.95250420 0.30414950 -0.01512750
v 0.95211816 0.30519523 -0.01807971
v 0.95301271 0.30228626 -0.01974319
v 0.95117927 0.30770451 -0.02399871
v 0.95291778 0.30169017 -0.03050825
v 0.94745461 0.31811812 -0.03362477
v 0.95104819 0.30603643 -0.04300058
v 0.94390460 0.32671113 -0.04799933
v 0.94929294 0.30912332 -0.05732086
v 0.93687698 0.34266502 -0.06958601
v 0.94422946 0.31616746 -0.09202641
v 0.92447952 0.36614529 -0.10618491
v 0.95628886 0.28470188 -0.06675668
v 0.96342631 0.26416918 -0.04499313
v 0.96445831 0.26286285 -0.02689416
v 0.96305928 0.26852581 -0.02026610
v 0.96403801 0.26553140 -0.01112627
v 0.96223044 0.27191658 -0.01318932
v 0.96107403 0.27624659 -0.00495273
v 0.96045929 0.27834024 -0.00668300
v 0.95994997 0.28016600 -0.00175193
v 0.95959613 0.28136596 -0.00290795
v 0.95950587 0.28168853 -0.00021992
v 0.95915289 0.28288638 -0.00101599
v 0.95921424 0.28267955 0.00055284
v 0.95900119 0.28340204 -0.00005213
v 0.95870269 0.28441003 -0.00028169
v 0.95853038 0.28499031 -0.00018137
v 0.95835857 0.28556757 -0.00005402
v 0.95839360 0.28544925 -0.00065410
v 0.95830131 0.28575401 -0.00180472
v 0.95849024 0.28511941 -0.00183907
v 0.95820921 0.28605110 -0.00314337
v 0.95855644 0.28485429 -0.00525146
v 0.95826424 0.28582332 -0.00588786
v 0.95840135 0.28526132 -0.00963524
v 0.95771304 0.28758326 -0.00903321
v 0.95808750 0.28624599 -0.01147071
v 0.95726754 0.28901869 -0.01034683
v 0.95732526 0.28868975 -0.01365902
v 0.95675987 0.29064943 -0.01155208
v 0.95629425 0.29203285 -0.01476919
v 0.95620180 0.29247639 -0.01164838
v 0.95554624 0.29457952 -0.01242147
v 0.95614862 0.29269431 -0.01048103
v 0.95533356 0.29535381 -0.01019397
v 0.95574997 0.29405881 -0.00845058
v 0.95538658 0.29525634 -0.00775718
v 0.95541914 0.29516879 -0.00704689
v 0.95492385 0.29678815 -0.00610228
v 0.95499421 0.29656639 -0.00586737
v 0.95490790 0.29686221 -0.00487052
v 0.95504229 0.29643153 -0.00475072
v 0.95512996 0.29615809 -0.00414093
v 0.95526133 0.29571763 -0.00518469
v 0.95534209 0.29547227 -0.00419788
v 0.95534391 0.29545184 -0.00511987
v 0.95542366 0.29520541 -0.00440363
v 0.95552688 0.29485925 -0.00513865
v 0.95554089 0.29481831 -0.00487647
v 0.95559615 0.29464367 -0.00459314
v 0.95555211 0.29479621 -0.00392065
v 0.95552189 0.29489717 -0.00368474
v 0.95582997 0.29389729 -0.00366800
v 0.95596695 0.29345277 -0.00355835
v 0.95588434 0.29371095 -0.00436066
v 0.95599266 0.29335918 -0.00429258
v 0.95591742 0.29359215 -0.00505338
v 0.95613566 0.29288188 -0.00497993
v 0.95600910 0.29328243 -0.00565787
v 0.95626513 0.29245041 -0.00545595
v 0.95615122 0.29280550 -0.00630679
v 0.95647199 0.29176647 -0.00580251
v 0.95638018 0.29205029 -0.00660122
v 0.95725759 0.28916967 -0.00623039
v 0.95721916 0.28924514 -0.00829071
v 0.95722255 0.28930192 -0.00542053
v 0.95777617 0.28750513 -0.00236822
v 0.95639845 0.29203558 -0.00415027
v 0.95689365 0.29041892 -0.00337448
v 0.95630712 0.29234758 -0.00309499
v 0.95664305 0.29125558 -0.00206468
v 0.95614133 0.29289955 -0.00190127
v 0.95632311 0.29230935 -0.00116524
v 0.95596557 0.29347875 -0.00019983
v 0.95602102 0.29329686 0.00087268
v 0.95537647 0.29537042 -0.00348161
v 0.95565729 0.29446285 -0.00328285
v 0.95530042 0.29562307 -0.00284677
v 0.95563796 0.29453106 -0.00274778
v 0.95535386 0.29545388 -0.00245012
v 0.95559022 0.29468899 -0.00239193
v 0.95553283 0.29488218 -0.00122853
v 0.95580361 0.29399724 -0.00225304
v 0.95585952 0.29382014 -0.00151690
v 0.95593400 0.29356798 -0.00283478
v 0.95698567 0.28997867 -0.00952866
v 0.95855725 0.28489951 -0.00050998
v 0.95872337 0.28433578 -0.00163472
v 0.95891730 0.28365066 -0.00446162
v 0.95892889 0.28364309 -0.00140746
v 0.95933370 0.28225316 -0.00346581
v 0.95926733 0.28235976 -0.00889732
v 0.95890699 0.28342374 -0.01297594
v 0.95816151 0.28579879 -0.01567071
v 0.95649501 0.29121231 -0.01768282
v 0.95497568 0.29627122 -0.01564654
v 0.95544628 0.29483197 -0.01401861
v 0.95480485 0.29694530 -0.01308360
v 0.95503911 0.29624476 -0.01180435
v 0.95506404 0.29623732 -0.00980435
v 0.95478492 0.29722882 -0.00638594
v 0.95460149 0.29784893 -0.00469125
v 0.95485065 0.29705136 -0.00455255
v 0.95490284 0.29689696 -0.00357295
v 0.95495528 0.29672431 -0.00388585
v 0.95506012 0.29639263 -0.00340275
v 0.95522057 0.29586926 -0.00387928
v 0.95502302 0.29651589 -0.00305770
v 0.95518215 0.29601428 -0.00161549
v 0.95511458 0.29623644 -0.00034507
v 0.95558756 0.29470732 -0.00014098
v 0.95490681 0.29689722 0.00223948
v 0.95413704 0.29936181 0.00223790
v 0.95363639 0.30093302 0.00411759
v 0.95307367 0.30273022 0.00223508
v 0.95340589 0.30163550 0.00576532
v 0.95270910 0.30387561 0.00223473
v 0.95269178 0.30391165 0.00400974
v 0.95209285 0.30580095 0.00223347
v 0.95220783 0.30542213 0.00419184
v 0.95156403 0.30742070 0.00429042
v 0.95217284 0.30552012 0.00493372
v 0.95167712 0.30705154 0.00547817
v 0.95220355 0.30541037 0.00573586
v 0.95174999 0.30681438 0.00607359
v 0.95222197 0.30533098 0.00680477
v 0.95180592 0.30662144 0.00698428
v 0.95197330 0.30606666 0.00836816
v 0.95179119 0.30662325 0.00870084
v 0.95200943 0.30593350 0.00909643
v 0.95196978 0.30604515 0.00948186
v 0.95214323 0.30550885 0.00936073
v 0.95214604 0.30549562 0.00950473
v 0.95219781 0.30533694 0.00941679
v 0.95220784 0.30530393 0.00947270
v 0.95223348 0.30522693 0.00937682
v 0.95224383 0.30519210 0.00945948
v 0.95224911 0.30517873 0.00935879
v 0.95226797 0.30512051 0.00933705
v 0.95225245 0.30516936 0.00932408
v 0.95225247 0.30516985 0.00930553
v 0.95224460 0.30519401 0.00931819
v 0.95224439 0.30519493 0.00930972
v 0.95224211 0.30520199 0.00931207
v 0.95224066 0.30520696 0.00929736
v 0.95224010 0.30520836 0.00930860
v 0.95223897 0.30521195 0.00930690
v 0.95223939 0.30521047 0.00931162
v 0.95223904 0.30521156 0.00931172
v 0.95223943 0.30521032 0.00931323
v 0.95223892 0.30521189 0.00931301
v 0.95223907 0.30521142 0.00931403
v 0.95223779 0.30521533 0.00931665
v 0.95223928 0.30521072 0.00931505
v 0.95223818 0.30521398 0.00932035
v 0.95223961 0.30520955 0.00931990
v 0.95223973 0.30520882 0.00933138
v 0.95224093 0.30520547 0.00931885
v 0.95224212 0.30520152 0.00932626
v 0.95223459 0.30522483 0.00933177
v 0.95222265 0.30526136 0.00935546
v 0.95222097 0.30526750 0.00932639
v 0.95219811 0.30533812 0.00934892
v 0.95221976 0.30527224 0.00929483
v 0.95219327 0.30535563 0.00926917
v 0.95221184 0.30529910 0.00922324
v 0.95218915 0.30537281 0.00912520
v 0.95222027 0.30527579 0.00912449
v 0.95222137 0.30528265 0.00877275
v 0.95231683 0.30498145 0.00888624
v 0.95242436 0.30466343 0.00824772
v 0.95238419 0.30476300 0.00915825
v 0.95262333 0.30403043 0.00861904
v 0.95245176 0.30453899 0.00957285
v 0.95274083 0.30363093 0.00965210
v 0.95243677 0.30454130 0.01089929
v 0.95256936 0.30408288 0.01205030
v 0.95203064 0.30581629 0.01067991
v 0.95163172 0.30701648 0.01174534
v 0.95177645 0.30662802 0.01004218
v 0.95136512 0.30789416 0.01027603
v 0.95177168 0.30666673 0.00928427
v 0.95150651 0.30749603 0.00903030
v 0.95153313 0.30744486 0.00789705
v 0.95132695 0.30810289 0.00704565
v 0.95126941 0.30829153 0.00654530
v 0.95116679 0.30862231 0.00583180
v 0.95095515 0.30932082 0.00222257
v 0.95153624 0.30752857 0.00222889
v 0.95157526 0.30741582 0.00019607
v 0.95221879 0.30541656 0.00029790
v 0.95270410 0.30389910 0.00048074
v 0.95364636 0.30092938 0.00036572
v 0.95452274 0.29813583 -0.00117026
v 0.95482585 0.29715555 -0.00248409
v 0.95469329 0.29757372 -0.00325577
v 0.95400628 0.29975622 -0.00426864
v 0.95421549 0.29911039 -0.00240326
v 0.95342677 0.30162184 -0.00128826
v 0.95194595 0.30610651 0.00988484
v 0.95216908 0.30542000 0.00962597
v 0.95224925 0.30517013 0.00962051
v 0.95229718 0.30502697 0.00941419
v 0.95229834 0.30502852 0.00924565
v 0.95226882 0.30511957 0.00928133
v 0.95226732 0.30512821 0.00915040
v 0.95224978 0.30518041 0.00923452
v 0.95222671 0.30525293 0.00921579
v 0.95223403 0.30522838 0.00927267
v 0.95222812 0.30524689 0.00927054
v 0.95223609 0.30522111 0.00930025
v 0.95223343 0.30522909 0.00931110
v 0.95223793 0.30521515 0.00930779
v 0.95223737 0.30521673 0.00931309
v 0.95223788 0.30521563 0.00929747
v 0.95224204 0.30520337 0.00927385
v 0.95205603 0.30575415 0.01018389
v 0.95227744 0.30506750 0.01007487
v 0.95223398 0.30522709 0.00932030
v 0.95214927 0.30549421 0.00922307
v 0.95210261 0.30565144 0.00882158
v 0.95223735 0.30525305 0.00803744
v 0.95258066 0.30420670 0.00695503
v 0.95295565 0.30301990 0.00737973
v 0.95315009 0.30235866 0.00917304
v 0.95318085 0.30217127 0.01178086
v 0.95389028 0.29983996 0.01375998
v 0.95321346 0.30199877 0.01344753
v 0.95316907 0.30207408 0.01483160
v 0.95299095 0.30270117 0.01342617
v 0.95280249 0.30325044 0.01437323
v 0.95266281 0.30396129 0.00641163
v 0.95267028 0.30394892 0.00586390
v 0.95223964 0.30520959 0.00931485
v 0.95223988 0.30520885 0.00931496
v 0.96029726 0.27897879 0.00003467
v 0.95963563 0.28124571 0.00055655
v 0.95976883 0.28078208 0.00228258
v 0.95944100 0.28190027 0.00228055
v 0.95930329 0.28235810 0.00333310
v 0.95903189 0.28327815 0.00336484
v 0.95891873 0.28365467 0.00386084
v 0.95872360 0.28432150 0.00321554
v 0.95860264 0.28472553 0.00351502
v 0.95861391 0.28469388 0.00296164
v 0.95853233 0.28496617 0.00317030
v 0.95886195 0.28385766 0.00293110
v 0.95915926 0.28285744 0.00227849
v 0.95930973 0.28235328 0.00121448
v 0.95903854 0.28327316 0.00117950
v 0.95643151 0.28817355 -0.04684841
v 0.96044818 0.27671645 -0.03110138
v 0.96085620 0.27581470 -0.02610786
v 0.96189620 0.27280414 -0.01826464
v 0.96135909 0.27491943 -0.01442217
v 0.95989020 0.28026879 -0.00775994
v 0.95666717 0.28943302 -0.03188177
v 0.95425606 0.29802067 -0.02406336
v 0.95724788 0.28792664 -0.02783439
v 0.95693862 0.28935847 -0.02324105
v 0.95988458 0.27962372 -0.02078884
v 0.95914969 0.28233984 -0.01777900
v 0.95993823 0.27986432 -0.01394866
v 0.96124637 0.27512803 -0.01760632
v 0.95688542 0.28973539 -0.02058395
v 0.95460384 0.29733372 -0.01800484
v 0.95404930 0.29923546 -0.01574998
v 0.95430493 0.29849869 -0.01416428
v 0.95378301 0.30023857 -0.01244069
v 0.95428901 0.29864462 -0.01199518
v 0.95395930 0.29979200 -0.00929547
v 0.95327630 0.30196584 -0.00899631
v 0.95323473 0.30214250 -0.00731190
v 0.95330618 0.30170890 -0.01338142
v 0.95222112 0.30516592 -0.01219443
v 0.95220298 0.30523424 -0.01189708
v 0.95219798 0.30525453 -0.01177590
v 0.95212052 0.30549279 -0.01186048
v 0.95214413 0.30542764 -0.01164113
v 0.95205130 0.30571661 -0.01164778
v 0.95213618 0.30545722 -0.01151442
v 0.95206690 0.30567358 -0.01150162
v 0.95210518 0.30556084 -0.01132718
v 0.95205915 0.30571163 -0.01112527
v 0.95216575 0.30537755 -0.01117719
v 0.95215734 0.30541470 -0.01087517
v 0.95220040 0.30526734 -0.01123617
v 0.95218919 0.30530002 -0.01129812
v 0.95215880 0.30539411 -0.01131635
v 0.95197241 0.30598566 -0.01101387
v 0.95184198 0.30637592 -0.01142970
v 0.95174088 0.30666561 -0.01206191
v 0.95190013 0.30612086 -0.01327231
v 0.95206111 0.30566333 -0.01222993
v 0.95196569 0.30597970 -0.01173673
v 0.95196634 0.30599011 -0.01140803
v 0.95218732 0.30529378 -0.01161974
v 0.95217092 0.30534922 -0.01150658
v 0.95218719 0.30529707 -0.01154325
v 0.95218303 0.30531162 -0.01150188
v 0.95218783 0.30529652 -0.01150550
v 0.95216762 0.30536165 -0.01144901
v 0.95218313 0.30531219 -0.01147877
v 0.95218545 0.30530716 -0.01141975
v 0.95353005 0.30078488 -0.01757570
v 0.95441262 0.29773670 -0.02119942
v 0.95449750 0.29801335 -0.01107067
v 0.95447336 0.29817305 -0.00856952
v 0.95412358 0.29933961 -0.00663233
v 0.95319005 0.30233538 -0.00469425
v 0.95298589 0.30300081 -0.00289928
v 0.95268818 0.30394326 -0.00192786
v 0.95260941 0.30418611 -0.00247239
v 0.95224925 0.30531295 -0.00231723
v 0.95227406 0.30522372 -0.00354995
v 0.95200674 0.30605246 -0.00388132
v 0.95214385 0.30561957 -0.00433279
v 0.95204853 0.30591221 -0.00461706
v 0.95219015 0.30546923 -0.00474088
v 0.95218487 0.30548350 -0.00487873
v 0.95223413 0.30533138 -0.00478726
v 0.95223930 0.30531397 -0.00486670
v 0.95226071 0.30524805 -0.00481316
v 0.95226201 0.30524349 -0.00484493
v 0.95227431 0.30520535 -0.00483066
v 0.95227492 0.30520329 -0.00483971
v 0.95227834 0.30519274 -0.00483256
v 0.95227874 0.30519145 -0.00483602
v 0.95228003 0.30518745 -0.00483341
v 0.95228025 0.30518676 -0.00483445
v 0.95228038 0.30518637 -0.00483261
v 0.95228061 0.30518564 -0.00483428
v 0.95228084 0.30518490 -0.00483439
v 0.95228062 0.30518551 -0.00483933
v 0.95228189 0.30518157 -0.00483835
v 0.95228312 0.30517763 -0.00484588
v 0.95228304 0.30517804 -0.00483595
v 0.95228562 0.30516994 -0.00483779
v 0.95228310 0.30517789 -0.00483174
v 0.95228534 0.30517094 -0.00482924
v 0.95228101 0.30518448 -0.00482788
v 0.95228161 0.30518278 -0.00481665
v 0.95227991 0.30518795 -0.00482610
v 0.95227883 0.30519146 -0.00481649
v 0.95227889 0.30519111 -0.00482690
v 0.95227709 0.30519686 -0.00481898
v 0.95227999 0.30518762 -0.00483110
v 0.95227987 0.30518798 -0.00483228
v 0.95228034 0.30518653 -0.00483100
v 0.95228065 0.30518554 -0.00483137
v 0.95228107 0.30518422 -0.00483260
v 0.95227916 0.30519007 -0.00483976
v 0.95278341 0.30360671 -0.00517048
v 0.95265960 0.30401081 -0.00413684
v 0.95249409 0.30451449 -0.00509146
v 0.95242446 0.30473884 -0.00467864
v 0.95233889 0.30500217 -0.00493126
v 0.95233942 0.30500316 -0.00476433
v 0.95231032 0.30509342 -0.00480110
v 0.95230739 0.30510462 -0.00466910
v 0.95229069 0.30515544 -0.00475370
v 0.95226037 0.30525174 -0.00464326
v 0.95226695 0.30522982 -0.00473470
v 0.95225233 0.30527530 -0.00474179
v 0.95226876 0.30522329 -0.00478992
v 0.95222936 0.30534847 -0.00464326
v 0.95225768 0.30526525 -0.00429349
v 0.95235492 0.30496016 -0.00440456
v 0.95245940 0.30464230 -0.00376340
v 0.95057941 0.31032075 -0.00999132
v 0.94973782 0.31295587 -0.00752988
v 0.94958804 0.31326158 -0.01223684
v 0.94841918 0.31688591 -0.00918604
v 0.94953099 0.31313966 -0.01828789
v 0.94577485 0.32373643 -0.02654546
v 0.94142087 0.33522774 -0.03673020
v 0.93401832 0.35283676 -0.05582112
v 0.91910584 0.38491778 -0.08415910
v 0.89991173 0.42003377 -0.11717722
v 0.95073275 0.30954928 -0.01692596
v 0.95041164 0.31075145 -0.01229806
v 0.95248064 0.30438661 -0.01137677
v 0.95240026 0.30464351 -0.01122821
v 0.95238506 0.30468328 -0.01143675
v 0.95231667 0.30490048 -0.01134277
v 0.95230993 0.30491430 -0.01153559
v 0.95226526 0.30506048 -0.01135650
v 0.95224907 0.30510511 -0.01151458
v 0.95222192 0.30519321 -0.01142491
v 0.95222192 0.30519039 -0.01149987
v 0.95220435 0.30524614 -0.01147470
v 0.94968487 0.31297548 0.01204165
v 0.94950718 0.31330021 0.01670597
v 0.95051493 0.31034160 0.01447274
v 0.95033019 0.31079178 0.01676302
v 0.95092433 0.30912193 0.01365809
v 0.95034455 0.31101409 0.01074541
v 0.95079956 0.30962556 0.01059278
v 0.95050705 0.31058200 0.00867016
v 0.95074131 0.30984508 0.00932618
v 0.95099450 0.30911648 0.00751400
v 0.95115107 0.30862129 0.00803399
v 0.95086480 0.30953386 0.00670253
v 0.95055460 0.31054957 0.00221806
v 0.95088895 0.30952433 -0.00221064
v 0.95102378 0.30910296 -0.00302068
v 0.95077993 0.30982929 -0.00483065
v 0.95118385 0.30860452 -0.00354123
v 0.95097133 0.30922786 -0.00562619
v 0.95140865 0.30787658 -0.00579672
v 0.95168646 0.30698546 -0.00726758
v 0.95182188 0.30660127 -0.00554749
v 0.95207961 0.30578758 -0.00619427
v 0.95199068 0.30607945 -0.00539558
v 0.95210252 0.30572592 -0.00569682
v 0.95218856 0.30546964 -0.00502341
v 0.95221185 0.30539511 -0.00514071
v 0.95223928 0.30531298 -0.00493394
v 0.95224971 0.30527951 -0.00499164
v 0.95227466 0.30520322 -0.00489593
v 0.95228529 0.30516870 -0.00497822
v 0.95229010 0.30515531 -0.00487889
v 0.95230859 0.30509792 -0.00485904
v 0.95229339 0.30514559 -0.00484425
v 0.95229347 0.30514565 -0.00482540
v 0.95228293 0.30517904 -0.00479323
v 0.95227479 0.30520446 -0.00479195
v 0.95228068 0.30518513 -0.00485095
v 0.95227559 0.30520104 -0.00485111
v 0.95226379 0.30523747 -0.00487407
v 0.95201321 0.30601618 -0.00499474
v 0.95181305 0.30664120 -0.00480564
v 0.95154751 0.30746824 -0.00454016
v 0.95182789 0.30660395 -0.00420536
v 0.95156578 0.30742637 -0.00340529
v 0.95135404 0.30808923 -0.00255423
v 0.95129336 0.30828027 -0.00205436
v 0.95118629 0.30861440 -0.00134212
v 0.95169472 0.30704427 -0.00098759
v 0.95177233 0.30680113 -0.00158273
v 0.95183328 0.30660592 -0.00249443
v 0.95219030 0.30550522 -0.00044825
v 0.95222484 0.30539532 -0.00124935
v 0.95269245 0.30393288 -0.00137945
v 0.95216876 0.30546093 -0.00826231
v 0.95248658 0.30451301 -0.00641396
v 0.95232319 0.30503987 -0.00558807
v 0.95229083 0.30514876 -0.00513844
v 0.95137087 0.30780816 0.01214952
v 0.95092876 0.30924449 0.01011629
v 0.95168717 0.30678633 0.01317847
v 0.95210684 0.30550019 0.01273558
v 0.95212261 0.30542509 0.01334349
v 0.93792151 0.34682799 -0.00368576
v 0.94348517 0.33140720 0.00223642
v 0.94354731 0.33121810 -0.00361250
v 0.94789059 0.31858525 -0.00262128
v 0.93057989 0.36559343 -0.01903986
v 0.93839327 0.34541009 -0.01048526
v 0.93924251 0.34210546 -0.02806015
v 0.94423983 0.32868798 -0.01937420
v 0.94354947 0.33111545 -0.00877241
v 0.94816021 0.31773764 -0.00591716
v 0.93192517 0.36038425 -0.04048045
v 0.88082744 0.47115966 -0.04638533
v 0.87818726 0.47831223 0.00213083
v 0.91372712 0.40632205 0.00226962
v 0.91265800 0.40736524 0.03330075
v 0.91288526 0.40717666 -0.02911483
v 0.88643469 0.45465642 -0.08672413
v 0.85841614 0.50333434 -0.09887499
v 0.87809747 0.44724667 -0.17004485
v 0.86202824 0.47947932 -0.16433775
v 0.91503780 0.39877482 -0.06069987
v 0.94544247 0.16319967 -0.28196526
v 0.84955333 0.52749786 0.00226781
v 0.85065251 0.52344013 -0.04899734
v 0.84037613 0.53843231 -0.06211767
v 0.84514683 0.52572503 -0.09664379
v 0.85027804 0.52362860 0.05329482
v 0.85772853 0.50359651 0.10340366
v 0.88049193 0.47130772 0.05101966
v 0.91462872 0.39903603 0.06499648
v 0.93166460 0.36053791 0.04487196
v 0.93367340 0.35302546 0.06022463
v 0.94361549 0.32686120 0.05245531
v 0.95078622 0.30618808 0.04748079
v 0.95273560 0.30177660 0.03501087
v 0.95646377 0.28957504 0.03637798
v 0.95410202 0.29811668 0.02856189
v 0.95706881 0.28805122 0.03233873
v 0.95678609 0.28946544 0.02775123
v 0.95974931 0.27971559 0.02530723
v 0.95902580 0.28243770 0.02232614
v 0.96111890 0.27524337 0.02217104
v 0.95984174 0.27993321 0.01847238
v 0.96125399 0.27500998 0.01898093
v 0.95982896 0.28031580 0.01230562
v 0.96040397 0.27838446 0.01123864
v 0.95956446 0.28139020 0.00745699
v 0.95929875 0.28227952 0.00801132
v 0.95887652 0.28368080 0.00900179
v 0.95919957 0.28241054 0.01343424
v 0.95881474 0.28349229 0.01750464
v 0.95805196 0.28588181 0.02019980
v 0.95674784 0.28983392 0.02509740
v 0.95637362 0.29130201 0.02219563
v 0.95447949 0.29742569 0.02251356
v 0.95486412 0.29635867 0.02015067
v 0.95392577 0.29935759 0.02026484
v 0.95419722 0.29859608 0.01865591
v 0.95321398 0.30177176 0.01780213
v 0.95369221 0.30030843 0.01691215
v 0.95326571 0.30169796 0.01621213
v 0.95419846 0.29872071 0.01646917
v 0.95427332 0.29782837 0.02570401
v 0.95288599 0.30235815 0.02424543
v 0.95341357 0.30085563 0.02210101
v 0.95249384 0.30411135 0.01648545
v 0.95215283 0.30517269 0.01657174
v 0.95225276 0.30487278 0.01634825
v 0.95212414 0.30527671 0.01630184
v 0.95217556 0.30512055 0.01622197
v 0.95225847 0.30486685 0.01612495
v 0.95227872 0.30480942 0.01601400
v 0.95229865 0.30475506 0.01586326
v 0.95233337 0.30463768 0.01603236
v 0.95239574 0.30445453 0.01580512
v 0.95245469 0.30425410 0.01610906
v 0.95241636 0.30440854 0.01544435
v 0.95249826 0.30414017 0.01567842
v 0.95231617 0.30471093 0.01565745
v 0.96213181 0.27200530 0.01776220
v 0.96291648 0.26865513 0.02482476
v 0.96652865 0.25545977 0.02372075
v 0.96427607 0.26302798 0.03143144
v 0.96759864 0.24859328 0.04420700
v 0.96316560 0.26431793 0.04947795
v 0.96537074 0.25004787 0.07440019
v 0.95590815 0.28489585 0.07123170
v 0.95265708 0.28206397 0.11350952
v 0.94369512 0.31644334 0.09645279
v 0.93336348 0.32940254 0.14257134
v 0.92384111 0.36646415 0.11055145
v 0.90688757 0.39038550 0.15860044
v 0.89923844 0.42020656 0.12164160
v 0.87704960 0.44760782 0.17444551
v 0.88586351 0.45487493 0.09129424
v 0.91858660 0.38518068 0.08851272
v 0.93645791 0.34288578 0.07399954
v 0.94895421 0.30930317 0.06178552
v 0.95616027 0.28830767 0.05134414
v 0.96025337 0.27684838 0.03561519
v 0.96068757 0.27593666 0.03063265
v 0.96176602 0.27291961 0.02282575
v 0.89230595 0.40715654 0.19497089
v 0.90790310 0.35155057 0.22830716
v 0.92232851 0.28880616 0.25671215
v 0.93376836 0.22005229 0.28222978
v 0.94409101 0.16346673 0.28630542
v 0.92191511 0.33899964 0.18748806
v 0.94829715 0.27703924 0.15486052
v 0.96770484 0.22542179 0.11283780
v 0.97248936 0.22407419 0.06368040
v 0.97034960 0.23868453 0.03809664
v 0.79030676 0.60604580 -0.09013163
v 0.71659907 0.67620969 -0.17095681
v 0.79651856 0.58676551 -0.14582323
v 0.05891305 0.99826276 0.00084151
v -0.26181591 0.96511761 -0.00064674
v -0.45425647 0.89087011 -0.00122378
v -0.25660466 0.96116321 0.10158410
v -0.46106129 0.88037151 0.11121373
v -0.28622765 0.94055621 0.18283256
v -0.45958445 0.87194544 0.16879954
v -0.27371248 0.92334443 0.26928898
v -0.49668404 0.82667457 0.26441278
v -0.48185104 0.78751816 0.38423264
v -0.67059415 0.69362590 0.26303345
v -0.68097141 0.63640004 0.36231607
v -0.75936337 0.61427313 0.21455955
v -0.77368651 0.56394716 0.28874346
v -0.79255133 0.57448654 0.20451797
v -0.80551121 0.53111401 0.26281094
v -0.85826074 0.49368592 0.14022381
v -0.88558157 0.40258971 0.23166096
v -0.82916322 0.45625126 0.32299093
v -0.79156588 0.50795003 0.33972081
v -0.69962458 0.58702909 0.40733560
v -0.51190993 0.71515721 0.47591847
v -0.22932685 0.82760312 0.51233024
v -0.22797326 0.89531359 0.38267710
v 0.11349146 0.86552004 0.48784705
v 0.09791694 0.94191712 0.32125442
v 0.40824114 0.76553739 0.49728430
v 0.38433627 0.86907250 0.31144602
v 0.72628612 0.59983257 0.33572215
v 0.71966513 0.64342723 0.26092817
v 0.75036006 0.46722349 0.46761308
v 0.75914626 0.40730552 0.50773927
v 0.78520136 0.27049910 0.55703596
v 0.93946822 0.04987138 0.33898717
v 0.95909825 0.01306082 0.28277193
v 0.97063341 -0.01644216 0.24000090
v 0.97835419 -0.02911807 0.20487854
v 0.98720934 -0.00334657 0.15939420
v 0.97885720 -0.00344596 0.20451577
v 0.97013963 0.03118414 0.24053410
v 0.46494798 0.64720984 0.60410495
v 0.50444618 0.52250393 0.68740359
v 0.07381048 0.77633377 0.62598553
v 0.13132487 0.56967252 0.81131190
v -0.34800358 0.63453040 0.69011932
v 0.52892079 0.30956065 0.79019934
v -0.61052898 0.60699603 0.50873389
v -0.73814481 0.48484681 0.46911173
v -0.81990492 0.43290659 0.37463021
v 0.06136162 0.97516447 0.21281215
v 0.38954360 0.90198578 0.18621877
v 0.71541024 0.67633758 0.17537296
v -0.85294161 0.51538446 0.08288221
v -0.90618244 0.42136193 0.03588195
v -0.84793713 0.52855022 0.04046339
v -0.90381626 0.42791681 -0.00183741
v -0.84688197 0.53177787 -0.00179689
v -0.95228989 0.30518840 -0.00200280
v 0.05186174 0.99241832 0.11142815
v 0.71061660 0.69263408 0.12362069
v -0.60974132 0.79259919 -0.00143212
v -0.62090976 0.77983451 0.07955635
v -0.64562331 0.74903012 0.14874279
v -0.72602766 0.68766315 -0.00179538
v -0.73692032 0.67353083 0.05748625
v -0.73996835 0.66151781 0.12182378
v -0.77909515 0.62465765 0.05304313
v -0.78630864 0.60842163 0.10743301
v -0.77580600 0.63096899 -0.00178362
v 0.32815369 -0.16724859 -0.92970053
v 0.59556344 -0.21952931 -0.77272962
v 0.33296921 -0.31260423 -0.88961233
v -0.03797332 -0.25088615 -0.96727151
v 0.70261292 0.71156877 0.00223099
v 0.70463435 0.70367450 0.09128324
v -0.92725612 -0.35077608 -0.13096654
v -0.92725523 -0.35077758 -0.13096883
v -0.92725438 -0.35077889 -0.13097133
v -0.92725520 -0.35077670 -0.13097137
v -0.92725496 -0.35077887 -0.13096725
v 0.95568586 0.29435290 -0.00457256
v 0.95569060 0.29433327 -0.00483843
v 0.95563563 0.29450853 -0.00502563
v 0.95562974 0.29451285 -0.00582957
v 0.95583120 0.29387076 -0.00516675
v 0.95575110 0.29411636 -0.00595016
v 0.95541707 0.29520255 -0.00580249
v 0.95547110 0.29500543 -0.00683975
v 0.95511697 0.29617665 -0.00556456
v 0.95586512 0.29372865 -0.00673493
v 0.95604239 0.29312049 -0.00795711
v 0.95586457 0.29374163 -0.00622796
v 0.95612921 0.29291327 -0.00433084
v 0.95614485 0.29287470 -0.00338088
v 0.95600933 0.29332538 -0.00252843
v 0.95628257 0.29240961 -0.00450257
v 0.95713447 0.28964149 0.00118667
v 0.95761553 0.28804514 0.00157902
v 0.95775913 0.28756642 0.00173161
v 0.95822140 0.28601852 0.00227072
v 0.95827183 0.28585116 0.00205190
v 0.95827270 0.28584661 0.00227101
v 0.95827054 0.28585205 0.00248451
v 0.95831434 0.28570509 0.00249762
v 0.95838696 0.28546327 0.00227175
v 0.95831875 0.28569215 0.00227125
v 0.95831569 0.28570418 0.00203912
v 0.95845673 0.28522890 0.00227227
v 0.95822599 0.28600112 0.00251300
v 0.95228113 0.30518402 -0.00483384
v 0.95242236 0.30456074 -0.01159332
v 0.95236778 0.30473129 -0.01159526
v -0.84992327 -0.44098876 0.28837364
v -0.68976070 -0.68049964 0.24728611
v -0.65564632 -0.69357574 0.29846373
v -0.59932785 -0.70949919 0.37069803
v -0.54643680 -0.76747545 0.33524358
v -0.60397534 -0.73411303 0.31030929
v -0.04506435 -0.88871571 0.45623853
v 0.34218559 -0.83508462 0.43074668
v 0.60629231 -0.71258204 0.35303890
v 0.61400792 -0.74674002 0.25568265
v -0.91147826 -0.39203262 0.12457048
v -0.92173739 -0.36446993 0.13252117
v -0.92330964 -0.36350166 0.12395905
v -0.92566003 -0.35622236 0.12751131
v -0.92622063 -0.35548659 0.12547763
v -0.92709311 -0.35259076 0.12719326
v -0.92753362 -0.35187310 0.12596313
v -0.92763539 -0.35121691 0.12704042
v -0.92773962 -0.35104187 0.12676281
v -0.92781358 -0.35074498 0.12704298
v -0.92783420 -0.35071867 0.12696499
v -0.92783600 -0.35069298 0.12702281
v -0.92784508 -0.35066975 0.12702065
v -0.92784088 -0.35067436 0.12703853
v -0.92784448 -0.35066514 0.12703771
v -0.92784266 -0.35066780 0.12704365
v -0.92784389 -0.35066482 0.12704294
v -0.92784300 -0.35066637 0.12704515
v -0.92784377 -0.35066451 0.12704467
v -0.92784356 -0.35066480 0.12704539
v -0.92784393 -0.35066348 0.12704631
v -0.92784356 -0.35066432 0.12704668
v -0.92784392 -0.35066306 0.12704753
v -0.92784361 -0.35066379 0.12704779
v -0.92784374 -0.35066332 0.12704810
v -0.92784335 -0.35066427 0.12704841
v -0.92784355 -0.35066324 0.12704972
v -0.92784286 -0.35066508 0.12704976
v -0.92784276 -0.35066489 0.12705095
v -0.92784182 -0.35066752 0.12705060
v -0.92784254 -0.35066307 0.12705759
v -0.92784070 -0.35066914 0.12705430
v -0.92783654 -0.35067464 0.12706950
v -0.92783354 -0.35068765 0.12705545
v -0.92780752 -0.35074576 0.12708506
v -0.92782958 -0.35070316 0.12704158
v -0.92783934 -0.35067582 0.12704576
v -0.92784159 -0.35066933 0.12704723
v -0.92784220 -0.35066766 0.12704744
v -0.92784267 -0.35066650 0.12704720
v -0.92784277 -0.35066597 0.12704790
v -0.92784297 -0.35066573 0.12704713
v -0.92784305 -0.35066535 0.12704762
v -0.92784335 -0.35066478 0.12704699
v -0.92784328 -0.35066464 0.12704788
v -0.92784331 -0.35066525 0.12704597
v -0.92784314 -0.35066550 0.12704652
v -0.92783933 -0.35067420 0.12705029
v -0.92784176 -0.35066837 0.12704868
v -0.92784216 -0.35066746 0.12704824
v -0.92784243 -0.35066640 0.12704924
v -0.92784283 -0.35066565 0.12704834
v -0.92784308 -0.35066516 0.12704788
v -0.92784301 -0.35066512 0.12704850
v -0.92784316 -0.35066494 0.12704789
v -0.92764804 -0.35109712 0.12727895
v -0.92782139 -0.35069560 0.12712225
v -0.92775887 -0.35078005 0.12734533
v -0.92784281 -0.35063874 0.12712278
v -0.92784193 -0.35055524 0.12735927
v -0.92785483 -0.35060972 0.12711508
v -0.92792912 -0.35037427 0.12722192
v -0.92786115 -0.35060656 0.12707765
v -0.92786775 -0.35059825 0.12705236
v -0.92785289 -0.35063811 0.12705093
v -0.92785326 -0.35064330 0.12703387
v -0.92785128 -0.35064352 0.12704772
v -0.92784955 -0.35065183 0.12703740
v -0.92784947 -0.35064886 0.12704619
v -0.92784726 -0.35065456 0.12704664
v -0.92784808 -0.35065149 0.12704907
v -0.92784653 -0.35065448 0.12705216
v -0.92785030 -0.35064194 0.12705924
v -0.92784842 -0.35064500 0.12706453
v -0.92784309 -0.35065509 0.12707560
v -0.92784531 -0.35065675 0.12705478
v -0.92784387 -0.35066152 0.12705213
v -0.92784490 -0.35065959 0.12704998
v -0.92784421 -0.35066180 0.12704889
v -0.92784517 -0.35065963 0.12704785
v -0.92784444 -0.35066165 0.12704766
v -0.92784457 -0.35066207 0.12704552
v -0.92784525 -0.35066065 0.12704448
v -0.92784677 -0.35065771 0.12704148
v -0.92784889 -0.35065521 0.12703289
v -0.92785040 -0.35065497 0.12702255
v -0.92787398 -0.35061597 0.12695794
v -0.92786958 -0.35060724 0.12701422
v -0.92798986 -0.35036025 0.12681688
v -0.92798316 -0.35032694 0.12695782
v -0.92859451 -0.34874366 0.12684675
v -0.92827846 -0.34918820 0.12793245
v -0.92956551 -0.34535358 0.12899170
v -0.92834967 -0.34780115 0.13115352
v -0.93019519 -0.34484241 0.12578008
v -0.93025689 -0.34541871 0.12372567
v -0.92841573 -0.34945420 0.12619825
v -0.92833209 -0.34993310 0.12548446
v -0.92794593 -0.35053384 0.12665852
v -0.92794650 -0.35094636 0.12550679
v -0.92788033 -0.35070128 0.12667563
v -0.92784569 -0.35069643 0.12694245
v -0.92842450 -0.35088882 0.12208597
v -0.92697258 -0.35416114 0.12365968
v -0.92959375 -0.35178626 0.11000860
v -0.92584927 -0.35933127 0.11697935
v -0.93018652 -0.34629092 0.12180164
v -0.93290999 -0.34191825 0.11300821
v -0.92785069 -0.34998008 0.12886831
v -0.92797460 -0.34866260 0.13152011
v -0.92730261 -0.35131290 0.12918632
v -0.92665358 -0.35181442 0.13243777
v -0.92700525 -0.35230708 0.12861174
v -0.92539354 -0.35536018 0.13177991
v -0.99317707 -0.09249030 0.07102717
v -0.99133642 -0.09364230 0.09210443
v -0.98420847 -0.13313386 0.11665789
v -0.98727908 -0.09902905 0.12439155
v -0.98190779 -0.13769917 0.12998472
v -0.98153720 -0.09513671 0.16593293
v -0.97261306 -0.15251049 0.17539778
v -0.96393480 -0.14381288 0.22393652
v -0.96327884 -0.19927629 0.17995230
v -0.95619178 -0.20168682 0.21217849
v -0.94878467 -0.25568622 0.18555916
v -0.93729160 -0.26783982 0.22303875
v -0.94491164 -0.20157840 0.25789171
v -0.95218844 -0.14670918 0.26798058
v -0.97374337 -0.07762113 0.21400658
v -0.98028135 -0.04161285 0.19317567
v -0.98450273 -0.00510736 0.17529488
v -0.98791795 0.05797652 0.14372487
v -0.98695156 -0.04655764 0.15413954
v -0.99096654 -0.00551409 0.13399593
v -0.99381471 0.04471014 0.10165293
v -0.99659210 -0.01403144 0.08128528
v -0.99343836 -0.05400301 0.10081615
v -0.99605961 -0.05572501 0.06899255
v -0.95031017 -0.27477384 0.14632131
v -0.96853072 -0.20415160 0.14237403
v -0.95525949 -0.24705117 0.16261926
v -0.96062839 -0.23862726 0.14230290
v 0.88085540 -0.38481893 0.27569578
v 0.88080810 -0.38487671 0.27576623
v 0.88050980 -0.38520097 0.27626566
v 0.87927026 -0.38617067 0.27884767
v 0.87881783 -0.38760745 0.27827988
v 0.87698565 -0.38720786 0.28454566
v 0.87567710 -0.39189587 0.28214754
v 0.86979754 -0.39122666 0.30065585
v 0.86605102 -0.40063665 0.29907510
v 0.85891372 -0.39359602 0.32764217
v 0.85226392 -0.41029093 0.32451128
v 0.82815251 -0.41403469 0.37780774
v 0.88085996 -0.38481708 0.27568376
v 0.88086813 -0.38480559 0.27567371
v 0.88086488 -0.38481273 0.27567412
v 0.88086476 -0.38482355 0.27565941
v 0.88087132 -0.38481058 0.27565656
v 0.88086665 -0.38482640 0.27564937
v 0.88087676 -0.38480818 0.27564254
v 0.88087581 -0.38482969 0.27561552
v 0.88088533 -0.38479734 0.27563027
v 0.88089863 -0.38480133 0.27558219
v 0.88088993 -0.38478252 0.27563625
v 0.88091519 -0.38475688 0.27559132
v 0.88088403 -0.38478807 0.27564735
v 0.88088096 -0.38479620 0.27564581
v 0.88088256 -0.38478857 0.27565136
v 0.88088245 -0.38478975 0.27565006
v 0.88088094 -0.38479105 0.27565307
v 0.88088118 -0.38479167 0.27565143
v 0.88088040 -0.38479273 0.27565246
v 0.88087994 -0.38479402 0.27565213
v 0.88085488 -0.38484053 0.27566728
v 0.88086297 -0.38484326 0.27563761
v 0.88080590 -0.38499141 0.27561309
v 0.88088230 -0.38492503 0.27546160
v 0.88065431 -0.38585741 0.27488552
v 0.88093660 -0.38527505 0.27479783
v 0.88097070 -0.38720997 0.27195416
v 0.88080968 -0.38492595 0.27569244
v 0.88047847 -0.38544187 0.27602938
v 0.88038080 -0.38581889 0.27581413
v 0.87889208 -0.38865052 0.27658539
v 0.87962918 -0.38888305 0.27390231
v 0.87549564 -0.39484588 0.27857515
v 0.87758520 -0.39445326 0.27249009
v 0.86488036 -0.41343797 0.28469460
v 0.86676328 -0.42655560 0.25840227
v 0.88035082 -0.39133286 0.26803177
v 0.88003188 -0.41189000 0.23641175
v 0.88087989 -0.38479239 0.27565454
v 0.88088011 -0.38479212 0.27565424
v 0.88088076 -0.38479074 0.27565408
v 0.88088019 -0.38479236 0.27565364
v 0.88090709 -0.38486554 0.27546547
v 0.88095558 -0.38470596 0.27553329
v 0.87973803 -0.38491271 0.27911144
v 0.87889359 -0.38367143 0.28344716
v 0.88116381 -0.38001300 0.28131915
v 0.87655703 -0.37593771 0.30053055
v 0.88198426 -0.36416888 0.29914009
v 0.86813624 -0.37478803 0.32538193
v 0.88869336 -0.35676109 0.28800285
v 0.88287758 -0.37713500 0.27981489
v 0.84406796 -0.38539372 0.37285514
v 0.81640182 -0.39688281 0.41949029
v 0.77643236 -0.46617934 0.42406321
v 0.97674943 0.18825075 0.10257779
v 0.97448253 0.21676040 0.05829870
v 0.97660916 0.20930477 0.04925498
v 0.97238018 0.23140602 0.03046387
v 0.97880939 0.20104562 0.03889527
v 0.98904128 0.13735089 0.05414873
v 0.99394414 0.08875359 0.06479080
v 0.98916446 0.10932661 0.09798651
v 0.98283341 0.09951185 0.15535725
v 0.98076889 0.17304019 0.09027440
v 0.97644809 0.16751574 0.13596917
v 0.98303839 0.13971460 0.11880808
v 0.97260732 0.14433020 0.18221909
v 0.98413285 0.15874706 0.07925850
v 0.94063053 0.27531100 0.19853984
v 0.91416970 0.34585477 0.21137229
v 0.93524470 0.27326860 0.22503696
v 0.91175615 0.34668124 0.22025629
v 0.92731463 0.28604121 0.24138765
v 0.96614626 0.20774586 0.15298058
v 0.95318393 0.22572674 0.20121589
v 0.95233070 0.21168431 0.21967247
v 0.94535639 0.20792497 0.25113442
v 0.96124154 0.17119027 0.21612171
v 0.95179706 0.16807003 0.25658296
v 0.96788868 0.13113664 0.21446369
v 0.96477947 0.18341990 0.18856755
v 0.93839579 -0.13673780 0.31735803
v -0.98297606 0.18372282 -0.00199760
v -0.98297606 0.18372282 -0.00199760
v -0.98297606 0.18372282 -0.00199760
v -0.98297606 0.18372282 -0.00199760
v -0.98297606 0.18372282 -0.00199760
v -0.98297606 0.18372282 -0.00199760
v -0.98297606 0.18372282 -0.00199760
v -0.98297606 0.18372282 -0.00199760
v -0.98297606 0.18372282 -0.00199760
v -0.98297606 0.18372282 -0.00199760
v -0.98297606 0.18372282 -0.00199760
v -0.98297606 0.18372282 -0.00199760
v -0.98297606 0.18372282 -0.00199760
v -0.98297606 0.18372282 -0.00199760
v -0.98297606 0.18372282 -0.00199760
v -0.98297606 0.18372282 -0.00199760
v -0.98297606 0.18372282 -0.00199760
v -0.98297606 0.18372282 -0.00199760
v -0.98297606 0.18372282 -0.00199760
v -0.98297606 0.18372282 -0.00199760
v -0.98297606 0.18372282 -0.00199760
v -0.98297606 0.18372282 -0.00199760
v -0.98297606 0.18372282 -0.00199760
v -0.98297606 0.18372282 -0.00199760
v -0.98297606 0.18372282 -0.00199760
v -0.98297606 0.18372282 -0.00199760
v -0.98297606 0.18372282 -0.00199760
v -0.98297606 0.18372282 -0.00199760
v -0.98297606 0.18372282 -0.00199760
v -0.98297606 0.18372282 -0.00199760
v -0.98297606 0.18372282 -0.00199760
v -0.98297606 0.18372282 -0.00199760
v -0.98297606 0.18372282 -0.00199760
v -0.98297606 0.18372282 -0.00199760
v -0.98297606 0.18372282 -0.00199760
v -0.98297606 0.18372282 -0.00199760
v -0.98297606 0.18372282 -0.00199760
v -0.98297606 0.18372282 -0.00199760
v -0.98297606 0.18372282 -0.00199760
v -0.98297606 0.18372282 -0.00199760
v -0.98297606 0.18372282 -0.00199760
v -0.98297606 0.18372282 -0.00199760
v -0.98297606 0.18372282 -0.00199760
v -0.98297606 0.18372282 -0.00199760
v -0.98297606 0.18372282 -0.00199760
v -0.98297606 0.18372282 -0.00199760
v -0.98297606 0.18372282 -0.00199760
v -0.98297606 0.18372282 -0.00199760
v -0.98297606 0.18372282 -0.00199760
v -0.98297606 0.18372282 -0.00199760
v -0.98297606 0.18372282 -0.00199760
v -0.98297606 0.18372282 -0.00199760
v -0.98297606 0.18372282 -0.00199760
v -0.98297606 0.18372282 -0.00199760
v -0.89032106 -0.44567243 0.09329794
v -0.88818009 -0.44949559 0.09534067
v -0.88926133 -0.44706799 0.09666691
v -0.88883522 -0.44771399 0.09759171
v -0.89005279 -0.44564168 0.09596631
v -0.89051237 -0.44466628 0.09622696
v 0.95559211 0.29453892 0.00951557
v 0.95564778 0.29436407 0.00933339
v 0.95564427 0.29438372 0.00906963
v 0.95584453 0.29373924 0.00885975
v 0.95579490 0.29392080 0.00816586
v 0.95595330 0.29338706 0.00879285
v 0.95593249 0.29347592 0.00805968
v 0.95608961 0.29294137 0.00883261
v 0.95611148 0.29289695 0.00788693
v 0.95624165 0.29243946 0.00900428
v 0.95621959 0.29248057 0.00996027
v 0.95609931 0.29284336 0.01081115
v 0.95632648 0.29208946 0.01110955
v 0.95597996 0.29316726 0.01246125
v 0.95607062 0.29275308 0.01498695
v 0.95598150 0.29334275 0.00702830
v 0.95590434 0.29358661 0.00733484
v 0.95562536 0.29448206 0.00777741
v 0.95548718 0.29491937 0.00817436
v 0.95534341 0.29539033 0.00796983
v 0.95530542 0.29549303 0.00868473
v 0.95518578 0.29588876 0.00836487
v 0.95538398 0.29523244 0.00890198
v 0.95551424 0.29482494 0.00841315
v 0.95555425 0.29467529 0.00908571
v 0.95550177 0.29483615 0.00938189
v 0.95530041 0.29548043 0.00961468
v 0.95536756 0.29524026 0.01029660
v 0.95557992 0.29455115 0.01032655
v 0.95570072 0.29415464 0.01044862
v 0.95578628 0.29390335 0.00966439
v 0.95587332 0.29362381 0.00955239
v 0.95548047 0.29489680 0.00964078
v 0.95596123 0.29331711 0.01015915
v 0.95581260 0.29378082 0.01072823
v 0.95580978 0.29377103 0.01123589
v 0.95568436 0.29410823 0.01295183
v 0.95536303 0.29520850 0.01155099
v 0.95609227 0.29291240 0.00948176
v 0.95798538 0.28679649 0.00343242
v 0.95800331 0.28672997 0.00394659
v 0.95803463 0.28663463 0.00320052
v 0.95807358 0.28649883 0.00366455
v 0.95810844 0.28637435 0.00423596
v 0.95820889 0.28603981 0.00411744
v 0.95834421 0.28557891 0.00458972
v 0.95851543 0.28500156 0.00471955
v 0.95821219 0.28603425 0.00371704
v 0.95814424 0.28626625 0.00335428
v 0.95809191 0.28644152 0.00333839
v 0.95813403 0.28630462 0.00297463
v 0.95810733 0.28639298 0.00306697
v 0.95814902 0.28625482 0.00293867
v 0.95834769 0.28558546 0.00326351
v 0.95829505 0.28576109 0.00334637
v 0.95827325 0.28583541 0.00324086
v 0.95821520 0.28603093 0.00315377
v 0.95828637 0.28578684 0.00362299
v 0.95832900 0.28564417 0.00359607
v 0.95831336 0.28569178 0.00396366
v 0.95838385 0.28545532 0.00395731
v 0.95850932 0.28502755 0.00438010
v 0.95850052 0.28506308 0.00397496
v 0.95861838 0.28466006 0.00441054
v 0.95860663 0.28470483 0.00406142
v 0.95854402 0.28492302 0.00349772
v 0.95844282 0.28525880 0.00384387
v 0.95837876 0.28547781 0.00354568
v 0.95846968 0.28517649 0.00320184
v 0.95224012 0.30520816 0.00931316
v 0.95223971 0.30520947 0.00931198
v 0.95224017 0.30520796 0.00931438
v 0.95224213 0.30520180 0.00931624
v 0.95212336 0.30530048 0.01589710
v 0.95211454 0.30532670 0.01592200
v 0.95212394 0.30529763 0.01591703
f 1 2 3
f 3 2 4
f 3 4 5
f 5 4 6
f 5 6 7
f 7 6 8
f 7 8 9
f 9 8 10
f 9 10 11
f 11 10 12
f 11 12 13
f 13 12 14
f 13 14 15
f 15 14 16
f 15 16 17
f 17 16 18
f 17 18 19
f 19 18 20
f 19 20 21
f 21 20 22
f 21 22 23
f 23 22 24
f 23 24 25
f 25 24 26
f 25 26 27
f 27 26 28
f 27 28 29
f 29 28 30
f 29 30 31
f 31 30 32
f 31 32 33
f 33 32 34
f 33 34 35
f 35 34 36
f 35 36 37
f 37 36 38
f 37 38 39
f 39 38 40
f 39 40 41
f 41 40 42
f 41 42 43
f 43 42 44
f 43 44 45
f 45 44 46
f 45 46 47
f 47 46 48
f 47 48 49
f 49 48 50
f 49 50 51
f 51 50 52
f 51 52 53
f 53 52 54
f 53 54 55
f 55 54 56
f 55 56 57
f 57 56 58
f 57 58 59
f 59 58 60
f 59 60 61
f 61 60 62
f 61 62 63
f 63 62 64
f 63 64 65
f 65 64 66
f 65 66 67
f 67 66 68
f 67 68 69
f 69 68 70
f 69 70 71
f 71 70 72
f 71 72 73
f 73 72 34
f 73 34 32
f 34 72 36
f 36 72 70
f 36 70 74
f 74 70 66
f 74 66 75
f 75 66 64
f 75 64 76
f 76 64 62
f 76 62 77
f 77 62 60
f 77 60 78
f 78 60 58
f 78 58 79
f 79 58 56
f 79 56 80
f 80 56 54
f 80 54 52
f 52 50 80
f 80 50 81
f 80 81 79
f 79 81 82
f 79 82 78
f 78 82 83
f 78 83 77
f 77 83 84
f 77 84 76
f 76 84 42
f 76 42 40
f 40 38 76
f 76 38 75
f 38 36 75
f 75 36 74
f 42 84 44
f 44 84 83
f 44 83 46
f 46 83 82
f 46 82 48
f 48 82 81
f 48 81 50
f 1 3 85
f 85 3 86
f 85 86 87
f 87 86 88
f 87 88 89
f 89 88 90
f 89 90 91
f 91 90 92
f 91 92 93
f 93 92 94
f 93 94 95
f 95 94 96
f 95 96 97
f 97 96 98
f 97 98 23
f 23 98 21
f 23 25 97
f 97 25 99
f 97 99 100
f 100 99 101
f 100 101 102
f 102 101 103
f 102 103 104
f 104 103 105
f 104 105 106
f 106 105 107
f 106 107 108
f 108 107 109
f 108 109 110
f 110 109 111
f 110 111 112
f 112 111 113
f 112 113 114
f 114 113 115
f 114 115 116
f 116 115 117
f 116 117 118
f 118 117 119
f 118 119 120
f 120 119 121
f 120 121 122
f 122 121 123
f 122 123 124
f 124 123 125
f 124 125 126
f 126 125 127
f 126 127 128
f 128 127 129
f 128 129 130
f 130 129 131
f 130 131 132
f 132 131 133
f 132 133 134
f 134 133 135
f 134 135 136
f 136 135 137
f 136 137 138
f 138 137 139
f 138 139 140
f 140 139 141
f 140 141 142
f 142 141 143
f 142 143 144
f 144 143 145
f 144 145 146
f 146 145 147
f 146 147 148
f 148 147 149
f 148 149 150
f 150 149 151
f 150 151 152
f 152 151 153
f 152 153 154
f 154 153 155
f 154 155 156
f 156 155 157
f 156 157 158
f 158 157 159
f 158 159 160
f 160 159 161
f 160 161 162
f 162 161 163
f 162 163 164
f 164 163 165
f 164 165 166
f 166 165 167
f 166 167 168
f 168 167 169
f 168 169 170
f 170 169 171
f 170 171 172
f 172 171 173
f 172 173 174
f 174 173 175
f 174 175 176
f 176 175 177
f 176 177 178
f 178 177 179
f 178 179 180
f 180 179 181
f 180 181 182
f 182 181 183
f 182 183 184
f 184 183 185
f 184 185 186
f 186 185 187
f 186 187 188
f 188 187 189
f 188 189 190
f 190 189 191
f 190 191 192
f 192 191 193
f 192 193 194
f 194 193 195
f 194 195 196
f 196 195 197
f 196 197 198
f 198 197 199
f 198 199 200
f 200 199 201
f 200 201 202
f 202 201 203
f 202 203 200
f 200 203 204
f 200 204 205
f 205 204 206
f 205 206 207
f 207 206 208
f 207 208 209
f 209 208 210
f 209 210 192
f 192 210 211
f 192 211 190
f 190 211 212
f 190 212 188
f 188 212 186
f 192 194 209
f 209 194 196
f 209 196 207
f 207 196 198
f 207 198 200
f 191 189 193
f 193 189 213
f 193 213 214
f 214 213 215
f 214 215 216
f 216 215 217
f 216 217 218
f 218 217 219
f 218 219 220
f 220 219 176
f 220 176 221
f 221 176 178
f 221 178 222
f 222 178 180
f 222 180 223
f 223 180 182
f 223 182 184
f 176 219 174
f 174 219 224
f 174 224 172
f 172 224 225
f 172 225 170
f 170 225 226
f 170 226 168
f 168 226 227
f 168 227 166
f 166 227 228
f 166 228 164
f 164 228 229
f 164 229 230
f 230 229 231
f 230 231 232
f 232 231 233
f 232 233 234
f 234 233 235
f 234 235 236
f 236 235 237
f 236 237 156
f 156 237 238
f 156 238 154
f 154 238 239
f 154 239 152
f 152 239 240
f 152 240 150
f 150 240 241
f 150 241 148
f 148 241 242
f 148 242 146
f 146 242 144
f 156 158 236
f 236 158 160
f 236 160 234
f 234 160 162
f 234 162 232
f 232 162 230
f 219 217 224
f 224 217 243
f 224 243 225
f 225 243 244
f 225 244 226
f 226 244 245
f 226 245 227
f 227 245 246
f 227 246 228
f 228 246 247
f 228 247 229
f 229 247 248
f 229 248 231
f 231 248 249
f 231 249 233
f 233 249 250
f 233 250 251
f 251 250 252
f 251 252 253
f 253 252 254
f 253 254 255
f 255 254 256
f 255 256 257
f 257 256 258
f 257 258 259
f 259 258 260
f 259 260 171
f 171 260 173
f 171 169 259
f 259 169 261
f 259 261 257
f 257 261 262
f 257 262 255
f 255 262 251
f 255 251 253
f 251 262 233
f 233 262 235
f 169 167 261
f 261 167 263
f 261 263 264
f 264 263 265
f 264 265 266
f 266 265 267
f 266 267 268
f 268 267 269
f 268 269 270
f 270 269 271
f 270 271 272
f 272 271 273
f 272 273 274
f 274 273 275
f 274 275 276
f 276 275 277
f 276 277 278
f 278 277 279
f 278 279 280
f 280 279 281
f 280 281 282
f 282 281 283
f 282 283 284
f 284 283 285
f 284 285 286
f 286 285 287
f 286 287 288
f 288 287 289
f 288 289 290
f 290 289 291
f 290 291 292
f 292 291 293
f 292 293 294
f 294 293 295
f 294 295 296
f 296 295 297
f 296 297 298
f 298 297 299
f 298 299 300
f 300 299 301
f 300 301 302
f 302 301 303
f 302 303 304
f 304 303 305
f 304 305 306
f 306 305 307
f 306 307 308
f 308 307 309
f 308 309 310
f 310 309 311
f 310 311 312
f 312 311 313
f 312 313 314
f 314 313 315
f 314 315 316
f 316 315 317
f 316 317 318
f 318 317 319
f 318 319 320
f 320 319 321
f 320 321 322
f 322 321 323
f 322 323 324
f 324 323 325
f 324 325 326
f 326 325 327
f 326 327 328
f 328 327 12
f 328 12 10
f 10 8 328
f 328 8 326
f 323 321 325
f 325 321 329
f 325 329 330
f 330 329 331
f 330 331 332
f 332 331 333
f 332 333 334
f 334 333 335
f 334 335 336
f 336 335 337
f 336 337 338
f 338 337 339
f 338 339 340
f 340 339 20
f 340 20 18
f 340 18 338
f 338 18 341
f 338 341 342
f 342 341 14
f 342 14 343
f 343 14 12
f 343 12 327
f 14 341 16
f 16 341 18
f 338 342 336
f 336 342 334
f 332 334 330
f 330 334 344
f 330 344 327
f 327 344 343
f 343 344 342
f 342 344 334
f 321 319 329
f 329 319 331
f 319 317 331
f 331 317 345
f 331 345 346
f 346 345 347
f 346 347 348
f 348 347 349
f 348 349 350
f 350 349 351
f 350 351 352
f 352 351 353
f 352 353 354
f 354 353 355
f 354 355 356
f 356 355 357
f 356 357 358
f 358 357 359
f 358 359 360
f 360 359 361
f 360 361 362
f 362 361 363
f 362 363 364
f 364 363 365
f 364 365 366
f 366 365 367
f 366 367 368
f 368 367 369
f 368 369 370
f 370 369 371
f 370 371 372
f 372 371 373
f 372 373 374
f 374 373 375
f 374 375 153
f 153 375 155
f 153 151 374
f 374 151 376
f 374 376 372
f 372 376 377
f 372 377 370
f 370 377 378
f 370 378 368
f 368 378 379
f 368 379 366
f 366 379 380
f 366 380 364
f 364 380 381
f 364 381 362
f 362 381 382
f 362 382 360
f 360 382 383
f 360 383 358
f 358 383 356
f 151 149 376
f 376 149 147
f 376 147 384
f 384 147 145
f 384 145 385
f 385 145 143
f 385 143 386
f 386 143 387
f 386 387 388
f 388 387 389
f 388 389 390
f 390 389 391
f 390 391 392
f 392 391 393
f 392 393 394
f 394 393 395
f 394 395 396
f 396 395 397
f 396 397 398
f 398 397 399
f 398 399 400
f 400 399 113
f 400 113 111
f 113 399 115
f 115 399 401
f 115 401 117
f 117 401 402
f 117 402 119
f 119 402 403
f 119 403 404
f 404 403 405
f 404 405 406
f 406 405 407
f 406 407 135
f 135 407 137
f 135 133 406
f 406 133 131
f 406 131 404
f 404 131 408
f 404 408 119
f 119 408 121
f 131 129 408
f 408 129 127
f 408 127 409
f 409 127 125
f 409 125 123
f 123 121 409
f 409 121 408
f 399 397 401
f 401 397 402
f 143 141 387
f 387 141 410
f 387 410 389
f 389 410 411
f 389 411 391
f 391 411 412
f 391 412 393
f 393 412 413
f 393 413 395
f 395 413 397
f 397 413 402
f 402 413 403
f 413 412 403
f 403 412 405
f 412 411 405
f 405 411 407
f 141 139 410
f 410 139 414
f 410 414 411
f 411 414 407
f 407 414 137
f 137 414 139
f 376 384 377
f 377 384 415
f 377 415 378
f 378 415 416
f 378 416 379
f 379 416 417
f 379 417 380
f 380 417 418
f 380 418 381
f 381 418 419
f 381 419 382
f 382 419 420
f 382 420 383
f 383 420 421
f 383 421 356
f 356 421 422
f 356 422 354
f 354 422 423
f 354 423 352
f 352 423 424
f 352 424 350
f 350 424 425
f 350 425 426
f 426 425 427
f 426 427 428
f 428 427 429
f 428 429 430
f 430 429 431
f 430 431 432
f 432 431 433
f 432 433 434
f 434 433 24
f 434 24 22
f 22 20 434
f 434 20 339
f 434 339 432
f 432 339 435
f 432 435 430
f 430 435 436
f 430 436 428
f 428 436 437
f 428 437 426
f 426 437 348
f 426 348 350
f 348 437 346
f 346 437 438
f 346 438 331
f 331 438 333
f 333 438 335
f 335 438 436
f 335 436 435
f 335 435 337
f 337 435 339
f 24 433 26
f 26 433 439
f 26 439 440
f 440 439 441
f 440 441 442
f 442 441 443
f 442 443 444
f 444 443 445
f 444 445 446
f 446 445 423
f 446 423 447
f 447 423 448
f 447 448 449
f 449 448 450
f 449 450 451
f 451 450 452
f 451 452 453
f 453 452 454
f 453 454 107
f 107 454 455
f 107 455 109
f 109 455 111
f 111 455 400
f 400 455 456
f 400 456 457
f 457 456 458
f 457 458 459
f 459 458 460
f 459 460 461
f 461 460 421
f 461 421 420
f 420 419 461
f 461 419 462
f 461 462 459
f 459 462 396
f 459 396 457
f 457 396 398
f 457 398 400
f 396 462 394
f 394 462 419
f 394 419 418
f 394 418 392
f 392 418 417
f 392 417 390
f 390 417 416
f 390 416 388
f 388 416 463
f 388 463 386
f 386 463 415
f 386 415 385
f 385 415 384
f 454 452 455
f 455 452 456
f 456 452 458
f 458 452 450
f 458 450 460
f 460 450 421
f 421 450 422
f 422 450 448
f 422 448 423
f 451 453 449
f 449 453 464
f 449 464 465
f 465 464 466
f 465 466 467
f 467 466 468
f 467 468 469
f 469 468 470
f 469 470 471
f 471 470 472
f 471 472 473
f 473 472 474
f 473 474 26
f 26 474 28
f 28 474 30
f 30 474 475
f 30 475 32
f 32 475 73
f 26 440 473
f 473 440 471
f 440 442 471
f 471 442 476
f 471 476 469
f 469 476 467
f 442 444 476
f 476 444 477
f 476 477 467
f 467 477 465
f 444 446 477
f 477 446 478
f 477 478 465
f 465 478 449
f 449 478 447
f 447 478 446
f 433 431 439
f 439 431 479
f 439 479 441
f 441 479 480
f 441 480 481
f 481 480 482
f 481 482 483
f 483 482 423
f 483 423 484
f 484 423 445
f 484 445 443
f 484 443 483
f 483 443 481
f 431 429 479
f 479 429 480
f 429 427 480
f 480 427 482
f 167 165 263
f 263 165 265
f 165 163 265
f 265 163 267
f 256 254 258
f 258 254 485
f 258 485 260
f 260 485 486
f 260 486 173
f 173 486 175
f 254 252 485
f 485 252 487
f 485 487 486
f 486 487 488
f 486 488 175
f 175 488 177
f 252 250 487
f 487 250 489
f 487 489 488
f 488 489 490
f 488 490 177
f 177 490 179
f 250 249 489
f 489 249 491
f 489 491 490
f 490 491 492
f 490 492 179
f 179 492 181
f 249 248 491
f 491 248 493
f 491 493 492
f 492 493 494
f 492 494 181
f 181 494 183
f 248 247 493
f 493 247 495
f 493 495 494
f 494 495 496
f 494 496 183
f 183 496 185
f 247 246 495
f 495 246 497
f 495 497 496
f 496 497 498
f 496 498 185
f 185 498 187
f 246 245 497
f 497 245 499
f 497 499 498
f 498 499 500
f 498 500 187
f 187 500 189
f 189 500 213
f 213 500 501
f 213 501 215
f 215 501 243
f 215 243 217
f 243 501 244
f 244 501 499
f 244 499 245
f 193 214 195
f 195 214 216
f 195 216 197
f 197 216 218
f 197 218 220
f 3 5 86
f 86 5 502
f 86 502 88
f 88 502 503
f 88 503 90
f 90 503 504
f 90 504 92
f 92 504 505
f 92 505 94
f 94 505 96
f 5 7 502
f 502 7 506
f 502 506 503
f 503 506 507
f 503 507 504
f 504 507 508
f 504 508 505
f 505 508 509
f 505 509 96
f 96 509 98
f 7 9 506
f 506 9 11
f 506 11 510
f 510 11 13
f 510 13 511
f 511 13 15
f 511 15 512
f 512 15 17
f 512 17 509
f 509 17 513
f 509 513 98
f 98 513 21
f 21 513 19
f 19 513 17
f 509 508 512
f 512 508 511
f 508 507 511
f 511 507 510
f 2 514 4
f 4 514 515
f 4 515 6
f 6 515 516
f 6 516 8
f 8 516 517
f 8 517 518
f 518 517 519
f 518 519 520
f 520 519 521
f 520 521 322
f 322 521 522
f 322 522 523
f 523 522 524
f 523 524 525
f 525 524 526
f 525 526 527
f 527 526 528
f 527 528 529
f 529 528 530
f 529 530 531
f 531 530 532
f 531 532 533
f 533 532 534
f 533 534 535
f 535 534 536
f 535 536 537
f 537 536 538
f 537 538 539
f 539 538 540
f 539 540 541
f 541 540 542
f 541 542 543
f 543 542 544
f 543 544 545
f 545 544 546
f 545 546 547
f 547 546 548
f 547 548 549
f 549 548 550
f 549 550 551
f 551 550 552
f 551 552 553
f 553 552 554
f 553 554 555
f 555 554 556
f 555 556 557
f 557 556 558
f 557 558 559
f 559 558 560
f 559 560 561
f 561 560 562
f 561 562 563
f 563 562 564
f 563 564 565
f 565 564 566
f 565 566 567
f 567 566 568
f 567 568 569
f 569 568 570
f 569 570 571
f 571 570 572
f 571 572 573
f 573 572 574
f 573 574 575
f 575 574 576
f 575 576 577
f 577 576 578
f 577 578 579
f 579 578 580
f 579 580 581
f 581 580 582
f 581 582 583
f 583 582 584
f 583 584 585
f 585 584 586
f 585 586 587
f 587 586 588
f 587 588 589
f 589 588 590
f 589 590 591
f 591 590 592
f 591 592 593
f 593 592 594
f 593 594 595
f 595 594 596
f 595 596 597
f 597 596 598
f 597 598 599
f 599 598 600
f 599 600 601
f 601 600 602
f 601 602 603
f 603 602 604
f 603 604 605
f 605 604 606
f 605 606 607
f 607 606 608
f 607 608 609
f 609 608 610
f 609 610 611
f 611 610 568
f 611 568 612
f 612 568 566
f 612 566 613
f 613 566 564
f 613 564 562
f 596 594 598
f 598 594 614
f 598 614 615
f 615 614 616
f 615 616 617
f 617 616 618
f 617 618 619
f 619 618 620
f 619 620 621
f 621 620 576
f 621 576 574
f 576 620 578
f 578 620 622
f 578 622 580
f 580 622 582
f 620 618 622
f 622 618 623
f 622 623 624
f 624 623 625
f 624 625 626
f 626 625 586
f 626 586 584
f 626 584 624
f 624 584 582
f 624 582 622
f 618 616 623
f 623 616 627
f 623 627 625
f 625 627 590
f 625 590 586
f 586 590 588
f 590 627 592
f 592 627 614
f 592 614 594
f 581 583 579
f 579 583 628
f 579 628 629
f 629 628 630
f 629 630 631
f 631 630 632
f 631 632 633
f 633 632 634
f 633 634 635
f 635 634 636
f 635 636 637
f 637 636 638
f 637 638 639
f 639 638 640
f 639 640 641
f 641 640 642
f 641 642 643
f 643 642 644
f 643 644 645
f 645 644 646
f 645 646 647
f 647 646 648
f 647 648 649
f 649 648 561
f 649 561 650
f 650 561 563
f 650 563 651
f 651 563 565
f 651 565 567
f 567 569 651
f 651 569 652
f 651 652 653
f 653 652 654
f 653 654 655
f 655 654 656
f 655 656 657
f 657 656 658
f 657 658 659
f 659 658 660
f 659 660 661
f 661 660 662
f 661 662 663
f 663 662 664
f 663 664 635
f 635 664 633
f 633 664 631
f 631 664 629
f 664 662 629
f 629 662 665
f 629 665 579
f 579 665 666
f 579 666 577
f 577 666 667
f 577 667 668
f 668 667 669
f 668 669 670
f 670 669 571
f 670 571 573
f 573 575 670
f 670 575 668
f 662 660 665
f 665 660 671
f 665 671 666
f 666 671 672
f 666 672 667
f 667 672 669
f 660 658 671
f 671 658 672
f 658 656 672
f 672 656 669
f 656 654 669
f 669 654 571
f 654 652 571
f 571 652 569
f 635 637 663
f 663 637 673
f 663 673 661
f 661 673 674
f 661 674 659
f 659 674 675
f 659 675 657
f 657 675 676
f 657 676 655
f 655 676 653
f 653 676 651
f 651 676 650
f 676 675 650
f 650 675 649
f 561 648 559
f 559 648 557
f 648 646 557
f 557 646 644
f 557 644 677
f 677 644 642
f 677 642 678
f 678 642 679
f 678 679 680
f 680 679 681
f 680 681 682
f 682 681 683
f 682 683 684
f 684 683 685
f 684 685 686
f 686 685 687
f 686 687 688
f 688 687 689
f 688 689 690
f 690 689 691
f 690 691 692
f 692 691 693
f 692 693 694
f 694 693 695
f 694 695 696
f 696 695 697
f 696 697 698
f 698 697 699
f 698 699 700
f 700 699 701
f 700 701 702
f 702 701 703
f 702 703 704
f 704 703 705
f 704 705 706
f 706 705 707
f 706 707 708
f 708 707 709
f 708 709 710
f 710 709 547
f 710 547 549
f 549 551 710
f 710 551 711
f 710 711 712
f 712 711 713
f 712 713 714
f 714 713 715
f 714 715 716
f 716 715 717
f 716 717 718
f 718 717 719
f 718 719 720
f 720 719 680
f 720 680 721
f 721 680 682
f 721 682 722
f 722 682 723
f 722 723 724
f 724 723 725
f 724 725 726
f 726 725 727
f 726 727 728
f 728 727 729
f 728 729 730
f 730 729 731
f 730 731 732
f 732 731 733
f 732 733 734
f 734 733 735
f 734 735 736
f 736 735 737
f 736 737 738
f 738 737 739
f 738 739 730
f 730 739 728
f 730 732 738
f 738 732 736
f 723 682 725
f 725 682 684
f 725 684 727
f 727 684 686
f 727 686 729
f 729 686 688
f 729 688 731
f 731 688 690
f 731 690 733
f 733 690 692
f 733 692 740
f 740 692 694
f 740 694 741
f 741 694 696
f 741 696 698
f 680 719 678
f 678 719 717
f 678 717 742
f 742 717 743
f 742 743 555
f 555 743 553
f 717 715 743
f 743 715 713
f 743 713 711
f 743 711 553
f 553 711 551
f 678 742 677
f 677 742 555
f 677 555 557
f 710 712 708
f 708 712 744
f 708 744 706
f 706 744 745
f 706 745 704
f 704 745 702
f 642 640 679
f 679 640 746
f 679 746 681
f 681 746 683
f 322 523 320
f 320 523 318
f 322 324 520
f 520 324 518
f 324 326 518
f 518 326 8
f 747 748 749
f 749 748 750
f 749 750 751
f 751 750 752
f 751 752 753
f 753 752 754
f 753 754 755
f 755 754 756
f 755 756 757
f 757 756 758
f 757 758 759
f 759 758 760
f 759 760 761
f 761 760 762
f 761 762 763
f 763 762 764
f 763 764 765
f 765 764 766
f 765 766 767
f 767 766 768
f 767 768 769
f 769 768 770
f 769 770 771
f 771 770 772
f 771 772 773
f 773 772 774
f 773 774 282
f 282 774 775
f 282 775 280
f 280 775 278
f 282 284 773
f 773 284 776
f 773 776 771
f 771 776 777
f 771 777 769
f 769 777 778
f 769 778 767
f 767 778 779
f 767 779 765
f 765 779 763
f 763 779 761
f 761 779 780
f 761 780 759
f 759 780 781
f 759 781 757
f 757 781 782
f 757 782 783
f 783 782 784
f 783 784 785
f 785 784 786
f 785 786 787
f 787 786 788
f 787 788 789
f 789 788 790
f 789 790 791
f 791 790 528
f 791 528 792
f 792 528 526
f 792 526 793
f 793 526 524
f 793 524 522
f 522 521 793
f 793 521 794
f 793 794 795
f 795 794 796
f 795 796 797
f 797 796 798
f 797 798 799
f 799 798 753
f 799 753 800
f 800 753 755
f 800 755 783
f 783 755 757
f 783 785 800
f 800 785 801
f 800 801 799
f 799 801 802
f 799 802 797
f 797 802 803
f 797 803 795
f 795 803 792
f 795 792 793
f 785 787 801
f 801 787 802
f 787 789 802
f 802 789 803
f 803 789 792
f 792 789 791
f 753 798 751
f 751 798 796
f 751 796 804
f 804 796 794
f 804 794 519
f 519 794 521
f 519 517 804
f 804 517 747
f 804 747 749
f 528 790 530
f 530 790 805
f 530 805 806
f 806 805 807
f 806 807 808
f 808 807 809
f 808 809 534
f 534 809 536
f 808 534 806
f 806 534 532
f 806 532 530
f 758 756 760
f 760 756 810
f 760 810 811
f 811 810 812
f 811 812 813
f 813 812 814
f 813 814 815
f 815 814 816
f 815 816 817
f 817 816 818
f 817 818 819
f 819 818 820
f 819 820 821
f 821 820 822
f 821 822 823
f 823 822 824
f 823 824 825
f 825 824 1
f 825 1 826
f 826 1 85
f 826 85 827
f 827 85 87
f 827 87 828
f 828 87 89
f 828 89 829
f 829 89 91
f 829 91 830
f 830 91 93
f 830 93 831
f 831 93 95
f 831 95 97
f 825 826 823
f 823 826 832
f 823 832 833
f 833 832 834
f 833 834 835
f 835 834 836
f 835 836 837
f 837 836 838
f 837 838 839
f 839 838 840
f 839 840 841
f 841 840 842
f 841 842 843
f 843 842 844
f 843 844 845
f 845 844 846
f 845 846 847
f 847 846 848
f 847 848 849
f 849 848 850
f 849 850 851
f 851 850 852
f 851 852 853
f 853 852 854
f 853 854 855
f 855 854 856
f 855 856 857
f 857 856 858
f 857 858 859
f 859 858 860
f 859 860 861
f 861 860 862
f 861 862 863
f 863 862 864
f 863 864 865
f 865 864 866
f 865 866 867
f 867 866 868
f 867 868 869
f 869 868 870
f 869 870 871
f 871 870 872
f 871 872 873
f 873 872 874
f 873 874 875
f 875 874 876
f 875 876 877
f 877 876 878
f 877 878 879
f 879 878 880
f 879 880 881
f 881 880 882
f 881 882 883
f 883 882 884
f 883 884 885
f 885 884 856
f 885 856 854
f 869 871 867
f 867 871 886
f 867 886 887
f 887 886 875
f 887 875 888
f 888 875 877
f 888 877 879
f 875 886 873
f 873 886 871
f 867 887 865
f 865 887 889
f 865 889 863
f 863 889 890
f 863 890 891
f 891 890 892
f 891 892 893
f 893 892 894
f 893 894 895
f 895 894 896
f 895 896 897
f 897 896 898
f 897 898 899
f 899 898 900
f 899 900 901
f 901 900 902
f 901 902 903
f 903 902 904
f 903 904 905
f 905 904 906
f 905 906 907
f 907 906 908
f 907 908 843
f 843 908 841
f 843 845 907
f 907 845 847
f 907 847 849
f 907 849 905
f 905 849 851
f 905 851 901
f 901 851 853
f 901 853 909
f 909 853 910
f 909 910 911
f 911 910 859
f 911 859 895
f 895 859 912
f 895 912 893
f 893 912 861
f 893 861 891
f 891 861 863
f 895 897 911
f 911 897 899
f 911 899 909
f 909 899 901
f 859 910 857
f 857 910 855
f 887 888 889
f 889 888 913
f 889 913 890
f 890 913 914
f 890 914 892
f 892 914 915
f 892 915 916
f 916 915 917
f 916 917 894
f 894 917 896
f 888 879 913
f 913 879 914
f 840 838 842
f 842 838 918
f 842 918 844
f 844 918 919
f 844 919 846
f 846 919 920
f 846 920 921
f 921 920 922
f 921 922 923
f 923 922 917
f 923 917 915
f 832 826 834
f 834 826 827
f 834 827 836
f 836 827 828
f 836 828 924
f 924 828 829
f 924 829 830
f 836 924 838
f 838 924 925
f 838 925 918
f 918 925 926
f 918 926 919
f 919 926 927
f 919 927 920
f 920 927 922
f 924 830 925
f 925 830 926
f 1 824 2
f 2 824 822
f 2 822 928
f 928 822 929
f 928 929 930
f 930 929 931
f 930 931 932
f 932 931 748
f 932 748 747
f 822 820 929
f 929 820 818
f 929 818 816
f 929 816 931
f 931 816 933
f 931 933 748
f 748 933 750
f 816 814 933
f 933 814 934
f 933 934 750
f 750 934 752
f 814 812 934
f 934 812 752
f 752 812 754
f 754 812 810
f 754 810 756
f 2 928 514
f 514 928 930
f 514 930 935
f 935 930 932
f 935 932 936
f 936 932 747
f 936 747 517
f 517 516 936
f 936 516 515
f 936 515 935
f 935 515 514
f 760 811 762
f 762 811 937
f 762 937 764
f 764 937 938
f 764 938 766
f 766 938 939
f 766 939 768
f 768 939 940
f 768 940 770
f 770 940 941
f 770 941 942
f 942 941 943
f 942 943 944
f 944 943 945
f 944 945 946
f 946 945 947
f 946 947 948
f 948 947 949
f 948 949 276
f 276 949 274
f 276 278 948
f 948 278 775
f 948 775 946
f 946 775 774
f 946 774 944
f 944 774 772
f 944 772 942
f 942 772 770
f 950 951 952
f 952 951 953
f 952 953 954
f 954 953 955
f 954 955 956
f 956 955 957
f 956 957 958
f 958 957 959
f 958 959 960
f 960 959 961
f 960 961 962
f 962 961 963
f 962 963 964
f 964 963 965
f 964 965 966
f 966 965 967
f 966 967 968
f 968 967 969
f 968 969 970
f 970 969 971
f 970 971 972
f 972 971 973
f 972 973 974
f 974 973 975
f 974 975 976
f 976 975 977
f 976 977 978
f 978 977 961
f 978 961 959
f 961 977 963
f 963 977 979
f 963 979 965
f 965 979 980
f 965 980 967
f 967 980 981
f 967 981 969
f 969 981 982
f 969 982 971
f 971 982 983
f 971 983 973
f 973 983 975
f 983 982 975
f 975 982 981
f 975 981 980
f 980 979 975
f 975 979 977
f 951 950 984
f 984 950 985
f 984 985 986
f 986 985 987
f 986 987 988
f 988 987 989
f 988 989 990
f 990 989 991
f 990 991 992
f 992 991 993
f 992 993 994
f 994 993 995
f 994 995 996
f 996 995 997
f 996 997 998
f 998 997 999
f 998 999 1000
f 1000 999 1001
f 1000 1001 1002
f 1002 1001 1003
f 1002 1003 1004
f 1004 1003 1005
f 1004 1005 1006
f 1006 1005 1007
f 1006 1007 1008
f 1008 1007 1009
f 1008 1009 1010
f 1010 1009 1011
f 1010 1011 1012
f 1012 1011 908
f 1012 908 906
f 906 904 1012
f 1012 904 1010
f 991 989 993
f 993 989 987
f 993 987 985
f 993 985 995
f 995 985 1013
f 995 1013 1014
f 1014 1013 1015
f 1014 1015 1016
f 1016 1015 1017
f 1016 1017 1018
f 1018 1017 1019
f 1018 1019 1020
f 1020 1019 1021
f 1020 1021 1022
f 1022 1021 1023
f 1022 1023 1024
f 1024 1023 1025
f 1024 1025 1026
f 1026 1025 1027
f 1026 1027 1028
f 1028 1027 1029
f 1028 1029 1030
f 1030 1029 1031
f 1030 1031 1032
f 1032 1031 1033
f 1032 1033 1034
f 1034 1033 1035
f 1034 1035 1036
f 1036 1035 1037
f 1036 1037 1038
f 1038 1037 1039
f 1038 1039 1040
f 1040 1039 1041
f 1040 1041 264
f 264 1041 261
f 261 1041 262
f 262 1041 1042
f 262 1042 254
f 254 1042 1043
f 254 1043 1044
f 1044 1043 1045
f 1044 1045 1046
f 1046 1045 1047
f 1046 1047 1048
f 1048 1047 1049
f 1048 1049 1050
f 1050 1049 1051
f 1050 1051 1052
f 1052 1051 1053
f 1052 1053 1054
f 1054 1053 1055
f 1054 1055 1056
f 1056 1055 1057
f 1056 1057 1058
f 1058 1057 1059
f 1058 1059 1060
f 1060 1059 1031
f 1060 1031 1061
f 1061 1031 1029
f 1061 1029 1062
f 1062 1029 1027
f 1062 1027 1063
f 1063 1027 1025
f 1063 1025 1064
f 1064 1025 1023
f 1064 1023 1021
f 1031 1059 1033
f 1033 1059 1057
f 1033 1057 1035
f 1035 1057 1065
f 1035 1065 1037
f 1037 1065 1066
f 1037 1066 1039
f 1039 1066 1067
f 1039 1067 1041
f 1041 1067 1042
f 1057 1055 1065
f 1065 1055 1068
f 1065 1068 1066
f 1066 1068 1069
f 1066 1069 1067
f 1067 1069 1042
f 1055 1053 1068
f 1068 1053 1070
f 1068 1070 1069
f 1069 1070 1042
f 1053 1051 1070
f 1070 1051 1071
f 1070 1071 1072
f 1072 1071 1073
f 1072 1073 1043
f 1043 1073 1045
f 1045 1073 1047
f 1047 1073 1049
f 1073 1071 1049
f 1049 1071 1051
f 1043 1042 1072
f 1072 1042 1070
f 254 1044 262
f 262 1044 235
f 264 266 1040
f 1040 266 1074
f 1040 1074 1038
f 1038 1074 1075
f 1038 1075 1076
f 1076 1075 1077
f 1076 1077 1078
f 1078 1077 1079
f 1078 1079 1080
f 1080 1079 1081
f 1080 1081 1082
f 1082 1081 1083
f 1082 1083 1084
f 1084 1083 1085
f 1084 1085 1086
f 1086 1085 1087
f 1086 1087 1088
f 1088 1087 1089
f 1088 1089 1090
f 1090 1089 1091
f 1090 1091 1092
f 1092 1091 1093
f 1092 1093 1094
f 1094 1093 1095
f 1094 1095 1096
f 1096 1095 1097
f 1096 1097 1098
f 1098 1097 819
f 1098 819 821
f 819 1097 817
f 817 1097 1095
f 817 1095 1099
f 1099 1095 938
f 1099 938 937
f 938 1095 939
f 939 1095 1093
f 939 1093 940
f 940 1093 1091
f 940 1091 941
f 941 1091 1089
f 941 1089 943
f 943 1089 945
f 1089 1087 945
f 945 1087 1100
f 945 1100 947
f 947 1100 1101
f 947 1101 949
f 949 1101 1102
f 949 1102 274
f 274 1102 272
f 1087 1085 1100
f 1100 1085 1103
f 1100 1103 1101
f 1101 1103 1104
f 1101 1104 1102
f 1102 1104 1105
f 1102 1105 272
f 272 1105 1106
f 272 1106 270
f 270 1106 268
f 1085 1083 1103
f 1103 1083 1107
f 1103 1107 1104
f 1104 1107 1108
f 1104 1108 1105
f 1105 1108 1106
f 1083 1081 1107
f 1107 1081 1079
f 1107 1079 1108
f 1108 1079 1077
f 1108 1077 1106
f 1106 1077 1075
f 1106 1075 268
f 268 1075 266
f 1038 1076 1036
f 1036 1076 1109
f 1036 1109 1034
f 1034 1109 1110
f 1034 1110 1032
f 1032 1110 1111
f 1032 1111 1030
f 1030 1111 1028
f 1076 1078 1109
f 1109 1078 1112
f 1109 1112 1110
f 1110 1112 1113
f 1110 1113 1111
f 1111 1113 1028
f 1028 1113 1026
f 1026 1113 1114
f 1026 1114 1024
f 1024 1114 1115
f 1024 1115 1022
f 1022 1115 1116
f 1022 1116 1117
f 1117 1116 1118
f 1117 1118 1119
f 1119 1118 1120
f 1119 1120 1121
f 1121 1120 1122
f 1121 1122 1123
f 1123 1122 1124
f 1123 1124 1125
f 1125 1124 1098
f 1125 1098 1126
f 1126 1098 821
f 1126 821 823
f 1098 1124 1096
f 1096 1124 1127
f 1096 1127 1094
f 1094 1127 1092
f 1124 1122 1127
f 1127 1122 1128
f 1127 1128 1092
f 1092 1128 1090
f 1022 1117 1020
f 1020 1117 1129
f 1020 1129 1018
f 1018 1129 1130
f 1018 1130 1016
f 1016 1130 1131
f 1016 1131 1014
f 1014 1131 1132
f 1014 1132 995
f 995 1132 997
f 1117 1119 1129
f 1129 1119 1133
f 1129 1133 1130
f 1130 1133 1134
f 1130 1134 1131
f 1131 1134 1135
f 1131 1135 1132
f 1132 1135 1136
f 1132 1136 997
f 997 1136 999
f 1078 1080 1112
f 1112 1080 1137
f 1112 1137 1113
f 1113 1137 1114
f 1080 1082 1137
f 1137 1082 1138
f 1137 1138 1114
f 1114 1138 1115
f 1082 1084 1138
f 1138 1084 1139
f 1138 1139 1115
f 1115 1139 1116
f 1084 1086 1139
f 1139 1086 1140
f 1139 1140 1116
f 1116 1140 1118
f 1086 1088 1140
f 1140 1088 1141
f 1140 1141 1118
f 1118 1141 1120
f 1120 1141 1122
f 1122 1141 1128
f 1128 1141 1090
f 1090 1141 1088
f 985 950 1013
f 1013 950 1142
f 1013 1142 1015
f 1015 1142 1143
f 1015 1143 1144
f 1144 1143 1145
f 1144 1145 1146
f 1146 1145 1147
f 1146 1147 1148
f 1148 1147 1149
f 1148 1149 1150
f 1150 1149 1151
f 1150 1151 1152
f 1152 1151 1153
f 1152 1153 1061
f 1061 1153 1060
f 1061 1062 1152
f 1152 1062 1150
f 1015 1144 1017
f 1017 1144 1154
f 1017 1154 1019
f 1019 1154 1155
f 1019 1155 1021
f 1021 1155 1064
f 1064 1155 1063
f 1063 1155 1156
f 1063 1156 1157
f 1157 1156 1148
f 1157 1148 1150
f 1150 1062 1157
f 1157 1062 1063
f 1148 1156 1146
f 1146 1156 1154
f 1146 1154 1144
f 952 954 1158
f 1158 954 956
f 1158 956 1159
f 1159 956 958
f 1159 958 1160
f 1160 958 960
f 1160 960 962
f 962 964 1160
f 1160 964 1161
f 1160 1161 1162
f 1162 1161 1163
f 1162 1163 1164
f 1164 1163 1165
f 1164 1165 1166
f 1166 1165 1167
f 1166 1167 1168
f 1168 1167 1169
f 1168 1169 1170
f 1170 1169 1171
f 1170 1171 1172
f 1172 1171 1173
f 1172 1173 1174
f 1174 1173 1175
f 1174 1175 1176
f 1176 1175 1177
f 1176 1177 1178
f 1178 1177 1179
f 1178 1179 1180
f 1180 1179 1181
f 1180 1181 1182
f 1182 1181 1183
f 1182 1183 1184
f 1184 1183 1185
f 1184 1185 1186
f 1186 1185 1187
f 1186 1187 1188
f 1188 1187 1189
f 1188 1189 1190
f 1190 1189 1191
f 1190 1191 1192
f 1192 1191 1193
f 1192 1193 1194
f 1194 1193 1195
f 1194 1195 1196
f 1196 1195 1197
f 1196 1197 1198
f 1198 1197 1199
f 1198 1199 1200
f 1200 1199 1201
f 1200 1201 1202
f 1202 1201 1203
f 1202 1203 1204
f 1204 1203 1205
f 1204 1205 1149
f 1149 1205 1151
f 1149 1147 1204
f 1204 1147 1206
f 1204 1206 1202
f 1202 1206 1207
f 1202 1207 1200
f 1200 1207 1208
f 1200 1208 1209
f 1209 1208 1210
f 1209 1210 1211
f 1211 1210 1212
f 1211 1212 1213
f 1213 1212 1214
f 1213 1214 1215
f 1215 1214 1192
f 1215 1192 1194
f 1194 1196 1215
f 1215 1196 1213
f 1213 1196 1211
f 1211 1196 1198
f 1211 1198 1209
f 1209 1198 1200
f 1147 1145 1206
f 1206 1145 1216
f 1206 1216 1217
f 1217 1216 1142
f 1217 1142 950
f 950 952 1217
f 1217 952 1207
f 1217 1207 1206
f 952 1158 1207
f 1207 1158 1218
f 1207 1218 1208
f 1208 1218 1219
f 1208 1219 1210
f 1210 1219 1162
f 1210 1162 1212
f 1212 1162 1164
f 1212 1164 1220
f 1220 1164 1166
f 1220 1166 1221
f 1221 1166 1168
f 1221 1168 1170
f 1212 1220 1214
f 1214 1220 1221
f 1214 1221 1222
f 1222 1221 1223
f 1222 1223 1224
f 1224 1223 1225
f 1224 1225 1226
f 1226 1225 1227
f 1226 1227 1228
f 1228 1227 1229
f 1228 1229 1230
f 1230 1229 1231
f 1230 1231 1232
f 1232 1231 1233
f 1232 1233 1234
f 1234 1233 1235
f 1234 1235 1236
f 1236 1235 1237
f 1236 1237 1238
f 1238 1237 1239
f 1238 1239 1240
f 1240 1239 1241
f 1240 1241 1242
f 1242 1241 1243
f 1242 1243 1244
f 1244 1243 1245
f 1244 1245 1246
f 1246 1245 1247
f 1246 1247 1248
f 1248 1247 1249
f 1248 1249 1250
f 1250 1249 1251
f 1250 1251 1252
f 1252 1251 1225
f 1252 1225 1223
f 1225 1251 1227
f 1227 1251 1249
f 1227 1249 1253
f 1253 1249 1254
f 1253 1254 1255
f 1255 1254 1256
f 1255 1256 1257
f 1257 1256 1258
f 1257 1258 1259
f 1259 1258 1239
f 1259 1239 1237
f 1249 1247 1254
f 1254 1247 1260
f 1254 1260 1261
f 1261 1260 1262
f 1261 1262 1263
f 1263 1262 1241
f 1263 1241 1264
f 1264 1241 1239
f 1264 1239 1258
f 1258 1256 1264
f 1264 1256 1263
f 1263 1256 1261
f 1261 1256 1254
f 1247 1245 1260
f 1260 1245 1262
f 1227 1253 1229
f 1229 1253 1255
f 1229 1255 1231
f 1231 1255 1257
f 1231 1257 1233
f 1233 1257 1259
f 1233 1259 1237
f 1221 1170 1223
f 1223 1170 1252
f 1170 1172 1252
f 1252 1172 1265
f 1252 1265 1250
f 1250 1265 1266
f 1250 1266 1248
f 1248 1266 1246
f 1172 1174 1265
f 1265 1174 1266
f 1214 1222 1192
f 1192 1222 1190
f 1222 1224 1190
f 1190 1224 1267
f 1190 1267 1188
f 1188 1267 1226
f 1188 1226 1186
f 1186 1226 1228
f 1186 1228 1184
f 1184 1228 1230
f 1184 1230 1180
f 1180 1230 1232
f 1180 1232 1234
f 1180 1234 1178
f 1178 1234 1176
f 1162 1219 1160
f 1160 1219 1218
f 1160 1218 1159
f 1159 1218 1158
f 1142 1216 1143
f 1143 1216 1145
f 1181 1179 1183
f 1183 1179 1268
f 1183 1268 1269
f 1269 1268 1270
f 1269 1270 1271
f 1271 1270 1272
f 1271 1272 1189
f 1189 1272 1191
f 1189 1187 1271
f 1271 1187 1269
f 1187 1185 1269
f 1269 1185 1183
f 1179 1177 1268
f 1268 1177 1273
f 1268 1273 1270
f 1270 1273 1274
f 1270 1274 1275
f 1275 1274 1276
f 1275 1276 1277
f 1277 1276 1278
f 1277 1278 1279
f 1279 1278 1280
f 1279 1280 1281
f 1281 1280 1282
f 1281 1282 1283
f 1283 1282 1284
f 1283 1284 1285
f 1285 1284 1286
f 1285 1286 1287
f 1287 1286 1288
f 1287 1288 1289
f 1289 1288 1290
f 1289 1290 1291
f 1291 1290 1292
f 1291 1292 1293
f 1293 1292 1294
f 1293 1294 1295
f 1295 1294 1296
f 1295 1296 1297
f 1297 1296 1298
f 1297 1298 1299
f 1299 1298 1300
f 1299 1300 1301
f 1301 1300 1302
f 1301 1302 1303
f 1303 1302 1304
f 1303 1304 1305
f 1305 1304 1306
f 1305 1306 1307
f 1307 1306 1290
f 1307 1290 970
f 970 1290 968
f 1307 970 1305
f 1305 970 1308
f 1305 1308 1309
f 1309 1308 1310
f 1309 1310 978
f 978 1310 976
f 976 1310 974
f 974 1310 972
f 1310 1308 972
f 972 1308 970
f 978 959 1309
f 1309 959 957
f 1309 957 1311
f 1311 957 1312
f 1311 1312 1313
f 1313 1312 1314
f 1313 1314 1315
f 1315 1314 1316
f 1315 1316 1317
f 1317 1316 1318
f 1317 1318 1319
f 1319 1318 1320
f 1319 1320 1321
f 1321 1320 1322
f 1321 1322 1323
f 1323 1322 1324
f 1323 1324 1325
f 1325 1324 1326
f 1325 1326 1327
f 1327 1326 1328
f 1327 1328 1329
f 1329 1328 1330
f 1329 1330 1331
f 1331 1330 1332
f 1331 1332 1333
f 1333 1332 1334
f 1333 1334 1335
f 1335 1334 1336
f 1335 1336 1337
f 1337 1336 1338
f 1337 1338 1339
f 1339 1338 998
f 1339 998 1340
f 1340 998 1000
f 1340 1000 1341
f 1341 1000 1342
f 1341 1342 1343
f 1343 1342 1344
f 1343 1344 1345
f 1345 1344 1346
f 1345 1346 1347
f 1347 1346 1002
f 1347 1002 1004
f 1004 1006 1347
f 1347 1006 1348
f 1347 1348 1349
f 1349 1348 1350
f 1349 1350 1351
f 1351 1350 1352
f 1351 1352 1353
f 1353 1352 1354
f 1353 1354 1355
f 1355 1354 1356
f 1355 1356 1357
f 1357 1356 114
f 1357 114 1358
f 1358 114 116
f 1358 116 1359
f 1359 116 1360
f 1359 1360 1361
f 1361 1360 1362
f 1361 1362 1363
f 1363 1362 1364
f 1363 1364 1365
f 1365 1364 1366
f 1365 1366 1367
f 1367 1366 1368
f 1367 1368 1369
f 1369 1368 1370
f 1369 1370 1371
f 1371 1370 1372
f 1371 1372 1373
f 1373 1372 1374
f 1373 1374 1375
f 1375 1374 1376
f 1375 1376 1377
f 1377 1376 1378
f 1377 1378 1379
f 1379 1378 132
f 1379 132 134
f 1357 1358 1355
f 1355 1358 1359
f 1355 1359 1361
f 1347 1349 1345
f 1345 1349 1380
f 1345 1380 1381
f 1381 1380 1382
f 1381 1382 1383
f 1383 1382 1384
f 1383 1384 1385
f 1385 1384 1386
f 1385 1386 1387
f 1387 1386 1365
f 1387 1365 1367
f 1367 1369 1387
f 1387 1369 1388
f 1387 1388 1385
f 1385 1388 1389
f 1385 1389 1381
f 1381 1389 1390
f 1381 1390 1343
f 1343 1390 1341
f 1341 1390 1340
f 1340 1390 1339
f 1339 1390 1337
f 1337 1390 1391
f 1337 1391 1335
f 1335 1391 1392
f 1335 1392 1333
f 1333 1392 1393
f 1333 1393 1331
f 1331 1393 1329
f 1390 1389 1391
f 1391 1389 1392
f 1365 1386 1363
f 1363 1386 1361
f 1386 1384 1361
f 1361 1384 1355
f 1355 1384 1353
f 1353 1384 1382
f 1353 1382 1351
f 1351 1382 1380
f 1351 1380 1349
f 1006 1008 1348
f 1348 1008 1394
f 1348 1394 1350
f 1350 1394 1395
f 1350 1395 102
f 102 1395 100
f 1395 1394 100
f 100 1394 1396
f 100 1396 1397
f 1397 1396 1398
f 1397 1398 831
f 831 1398 1399
f 831 1399 1400
f 1400 1399 1401
f 1400 1401 926
f 926 1401 927
f 926 830 1400
f 1400 830 831
f 831 97 1397
f 1397 97 100
f 1008 1010 1394
f 1394 1010 1396
f 1346 1344 1002
f 1002 1344 1000
f 1327 1329 1325
f 1325 1329 1402
f 1325 1402 1403
f 1403 1402 1369
f 1403 1369 1371
f 1369 1402 1388
f 1388 1402 1329
f 1388 1329 1404
f 1404 1329 1393
f 1404 1393 1392
f 1392 1389 1404
f 1404 1389 1388
f 1317 1319 1315
f 1315 1319 1321
f 1315 1321 1313
f 1313 1321 1323
f 1313 1323 1305
f 1305 1323 1405
f 1305 1405 1406
f 1406 1405 1325
f 1406 1325 1407
f 1407 1325 1408
f 1407 1408 1409
f 1409 1408 1410
f 1409 1410 1411
f 1411 1410 1412
f 1411 1412 1413
f 1413 1412 1414
f 1413 1414 1415
f 1415 1414 1416
f 1415 1416 1417
f 1417 1416 1418
f 1417 1418 1419
f 1419 1418 1420
f 1419 1420 1421
f 1421 1420 1422
f 1421 1422 1423
f 1423 1422 1424
f 1423 1424 1409
f 1409 1424 1407
f 1407 1424 1406
f 1406 1424 1425
f 1406 1425 1426
f 1426 1425 1418
f 1426 1418 1416
f 1418 1425 1420
f 1420 1425 1422
f 1406 1426 1305
f 1305 1426 1427
f 1305 1427 1303
f 1303 1427 1375
f 1303 1375 1428
f 1428 1375 1429
f 1428 1429 1430
f 1430 1429 1431
f 1430 1431 1432
f 1432 1431 1433
f 1432 1433 1434
f 1434 1433 1295
f 1434 1295 1297
f 1297 1299 1434
f 1434 1299 1435
f 1434 1435 1432
f 1432 1435 1430
f 1430 1435 1428
f 1428 1435 1301
f 1428 1301 1303
f 1295 1433 1293
f 1293 1433 1436
f 1293 1436 1291
f 1291 1436 1289
f 1375 1377 1429
f 1429 1377 1437
f 1429 1437 1431
f 1431 1437 1438
f 1431 1438 1439
f 1439 1438 1440
f 1439 1440 1441
f 1441 1440 1442
f 1441 1442 1443
f 1443 1442 1444
f 1443 1444 1445
f 1445 1444 1446
f 1445 1446 1447
f 1447 1446 1448
f 1447 1448 1449
f 1449 1448 1450
f 1449 1450 1451
f 1451 1450 1452
f 1451 1452 1453
f 1453 1452 1454
f 1453 1454 1455
f 1455 1454 1456
f 1455 1456 1457
f 1457 1456 1289
f 1457 1289 1436
f 1289 1456 1287
f 1287 1456 1458
f 1287 1458 1459
f 1459 1458 1460
f 1459 1460 1461
f 1461 1460 1462
f 1461 1462 1463
f 1463 1462 1464
f 1463 1464 1465
f 1465 1464 1466
f 1465 1466 1467
f 1467 1466 1468
f 1467 1468 1469
f 1469 1468 1470
f 1469 1470 1471
f 1471 1470 1472
f 1471 1472 1473
f 1473 1472 1474
f 1473 1474 1475
f 1475 1474 1476
f 1475 1476 1477
f 1477 1476 1478
f 1477 1478 1479
f 1479 1478 1480
f 1479 1480 1481
f 1481 1480 1482
f 1481 1482 1483
f 1483 1482 1484
f 1483 1484 1485
f 1485 1484 1201
f 1485 1201 1199
f 1201 1484 1203
f 1203 1484 1482
f 1203 1482 1205
f 1205 1482 1151
f 1481 1483 1479
f 1479 1483 1486
f 1479 1486 1477
f 1477 1486 1487
f 1477 1487 1475
f 1475 1487 1488
f 1475 1488 1473
f 1473 1488 1489
f 1473 1489 1471
f 1471 1489 1490
f 1471 1490 1469
f 1469 1490 1467
f 1467 1490 1465
f 1465 1490 1491
f 1465 1491 1463
f 1463 1491 1492
f 1463 1492 1461
f 1461 1492 1493
f 1461 1493 1494
f 1494 1493 1495
f 1494 1495 1496
f 1496 1495 1497
f 1496 1497 1498
f 1498 1497 1499
f 1498 1499 1500
f 1500 1499 1501
f 1500 1501 1502
f 1502 1501 1485
f 1502 1485 1199
f 1199 1197 1502
f 1502 1197 1500
f 1197 1195 1500
f 1500 1195 1503
f 1500 1503 1504
f 1504 1503 1505
f 1504 1505 1498
f 1498 1505 1506
f 1498 1506 1496
f 1496 1506 1283
f 1496 1283 1494
f 1494 1283 1285
f 1494 1285 1287
f 1287 1459 1494
f 1494 1459 1461
f 1283 1506 1281
f 1281 1506 1279
f 1506 1505 1279
f 1279 1505 1507
f 1279 1507 1508
f 1508 1507 1193
f 1508 1193 1191
f 1191 1272 1508
f 1508 1272 1277
f 1508 1277 1279
f 1277 1272 1275
f 1275 1272 1270
f 1505 1503 1507
f 1507 1503 1193
f 1490 1489 1491
f 1491 1489 1509
f 1491 1509 1492
f 1492 1509 1510
f 1492 1510 1493
f 1493 1510 1495
f 1489 1488 1509
f 1509 1488 1511
f 1509 1511 1510
f 1510 1511 1512
f 1510 1512 1495
f 1495 1512 1497
f 1488 1487 1511
f 1511 1487 1513
f 1511 1513 1512
f 1512 1513 1514
f 1512 1514 1497
f 1497 1514 1499
f 1499 1514 1501
f 1501 1514 1515
f 1501 1515 1485
f 1485 1515 1483
f 1487 1486 1513
f 1513 1486 1516
f 1513 1516 1514
f 1514 1516 1515
f 1515 1516 1483
f 1483 1516 1486
f 1456 1454 1458
f 1458 1454 1517
f 1458 1517 1460
f 1460 1517 1518
f 1460 1518 1462
f 1462 1518 1519
f 1462 1519 1464
f 1464 1519 1520
f 1464 1520 1466
f 1466 1520 1468
f 1450 1448 1452
f 1452 1448 1521
f 1452 1521 1522
f 1522 1521 1523
f 1522 1523 1524
f 1524 1523 1525
f 1524 1525 1526
f 1526 1525 1527
f 1526 1527 1528
f 1528 1527 1529
f 1528 1529 1520
f 1520 1529 1530
f 1520 1530 1468
f 1468 1530 1531
f 1468 1531 1470
f 1470 1531 1532
f 1470 1532 1533
f 1533 1532 1534
f 1533 1534 1535
f 1535 1534 1536
f 1535 1536 1537
f 1537 1536 1538
f 1537 1538 1539
f 1539 1538 1540
f 1539 1540 1541
f 1541 1540 1542
f 1541 1542 1543
f 1543 1542 1544
f 1543 1544 1545
f 1545 1544 1546
f 1545 1546 1547
f 1547 1546 1548
f 1547 1548 1549
f 1549 1548 1550
f 1549 1550 1551
f 1551 1550 239
f 1551 239 238
f 239 1550 240
f 240 1550 1552
f 240 1552 241
f 241 1552 1553
f 241 1553 242
f 242 1553 1554
f 242 1554 1555
f 1555 1554 1556
f 1555 1556 1557
f 1557 1556 1558
f 1557 1558 142
f 142 1558 140
f 140 1558 138
f 138 1558 1559
f 138 1559 136
f 136 1559 1560
f 136 1560 134
f 134 1560 1561
f 134 1561 1440
f 1440 1561 1442
f 1442 1561 1444
f 1444 1561 1562
f 1444 1562 1446
f 1446 1562 1563
f 1446 1563 1448
f 1448 1563 1521
f 1440 1438 134
f 134 1438 1379
f 1438 1437 1379
f 1379 1437 1377
f 142 144 1557
f 1557 144 1555
f 1535 1537 1533
f 1533 1537 1564
f 1533 1564 1470
f 1470 1564 1472
f 1520 1519 1528
f 1528 1519 1526
f 1519 1518 1526
f 1526 1518 1524
f 1518 1517 1524
f 1524 1517 1522
f 1517 1454 1522
f 1522 1454 1452
f 1419 1421 1417
f 1417 1421 1415
f 1415 1421 1413
f 1413 1421 1565
f 1413 1565 1411
f 1411 1565 1409
f 1409 1565 1423
f 1423 1565 1421
f 1325 1403 1408
f 1408 1403 1371
f 1408 1371 1410
f 1410 1371 1566
f 1410 1566 1412
f 1412 1566 1567
f 1412 1567 1414
f 1414 1567 1416
f 1371 1373 1566
f 1566 1373 1375
f 1566 1375 1567
f 1567 1375 1568
f 1567 1568 1416
f 1416 1568 1426
f 1426 1568 1427
f 1427 1568 1375
f 1313 1305 1311
f 1311 1305 1309
f 1290 1306 1292
f 1292 1306 1569
f 1292 1569 1294
f 1294 1569 1570
f 1294 1570 1296
f 1296 1570 1298
f 1288 1286 1290
f 1290 1286 1571
f 1290 1571 968
f 968 1571 966
f 1177 1175 1273
f 1273 1175 1274
f 1173 1171 1175
f 1175 1171 1572
f 1175 1572 1274
f 1274 1572 1573
f 1274 1573 1276
f 1276 1573 1574
f 1276 1574 1278
f 1278 1574 1575
f 1278 1575 1280
f 1280 1575 1282
f 1171 1169 1572
f 1572 1169 1573
f 1169 1167 1573
f 1573 1167 1574
f 951 984 1576
f 1576 984 986
f 1576 986 988
f 951 1576 953
f 953 1576 1577
f 953 1577 955
f 955 1577 957
f 1576 988 1577
f 1577 988 1578
f 1577 1578 1579
f 1579 1578 1328
f 1579 1328 1580
f 1580 1328 1581
f 1580 1581 1582
f 1582 1581 1583
f 1582 1583 1584
f 1584 1583 1585
f 1584 1585 1318
f 1318 1585 1586
f 1318 1586 1320
f 1320 1586 1322
f 1328 1326 1581
f 1581 1326 1587
f 1581 1587 1583
f 1583 1587 1585
f 1585 1587 1586
f 1586 1587 1322
f 1322 1587 1324
f 1324 1587 1326
f 1328 1578 1330
f 1330 1578 990
f 1330 990 992
f 1330 992 1332
f 1332 992 1334
f 992 994 1334
f 1334 994 996
f 1334 996 1588
f 1588 996 998
f 1588 998 1338
f 1338 1336 1588
f 1588 1336 1334
f 1577 1579 957
f 957 1579 1580
f 957 1580 1589
f 1589 1580 1582
f 1589 1582 1590
f 1590 1582 1584
f 1590 1584 1591
f 1591 1584 1318
f 1591 1318 1316
f 1316 1314 1591
f 1591 1314 1590
f 1590 1314 1589
f 1589 1314 1312
f 1589 1312 957
f 1472 1564 1592
f 1592 1564 1537
f 1592 1537 1593
f 1593 1537 1539
f 1593 1539 1594
f 1594 1539 1595
f 1594 1595 1056
f 1056 1595 1054
f 1056 1058 1594
f 1594 1058 1596
f 1594 1596 1593
f 1593 1596 1597
f 1593 1597 1592
f 1592 1597 1476
f 1592 1476 1474
f 1476 1597 1478
f 1478 1597 1598
f 1478 1598 1480
f 1480 1598 1599
f 1480 1599 1600
f 1600 1599 1153
f 1600 1153 1151
f 1151 1482 1600
f 1600 1482 1480
f 1153 1599 1060
f 1060 1599 1601
f 1060 1601 1058
f 1058 1601 1596
f 1599 1598 1601
f 1601 1598 1596
f 1539 1541 1595
f 1595 1541 1602
f 1595 1602 1054
f 1054 1602 1052
f 1541 1543 1602
f 1602 1543 1052
f 1052 1543 1050
f 1050 1543 1603
f 1050 1603 1048
f 1048 1603 1604
f 1048 1604 1046
f 1046 1604 1605
f 1046 1605 1606
f 1606 1605 1607
f 1606 1607 1608
f 1608 1607 237
f 1608 237 235
f 235 1044 1608
f 1608 1044 1606
f 237 1607 238
f 238 1607 1551
f 1607 1605 1551
f 1551 1605 1549
f 1605 1604 1549
f 1549 1604 1547
f 1604 1603 1547
f 1547 1603 1545
f 1538 1536 1609
f 1609 1536 1610
f 1609 1610 1611
f 1611 1610 1612
f 1611 1612 1544
f 1544 1612 1546
f 1544 1542 1611
f 1611 1542 1609
f 1542 1540 1609
f 1609 1540 1538
f 1536 1534 1610
f 1610 1534 1612
f 883 885 1613
f 1613 885 854
f 1613 854 852
f 883 1613 881
f 881 1613 1614
f 881 1614 1615
f 1615 1614 1616
f 1615 1616 915
f 915 1616 1617
f 915 1617 923
f 923 1617 921
f 915 914 1615
f 1615 914 879
f 1615 879 881
f 1618 884 1619
f 1619 884 882
f 1619 882 1620
f 1620 882 1621
f 1620 1621 1622
f 1622 1621 1623
f 1622 1623 1624
f 1624 1623 1625
f 1624 1625 1626
f 1626 1625 1627
f 1626 1627 1628
f 1628 1627 1629
f 1628 1629 870
f 870 1629 872
f 872 1629 874
f 874 1629 1627
f 874 1627 1625
f 874 1625 876
f 876 1625 1623
f 876 1623 878
f 878 1623 1621
f 878 1621 880
f 880 1621 882
f 1619 1620 1618
f 1618 1620 1630
f 1618 1630 884
f 884 1630 856
f 856 1630 858
f 858 1630 1631
f 858 1631 860
f 860 1631 1632
f 860 1632 1633
f 1633 1632 1634
f 1633 1634 1635
f 1635 1634 1636
f 1635 1636 1637
f 1637 1636 1628
f 1637 1628 870
f 860 1633 862
f 862 1633 1635
f 862 1635 864
f 864 1635 866
f 1630 1620 1631
f 1631 1620 1632
f 1620 1622 1632
f 1632 1622 1624
f 1632 1624 1638
f 1638 1624 1639
f 1638 1639 1634
f 1634 1639 1636
f 1636 1639 1628
f 1628 1639 1626
f 1637 870 1640
f 1640 870 868
f 1640 868 866
f 866 1635 1640
f 1640 1635 1637
f 1167 1165 1641
f 1641 1165 1163
f 1641 1163 1642
f 1642 1163 1161
f 1642 1161 1643
f 1643 1161 964
f 1643 964 966
f 966 1571 1643
f 1643 1571 1286
f 1643 1286 1284
f 1284 1282 1643
f 1643 1282 1642
f 1282 1575 1642
f 1642 1575 1641
f 1575 1574 1641
f 1641 1574 1167
f 917 922 1644
f 1644 922 927
f 1644 927 1401
f 917 1644 896
f 896 1644 1645
f 896 1645 898
f 898 1645 1646
f 898 1646 900
f 900 1646 902
f 1644 1401 1645
f 1645 1401 1647
f 1645 1647 1646
f 1646 1647 1398
f 1646 1398 1648
f 1648 1398 1396
f 1648 1396 1010
f 1010 904 1648
f 1648 904 902
f 1648 902 1646
f 1398 1647 1399
f 1399 1647 1401
f 1613 852 1649
f 1649 852 850
f 1649 850 848
f 1614 1613 1650
f 1650 1613 1649
f 1650 1649 1651
f 1651 1649 848
f 1651 848 846
f 846 921 1651
f 1651 921 1617
f 1651 1617 1650
f 1650 1617 1616
f 1650 1616 1614
f 839 841 1652
f 1652 841 1653
f 1652 1653 1654
f 1654 1653 1655
f 1654 1655 1656
f 1656 1655 1657
f 1656 1657 1658
f 1658 1657 1659
f 1658 1659 1660
f 1660 1659 1661
f 1660 1661 1662
f 1662 1661 1663
f 1662 1663 1664
f 1664 1663 1665
f 1664 1665 1666
f 1666 1665 1134
f 1666 1134 1133
f 1134 1665 1135
f 1135 1665 1667
f 1135 1667 1136
f 1136 1667 999
f 999 1667 1001
f 1001 1667 1663
f 1001 1663 1003
f 1003 1663 1668
f 1003 1668 1005
f 1005 1668 1669
f 1005 1669 1007
f 1007 1669 1670
f 1007 1670 1009
f 1009 1670 1011
f 1663 1661 1668
f 1668 1661 1669
f 1661 1659 1669
f 1669 1659 1657
f 1669 1657 1670
f 1670 1657 1655
f 1670 1655 1011
f 1011 1655 1653
f 1011 1653 908
f 908 1653 841
f 835 837 1671
f 1671 837 839
f 1671 839 1672
f 1672 839 1652
f 1672 1652 1673
f 1673 1652 1654
f 1673 1654 1656
f 1671 1672 1674
f 1674 1672 1675
f 1674 1675 1676
f 1676 1675 1677
f 1676 1677 1678
f 1678 1677 1679
f 1678 1679 1126
f 1126 1679 1125
f 1126 823 1678
f 1678 823 1676
f 1676 823 1674
f 1674 823 1680
f 1674 1680 1671
f 1671 1680 835
f 835 1680 833
f 833 1680 823
f 1672 1673 1675
f 1675 1673 1677
f 1673 1656 1677
f 1677 1656 1658
f 1677 1658 1679
f 1679 1658 1660
f 1679 1660 1681
f 1681 1660 1662
f 1681 1662 1664
f 1682 1683 1684
f 1684 1683 1685
f 1684 1685 1686
f 1686 1685 1687
f 1686 1687 1688
f 1688 1687 1689
f 1688 1689 1690
f 1690 1689 1691
f 1690 1691 1692
f 1692 1691 1693
f 1692 1693 1694
f 1694 1693 1695
f 1694 1695 1696
f 1696 1695 1697
f 1696 1697 1698
f 1698 1697 1699
f 1698 1699 1700
f 1700 1699 1701
f 1700 1701 1702
f 1702 1701 1703
f 1702 1703 1704
f 1704 1703 1705
f 1704 1705 1706
f 1706 1705 1707
f 1706 1707 1708
f 1708 1707 1709
f 1708 1709 1710
f 1710 1709 1711
f 1710 1711 1712
f 1712 1711 1713
f 1712 1713 1714
f 1714 1713 1715
f 1714 1715 1716
f 1716 1715 1717
f 1716 1717 1718
f 1718 1717 1719
f 1718 1719 1720
f 1720 1719 1721
f 1720 1721 1722
f 1722 1721 1723
f 1722 1723 1724
f 1724 1723 1725
f 1724 1725 1726
f 1726 1725 1727
f 1726 1727 1728
f 1728 1727 1729
f 1728 1729 1730
f 1730 1729 1731
f 1730 1731 1732
f 1732 1731 1733
f 1732 1733 1717
f 1717 1733 1719
f 1717 1715 1732
f 1732 1715 1734
f 1732 1734 1735
f 1735 1734 1736
f 1735 1736 1737
f 1737 1736 1738
f 1737 1738 1739
f 1739 1738 1740
f 1739 1740 1726
f 1726 1740 1741
f 1726 1741 1724
f 1724 1741 1742
f 1724 1742 1722
f 1722 1742 1743
f 1722 1743 1720
f 1720 1743 1744
f 1720 1744 1718
f 1718 1744 1745
f 1718 1745 1716
f 1716 1745 1746
f 1716 1746 1747
f 1747 1746 1748
f 1747 1748 1712
f 1712 1748 1749
f 1712 1749 1750
f 1750 1749 1751
f 1750 1751 1708
f 1708 1751 1752
f 1708 1752 1706
f 1706 1752 1753
f 1706 1753 1704
f 1704 1753 1754
f 1704 1754 1702
f 1702 1754 1755
f 1702 1755 1700
f 1700 1755 1698
f 1708 1710 1750
f 1750 1710 1712
f 1712 1714 1747
f 1747 1714 1716
f 1732 1735 1730
f 1730 1735 1756
f 1730 1756 1728
f 1728 1756 1757
f 1728 1757 1726
f 1726 1757 1739
f 1757 1756 1739
f 1739 1756 1737
f 1715 1713 1734
f 1734 1713 1711
f 1734 1711 1736
f 1736 1711 1758
f 1736 1758 1738
f 1738 1758 1759
f 1738 1759 1760
f 1760 1759 1761
f 1760 1761 1762
f 1762 1761 1705
f 1762 1705 1703
f 1703 1701 1762
f 1762 1701 1763
f 1762 1763 1760
f 1760 1763 1764
f 1760 1764 1740
f 1740 1764 1765
f 1740 1765 1741
f 1741 1765 1742
f 1705 1761 1707
f 1707 1761 1709
f 1761 1759 1709
f 1709 1759 1758
f 1709 1758 1711
f 1692 1694 1690
f 1690 1694 1766
f 1690 1766 1767
f 1767 1766 1768
f 1767 1768 1769
f 1769 1768 1770
f 1769 1770 1771
f 1771 1770 1772
f 1771 1772 1773
f 1773 1772 1774
f 1773 1774 1775
f 1775 1774 1776
f 1775 1776 1777
f 1777 1776 1778
f 1777 1778 1779
f 1779 1778 1780
f 1779 1780 1781
f 1781 1780 1782
f 1781 1782 1783
f 1783 1782 1784
f 1783 1784 1785
f 1785 1784 1786
f 1785 1786 1787
f 1787 1786 1788
f 1787 1788 1789
f 1789 1788 1790
f 1789 1790 1791
f 1791 1790 1792
f 1791 1792 1793
f 1793 1792 1794
f 1793 1794 1795
f 1795 1794 1796
f 1795 1796 1797
f 1797 1796 1798
f 1797 1798 1799
f 1799 1798 1800
f 1799 1800 1801
f 1801 1800 1802
f 1801 1802 1803
f 1803 1802 1804
f 1803 1804 1805
f 1805 1804 1806
f 1805 1806 1807
f 1807 1806 1808
f 1807 1808 1809
f 1809 1808 1810
f 1809 1810 1811
f 1811 1810 1812
f 1811 1812 1813
f 1813 1812 1814
f 1813 1814 1815
f 1815 1814 1816
f 1815 1816 1817
f 1817 1816 1818
f 1817 1818 1819
f 1819 1818 1820
f 1819 1820 1787
f 1787 1820 1821
f 1787 1821 1785
f 1785 1821 1822
f 1785 1822 1783
f 1783 1822 1823
f 1783 1823 1781
f 1781 1823 1824
f 1781 1824 1825
f 1825 1824 1826
f 1825 1826 1827
f 1827 1826 1828
f 1827 1828 1829
f 1829 1828 1830
f 1829 1830 1831
f 1831 1830 1832
f 1831 1832 1833
f 1833 1832 1834
f 1833 1834 1835
f 1835 1834 1836
f 1835 1836 1837
f 1837 1836 1838
f 1837 1838 1839
f 1839 1838 1840
f 1839 1840 1841
f 1841 1840 781
f 1841 781 780
f 781 1840 782
f 782 1840 1842
f 782 1842 784
f 784 1842 1843
f 784 1843 786
f 786 1843 1844
f 786 1844 788
f 788 1844 1845
f 788 1845 1846
f 1846 1845 1847
f 1846 1847 1848
f 1848 1847 1849
f 1848 1849 1850
f 1850 1849 1851
f 1850 1851 1852
f 1852 1851 1853
f 1852 1853 1854
f 1854 1853 1855
f 1854 1855 589
f 589 1855 1856
f 589 1856 587
f 587 1856 1857
f 587 1857 585
f 585 1857 1858
f 585 1858 583
f 583 1858 628
f 628 1858 630
f 630 1858 1859
f 630 1859 1860
f 1860 1859 1861
f 1860 1861 1862
f 1862 1861 1863
f 1862 1863 1864
f 1864 1863 1865
f 1864 1865 1866
f 1866 1865 1867
f 1866 1867 1868
f 1868 1867 1869
f 1868 1869 1870
f 1870 1869 1871
f 1870 1871 1872
f 1872 1871 1873
f 1872 1873 1874
f 1874 1873 1875
f 1874 1875 1876
f 1876 1875 1877
f 1876 1877 1878
f 1878 1877 1879
f 1878 1879 1880
f 1880 1879 1881
f 1880 1881 1882
f 1882 1881 1883
f 1882 1883 1884
f 1884 1883 1885
f 1884 1885 1886
f 1886 1885 1887
f 1886 1887 1888
f 1888 1887 1889
f 1888 1889 1890
f 1890 1889 1887
f 1890 1887 1891
f 1891 1887 1892
f 1891 1892 1893
f 1893 1892 1894
f 1893 1894 1895
f 1895 1894 1896
f 1895 1896 1897
f 1897 1896 1898
f 1897 1898 1899
f 1899 1898 1900
f 1899 1900 1901
f 1901 1900 1902
f 1901 1902 1903
f 1903 1902 1904
f 1903 1904 1905
f 1905 1904 1864
f 1905 1864 1866
f 1864 1904 1862
f 1862 1904 1906
f 1862 1906 1907
f 1907 1906 634
f 1907 634 632
f 1907 632 1862
f 1862 632 1860
f 1904 1902 1906
f 1906 1902 1908
f 1906 1908 1909
f 1909 1908 1910
f 1909 1910 1911
f 1911 1910 1912
f 1911 1912 1913
f 1913 1912 1914
f 1913 1914 638
f 638 1914 1915
f 638 1915 640
f 640 1915 746
f 1913 638 1911
f 1911 638 636
f 1911 636 634
f 1911 634 1909
f 1909 634 1906
f 1887 1885 1892
f 1892 1885 1916
f 1892 1916 1917
f 1917 1916 1918
f 1917 1918 1919
f 1919 1918 1920
f 1919 1920 1921
f 1921 1920 1922
f 1921 1922 1923
f 1923 1922 1924
f 1923 1924 1912
f 1912 1924 1914
f 1921 1923 1919
f 1919 1923 1925
f 1919 1925 1917
f 1917 1925 1894
f 1917 1894 1892
f 1872 1874 1870
f 1870 1874 1926
f 1870 1926 1868
f 1868 1926 1866
f 1866 1926 1905
f 1905 1926 1903
f 1858 1857 1859
f 1859 1857 1927
f 1859 1927 1861
f 1861 1927 1928
f 1861 1928 1929
f 1929 1928 1930
f 1929 1930 1931
f 1931 1930 1853
f 1931 1853 1851
f 1853 1930 1855
f 1855 1930 1856
f 1930 1928 1856
f 1856 1928 1927
f 1856 1927 1857
f 1861 1929 1863
f 1863 1929 1932
f 1863 1932 1865
f 1865 1932 1933
f 1865 1933 1867
f 1867 1933 1934
f 1867 1934 1869
f 1869 1934 1935
f 1869 1935 1871
f 1871 1935 1936
f 1871 1936 1937
f 1937 1936 1938
f 1937 1938 1873
f 1873 1938 1939
f 1873 1939 1875
f 1875 1939 1940
f 1875 1940 1877
f 1877 1940 1941
f 1877 1941 1879
f 1879 1941 1942
f 1879 1942 1943
f 1943 1942 1944
f 1943 1944 1945
f 1945 1944 1946
f 1945 1946 1947
f 1947 1946 1916
f 1947 1916 1885
f 1885 1883 1947
f 1947 1883 1945
f 1883 1881 1945
f 1945 1881 1943
f 1916 1946 1918
f 1918 1946 1948
f 1918 1948 1920
f 1920 1948 1949
f 1920 1949 1922
f 1922 1949 1950
f 1922 1950 1951
f 1951 1950 1952
f 1951 1952 746
f 746 1952 683
f 683 1952 685
f 685 1952 1953
f 685 1953 1954
f 1954 1953 1955
f 1954 1955 1956
f 1956 1955 1957
f 1956 1957 1958
f 1958 1957 1959
f 1958 1959 1960
f 1960 1959 1961
f 1960 1961 1962
f 1962 1961 1963
f 1962 1963 1964
f 1964 1963 1965
f 1964 1965 1966
f 1966 1965 1967
f 1966 1967 1968
f 1968 1967 1969
f 1968 1969 1970
f 1970 1969 1971
f 1970 1971 1972
f 1972 1971 1973
f 1972 1973 1974
f 1974 1973 1975
f 1974 1975 1976
f 1976 1975 1977
f 1976 1977 1978
f 1978 1977 1979
f 1978 1979 1980
f 1980 1979 1981
f 1980 1981 1982
f 1982 1981 1983
f 1982 1983 1984
f 1984 1983 1985
f 1984 1985 1986
f 1986 1985 1987
f 1986 1987 1988
f 1988 1987 1989
f 1988 1989 1990
f 1990 1989 1991
f 1990 1991 1992
f 1992 1991 1993
f 1992 1993 1994
f 1994 1993 1995
f 1994 1995 1996
f 1996 1995 1997
f 1996 1997 1998
f 1998 1997 1999
f 1998 1999 1982
f 1982 1999 1980
f 1980 1999 1978
f 1978 1999 1997
f 1978 1997 1976
f 1976 1997 2000
f 1976 2000 2001
f 2001 2000 2002
f 2001 2002 2003
f 2003 2002 2004
f 2003 2004 2005
f 2005 2004 2006
f 2005 2006 2007
f 2007 2006 2008
f 2007 2008 2009
f 2009 2008 2010
f 2009 2010 2011
f 2011 2010 2012
f 2011 2012 2013
f 2013 2012 2014
f 2013 2014 2015
f 2015 2014 2016
f 2015 2016 2017
f 2017 2016 2018
f 2017 2018 2019
f 2019 2018 2020
f 2019 2020 2021
f 2021 2020 2022
f 2021 2022 2023
f 2023 2022 1969
f 2023 1969 2024
f 2024 1969 1967
f 2024 1967 2025
f 2025 1967 1965
f 2025 1965 2026
f 2026 1965 1963
f 2026 1963 2027
f 2027 1963 1961
f 2027 1961 2028
f 2028 1961 2029
f 2028 2029 2030
f 2030 2029 1959
f 2030 1959 2031
f 2031 1959 1957
f 2031 1957 2032
f 2032 1957 1955
f 2032 1955 2033
f 2033 1955 1953
f 2033 1953 2034
f 2034 1953 1952
f 2034 1952 1950
f 1950 1949 2034
f 2034 1949 2035
f 2034 2035 2036
f 2036 2035 1948
f 2036 1948 1944
f 1944 1948 1946
f 1944 1942 2036
f 2036 1942 2037
f 2036 2037 2038
f 2038 2037 2039
f 2038 2039 2033
f 2033 2039 2032
f 2033 2034 2038
f 2038 2034 2036
f 1969 2022 1971
f 1971 2022 2040
f 1971 2040 1973
f 1973 2040 2041
f 1973 2041 1975
f 1975 2041 2042
f 1975 2042 1977
f 1977 2042 2043
f 1977 2043 1979
f 1979 2043 2044
f 1979 2044 2045
f 2045 2044 2046
f 2045 2046 2047
f 2047 2046 2048
f 2047 2048 2049
f 2049 2048 2050
f 2049 2050 2051
f 2051 2050 2052
f 2051 2052 2053
f 2053 2052 2054
f 2053 2054 1991
f 1991 2054 1993
f 1991 1989 2053
f 2053 1989 1987
f 2053 1987 2055
f 2055 1987 1985
f 2055 1985 2056
f 2056 1985 1983
f 2056 1983 1981
f 2053 2055 2051
f 2051 2055 2049
f 2055 2056 2049
f 2049 2056 2047
f 2056 1981 2047
f 2047 1981 2045
f 2022 2020 2040
f 2040 2020 2018
f 2040 2018 2057
f 2057 2018 2058
f 2057 2058 2041
f 2041 2058 2042
f 2018 2016 2058
f 2058 2016 2014
f 2058 2014 2042
f 2042 2014 2043
f 2014 2012 2043
f 2043 2012 2044
f 2012 2010 2044
f 2044 2010 2046
f 2010 2008 2046
f 2046 2008 2048
f 2008 2006 2048
f 2048 2006 2050
f 2006 2004 2050
f 2050 2004 2052
f 2004 2002 2052
f 2052 2002 2059
f 2052 2059 2054
f 2054 2059 1993
f 1993 2059 1995
f 1995 2059 2000
f 1995 2000 1997
f 1976 2001 1974
f 1974 2001 2003
f 1974 2003 1972
f 1972 2003 2005
f 1972 2005 2060
f 2060 2005 2007
f 2060 2007 2061
f 2061 2007 2009
f 2061 2009 1968
f 1968 2009 2062
f 1968 2062 1966
f 1966 2062 2011
f 1966 2011 2063
f 2063 2011 2013
f 2063 2013 2064
f 2064 2013 2065
f 2064 2065 1956
f 1956 2065 689
f 1956 689 687
f 1956 687 1954
f 1954 687 685
f 689 2065 691
f 691 2065 2066
f 691 2066 2067
f 2067 2066 2068
f 2067 2068 2069
f 2069 2068 2070
f 2069 2070 2071
f 2071 2070 2017
f 2071 2017 1749
f 1749 2017 1751
f 2068 2066 2070
f 2070 2066 2017
f 2066 2065 2017
f 2017 2065 2015
f 691 2067 693
f 693 2067 695
f 1966 2063 1964
f 1964 2063 2072
f 1964 2072 2073
f 2073 2072 1956
f 2073 1956 1958
f 1958 1960 2073
f 2073 1960 1962
f 2073 1962 1964
f 1956 2072 2064
f 2064 2072 2063
f 1968 1970 2061
f 2061 1970 2060
f 1992 1994 1990
f 1990 1994 2074
f 1990 2074 2075
f 2075 2074 1996
f 2075 1996 1998
f 746 1915 1951
f 1951 1915 1914
f 1951 1914 1924
f 788 1846 790
f 790 1846 805
f 805 1846 807
f 807 1846 1848
f 807 1848 2076
f 2076 1848 1850
f 2076 1850 2077
f 2077 1850 1852
f 2077 1852 1854
f 807 2076 809
f 809 2076 2078
f 809 2078 536
f 536 2078 538
f 2076 2077 2078
f 2078 2077 2079
f 2078 2079 538
f 538 2079 2080
f 538 2080 540
f 540 2080 2081
f 540 2081 2082
f 2082 2081 2083
f 2082 2083 2084
f 2084 2083 2085
f 2084 2085 2086
f 2086 2085 599
f 2086 599 601
f 599 2085 597
f 597 2085 2087
f 597 2087 595
f 595 2087 2088
f 595 2088 593
f 593 2088 2089
f 593 2089 2090
f 2090 2089 1854
f 2090 1854 589
f 589 591 2090
f 2090 591 593
f 1854 2089 2077
f 2077 2089 2079
f 2089 2088 2079
f 2079 2088 2080
f 2088 2087 2080
f 2080 2087 2081
f 2081 2087 2083
f 2083 2087 2085
f 540 2082 542
f 542 2082 544
f 1840 1838 1842
f 1842 1838 2091
f 1842 2091 1843
f 1843 2091 2092
f 1843 2092 1844
f 1844 2092 2093
f 1844 2093 1845
f 1845 2093 2094
f 1845 2094 1847
f 1847 2094 2095
f 1847 2095 1849
f 1849 2095 2096
f 1849 2096 1851
f 1851 2096 1931
f 1931 2096 1929
f 1929 2096 1932
f 1838 1836 2091
f 2091 1836 1834
f 2091 1834 2097
f 2097 1834 2098
f 2097 2098 2099
f 2099 2098 2100
f 2099 2100 2101
f 2101 2100 2102
f 2101 2102 2103
f 2103 2102 1933
f 2103 1933 1932
f 1932 2096 2103
f 2103 2096 2095
f 2103 2095 2104
f 2104 2095 2094
f 2104 2094 2093
f 2103 2104 2101
f 2101 2104 2093
f 2101 2093 2099
f 2099 2093 2092
f 2099 2092 2097
f 2097 2092 2091
f 1933 2102 1934
f 1934 2102 2105
f 1934 2105 1935
f 1935 2105 2106
f 1935 2106 1936
f 1936 2106 2107
f 1936 2107 2108
f 2108 2107 2109
f 2108 2109 2110
f 2110 2109 1790
f 2110 1790 2111
f 2111 1790 2112
f 2111 2112 2113
f 2113 2112 1788
f 2113 1788 1786
f 1790 2109 1792
f 1792 2109 2114
f 1792 2114 1794
f 1794 2114 1830
f 1794 1830 1796
f 1796 1830 2115
f 1796 2115 1798
f 1798 2115 2116
f 1798 2116 2117
f 2117 2116 2118
f 2117 2118 2119
f 2119 2118 2120
f 2119 2120 2121
f 2121 2120 2122
f 2121 2122 2123
f 2123 2122 2124
f 2123 2124 2125
f 2125 2124 2126
f 2125 2126 2127
f 2127 2126 1820
f 2127 1820 1816
f 1816 1820 1818
f 1816 1814 2127
f 2127 1814 2128
f 2127 2128 2125
f 2125 2128 2129
f 2125 2129 2123
f 2123 2129 2121
f 1820 2126 1821
f 1821 2126 1822
f 2126 2124 1822
f 1822 2124 2130
f 1822 2130 1823
f 1823 2130 2131
f 1823 2131 1824
f 1824 2131 2132
f 1824 2132 1826
f 1826 2132 2133
f 1826 2133 1828
f 1828 2133 1830
f 1830 2133 2115
f 2115 2133 2134
f 2115 2134 2116
f 2116 2134 2118
f 2118 2134 2120
f 2120 2134 2135
f 2120 2135 2122
f 2122 2135 2136
f 2122 2136 2124
f 2124 2136 2130
f 2130 2136 2131
f 2131 2136 2135
f 2131 2135 2132
f 2132 2135 2134
f 2132 2134 2133
f 1798 2117 1800
f 1800 2117 2137
f 1800 2137 1802
f 1802 2137 1804
f 2117 2119 2137
f 2137 2119 2138
f 2137 2138 2139
f 2139 2138 2140
f 2139 2140 2141
f 2141 2140 1810
f 2141 1810 1808
f 1808 1806 2141
f 2141 1806 2139
f 1806 1804 2139
f 2139 1804 2137
f 2119 2121 2138
f 2138 2121 2142
f 2138 2142 2143
f 2143 2142 2144
f 2143 2144 1812
f 1812 2144 1814
f 1814 2144 2128
f 2128 2144 2129
f 2144 2142 2129
f 2129 2142 2121
f 1812 1810 2143
f 2143 1810 2140
f 2143 2140 2138
f 2109 2107 2114
f 2114 2107 2145
f 2114 2145 1830
f 1830 2145 1832
f 2107 2106 2145
f 2145 2106 2146
f 2145 2146 1832
f 1832 2146 2098
f 1832 2098 1834
f 2098 2146 2100
f 2100 2146 2105
f 2100 2105 2102
f 1936 2108 1938
f 1938 2108 2110
f 1938 2110 2147
f 2147 2110 2111
f 2147 2111 2148
f 2148 2111 2149
f 2148 2149 1941
f 1941 2149 1942
f 1942 2149 2037
f 2037 2149 2150
f 2037 2150 2039
f 2039 2150 2151
f 2039 2151 2152
f 2152 2151 2153
f 2152 2153 2154
f 2154 2153 2155
f 2154 2155 2156
f 2156 2155 2157
f 2156 2157 2158
f 2158 2157 2159
f 2158 2159 2160
f 2160 2159 2161
f 2160 2161 2162
f 2162 2161 2163
f 2162 2163 2164
f 2164 2163 2165
f 2164 2165 2166
f 2166 2165 2167
f 2166 2167 2168
f 2168 2167 2169
f 2168 2169 2170
f 2170 2169 2171
f 2170 2171 2172
f 2172 2171 2173
f 2172 2173 2174
f 2174 2173 2175
f 2174 2175 2176
f 2176 2175 2177
f 2176 2177 2178
f 2178 2177 2179
f 2178 2179 2180
f 2180 2179 2181
f 2180 2181 2182
f 2182 2181 2183
f 2182 2183 2184
f 2184 2183 2185
f 2184 2185 2186
f 2186 2185 2165
f 2186 2165 2163
f 2165 2185 2167
f 2167 2185 2187
f 2167 2187 2188
f 2188 2187 2171
f 2188 2171 2169
f 2185 2183 2187
f 2187 2183 2189
f 2187 2189 2171
f 2171 2189 2190
f 2171 2190 2191
f 2191 2190 2181
f 2191 2181 2179
f 2190 2189 2181
f 2181 2189 2183
f 2172 2174 2170
f 2170 2174 2192
f 2170 2192 2168
f 2168 2192 2166
f 1941 1940 2148
f 2148 1940 2147
f 1940 1939 2147
f 2147 1939 1938
f 2111 2113 2149
f 2149 2113 2150
f 2113 1786 2150
f 2150 1786 2193
f 2150 2193 2194
f 2194 2193 2195
f 2194 2195 2196
f 2196 2195 2197
f 2196 2197 2198
f 2198 2197 2199
f 2198 2199 2200
f 2200 2199 2201
f 2200 2201 2202
f 2202 2201 2203
f 2202 2203 2204
f 2204 2203 2205
f 2204 2205 2163
f 2163 2205 2186
f 2163 2161 2204
f 2204 2161 2206
f 2204 2206 2202
f 2202 2206 2207
f 2202 2207 2208
f 2208 2207 2209
f 2208 2209 2194
f 2194 2209 2153
f 2194 2153 2151
f 2153 2209 2155
f 2155 2209 2207
f 2155 2207 2157
f 2157 2207 2206
f 2157 2206 2159
f 2159 2206 2161
f 2194 2196 2208
f 2208 2196 2198
f 2208 2198 2200
f 1781 1825 1779
f 1779 1825 2210
f 1779 2210 2211
f 2211 2210 2212
f 2211 2212 2213
f 2213 2212 2214
f 2213 2214 2215
f 2215 2214 1835
f 2215 1835 2216
f 2216 1835 1837
f 2216 1837 2217
f 2217 1837 1839
f 2217 1839 2218
f 2218 1839 1841
f 2218 1841 2219
f 2219 1841 780
f 2219 780 779
f 1835 2214 1833
f 1833 2214 2220
f 1833 2220 1831
f 1831 2220 1829
f 2214 2212 2220
f 2220 2212 2221
f 2220 2221 1829
f 1829 2221 1827
f 2212 2210 2221
f 2221 2210 1827
f 1779 2211 1777
f 1777 2211 1775
f 1793 1795 1791
f 1791 1795 2222
f 1791 2222 2223
f 2223 2222 2224
f 2223 2224 2225
f 2225 2224 2226
f 2225 2226 2227
f 2227 2226 2228
f 2227 2228 2229
f 2229 2228 2230
f 2229 2230 2231
f 2231 2230 1805
f 2231 1805 1807
f 1807 1809 2231
f 2231 1809 1811
f 2231 1811 2229
f 2229 1811 1813
f 2229 1813 2227
f 2227 1813 1815
f 2227 1815 1817
f 2227 1817 2225
f 2225 1817 2223
f 1817 1819 2223
f 2223 1819 1791
f 1819 1787 1791
f 1791 1787 1789
f 1805 2230 1803
f 1803 2230 1801
f 2230 2228 1801
f 1801 2228 1799
f 2228 2226 1799
f 1799 2226 1797
f 1770 1768 1772
f 1772 1768 1766
f 1772 1766 2232
f 2232 1766 2233
f 2232 2233 2234
f 2234 2233 2235
f 2234 2235 1755
f 1755 2235 1698
f 1698 2235 1696
f 1696 2235 2233
f 1696 2233 1694
f 1694 2233 1766
f 1755 1754 2234
f 2234 1754 2236
f 2234 2236 2237
f 2237 2236 2238
f 2237 2238 2239
f 2239 2238 2240
f 2239 2240 2241
f 2241 2240 2242
f 2241 2242 2025
f 2025 2242 2024
f 2024 2242 2023
f 2023 2242 2021
f 2025 2026 2241
f 2241 2026 2243
f 2241 2243 2239
f 2239 2243 1774
f 2239 1774 1772
f 2239 1772 2237
f 2237 1772 2232
f 2237 2232 2234
f 2026 2027 2243
f 2243 2027 2244
f 2243 2244 1774
f 1774 2244 2245
f 1774 2245 1776
f 1776 2245 2246
f 1776 2246 2247
f 2247 2246 2248
f 2247 2248 2249
f 2249 2248 2250
f 2249 2250 2251
f 2251 2250 2252
f 2251 2252 2253
f 2253 2252 2254
f 2253 2254 2255
f 2255 2254 2256
f 2255 2256 2257
f 2257 2256 2258
f 2257 2258 2259
f 2259 2258 2260
f 2259 2260 2261
f 2261 2260 2262
f 2261 2262 2263
f 2263 2262 2264
f 2263 2264 2265
f 2265 2264 2178
f 2265 2178 2180
f 2180 2182 2265
f 2265 2182 2266
f 2265 2266 2201
f 2201 2266 2267
f 2201 2267 2203
f 2203 2267 2205
f 2205 2267 2186
f 2186 2267 2184
f 2267 2266 2184
f 2184 2266 2182
f 2201 2199 2265
f 2265 2199 2263
f 2199 2197 2263
f 2263 2197 2261
f 2178 2264 2176
f 2176 2264 2262
f 2176 2262 2268
f 2268 2262 2260
f 2268 2260 2269
f 2269 2260 2270
f 2269 2270 2164
f 2164 2270 2162
f 2164 2166 2269
f 2269 2166 2192
f 2269 2192 2268
f 2268 2192 2174
f 2268 2174 2176
f 2260 2258 2270
f 2270 2258 2162
f 2162 2258 2160
f 2160 2258 2256
f 2160 2256 2271
f 2271 2256 2254
f 2271 2254 2272
f 2272 2254 2252
f 2272 2252 2273
f 2273 2252 2250
f 2273 2250 2248
f 2160 2271 2158
f 2158 2271 2272
f 2158 2272 2274
f 2274 2272 2273
f 2274 2273 2275
f 2275 2273 2248
f 2275 2248 2276
f 2276 2248 2246
f 2276 2246 2277
f 2277 2246 2245
f 2277 2245 2278
f 2278 2245 2244
f 2278 2244 2028
f 2028 2244 2027
f 2028 2030 2278
f 2278 2030 2279
f 2278 2279 2277
f 2277 2279 2280
f 2277 2280 2276
f 2276 2280 2281
f 2276 2281 2275
f 2275 2281 2274
f 2030 2031 2279
f 2279 2031 2282
f 2279 2282 2280
f 2280 2282 2283
f 2280 2283 2154
f 2154 2283 2152
f 2280 2154 2281
f 2281 2154 2156
f 2281 2156 2274
f 2274 2156 2158
f 2031 2032 2282
f 2282 2032 2284
f 2282 2284 2283
f 2283 2284 2152
f 2152 2284 2039
f 2039 2284 2032
f 1776 2247 1778
f 1778 2247 2249
f 1778 2249 1780
f 1780 2249 2251
f 1780 2251 1782
f 1782 2251 2285
f 1782 2285 1784
f 1784 2285 1786
f 2285 2251 1786
f 1786 2251 2253
f 1786 2253 2286
f 2286 2253 2287
f 2286 2287 2195
f 2195 2287 2197
f 2195 2193 2286
f 2286 2193 1786
f 2253 2255 2287
f 2287 2255 2257
f 2287 2257 2288
f 2288 2257 2259
f 2288 2259 2261
f 2261 2197 2288
f 2288 2197 2287
f 1754 1753 2236
f 2236 1753 2289
f 2236 2289 2238
f 2238 2289 2290
f 2238 2290 2240
f 2240 2290 2242
f 2242 2290 2021
f 2021 2290 2019
f 2290 2289 2019
f 2019 2289 2291
f 2019 2291 2292
f 2292 2291 2293
f 2292 2293 2017
f 2017 2293 1751
f 1751 2293 1752
f 1752 2293 2291
f 1752 2291 1753
f 1753 2291 2289
f 1690 1767 1688
f 1688 1767 1769
f 1688 1769 1686
f 1686 1769 1684
f 1682 1684 2294
f 2294 1684 2295
f 2294 2295 2296
f 2296 2295 1771
f 2296 1771 2297
f 2297 1771 1773
f 2297 1773 1775
f 1771 2295 1769
f 1769 2295 1684
f 2298 1682 2299
f 2299 1682 2294
f 2299 2294 2296
f 2298 2299 2300
f 2300 2299 2301
f 2300 2301 2216
f 2216 2301 2215
f 2215 2301 2213
f 2213 2301 2302
f 2213 2302 2303
f 2303 2302 2297
f 2303 2297 1775
f 1775 2211 2303
f 2303 2211 2213
f 2297 2302 2296
f 2296 2302 2299
f 2298 2300 2304
f 2304 2300 2216
f 2304 2216 2217
f 2305 2306 2307
f 2307 2306 2308
f 2307 2308 1685
f 1685 2308 1687
f 1685 1683 2307
f 2307 1683 1682
f 2307 1682 2309
f 2309 1682 2298
f 2309 2298 2304
f 2307 2309 2305
f 2305 2309 2310
f 2305 2310 2311
f 2311 2310 2312
f 2311 2312 2313
f 2313 2312 778
f 2313 778 777
f 778 2312 779
f 779 2312 2219
f 2312 2310 2219
f 2219 2310 2314
f 2219 2314 2218
f 2218 2314 2217
f 2217 2314 2304
f 2304 2314 2309
f 813 815 2315
f 2315 815 817
f 2315 817 1099
f 1099 937 2315
f 2315 937 811
f 2315 811 813
f 2316 2306 2317
f 2317 2306 2305
f 2317 2305 2311
f 2318 2317 2319
f 2319 2317 2311
f 2319 2311 2313
f 2317 2318 2316
f 2316 2318 290
f 2316 290 2320
f 2320 290 292
f 2320 292 2321
f 2321 292 294
f 2321 294 296
f 2316 2320 2306
f 2306 2320 2322
f 2306 2322 2308
f 2308 2322 2323
f 2308 2323 2324
f 2324 2323 2325
f 2324 2325 1691
f 1691 2325 2326
f 1691 2326 1693
f 1693 2326 2327
f 1693 2327 2328
f 2328 2327 2329
f 2328 2329 2330
f 2330 2329 2331
f 2330 2331 2332
f 2332 2331 2333
f 2332 2333 2334
f 2334 2333 2335
f 2334 2335 2336
f 2336 2335 2337
f 2336 2337 2338
f 2338 2337 2339
f 2338 2339 2340
f 2340 2339 537
f 2340 537 539
f 539 541 2340
f 2340 541 2341
f 2340 2341 2338
f 2338 2341 2342
f 2338 2342 2343
f 2343 2342 709
f 2343 709 707
f 709 2342 547
f 547 2342 545
f 545 2342 543
f 543 2342 2341
f 543 2341 541
f 2338 2343 2336
f 2336 2343 2344
f 2336 2344 2334
f 2334 2344 2345
f 2334 2345 2346
f 2346 2345 2347
f 2346 2347 2348
f 2348 2347 2349
f 2348 2349 2350
f 2350 2349 2351
f 2350 2351 2352
f 2352 2351 2353
f 2352 2353 2354
f 2354 2353 2355
f 2354 2355 2069
f 2069 2355 2067
f 2067 2355 695
f 695 2355 697
f 2353 2351 2355
f 2355 2351 697
f 2351 2349 697
f 697 2349 699
f 699 2349 701
f 701 2349 2347
f 701 2347 703
f 703 2347 2345
f 703 2345 705
f 705 2345 2344
f 705 2344 707
f 707 2344 2343
f 2334 2346 2332
f 2332 2346 2356
f 2332 2356 2330
f 2330 2356 2357
f 2330 2357 1695
f 1695 2357 1697
f 1697 2357 1699
f 1699 2357 2358
f 1699 2358 2350
f 2350 2358 2348
f 2350 2352 1699
f 1699 2352 2359
f 1699 2359 2360
f 2360 2359 2361
f 2360 2361 2362
f 2362 2361 2363
f 2362 2363 1765
f 1765 2363 1742
f 1742 2363 1743
f 1743 2363 2364
f 1743 2364 1744
f 1744 2364 2365
f 1744 2365 2366
f 2366 2365 2367
f 2366 2367 2368
f 2368 2367 2369
f 2368 2369 2370
f 2370 2369 2371
f 2370 2371 2354
f 2354 2371 2359
f 2354 2359 2352
f 2371 2369 2359
f 2359 2369 2361
f 2369 2367 2361
f 2361 2367 2364
f 2361 2364 2363
f 2354 2069 2370
f 2370 2069 2071
f 2370 2071 1749
f 1749 1748 2370
f 2370 1748 2372
f 2370 2372 2368
f 2368 2372 2366
f 1748 1746 2372
f 2372 1746 1745
f 2372 1745 2366
f 2366 1745 1744
f 1765 1764 2362
f 2362 1764 1763
f 2362 1763 2360
f 2360 1763 1701
f 2360 1701 1699
f 2357 2356 2358
f 2358 2356 2348
f 2330 1695 2328
f 2328 1695 1693
f 537 2339 535
f 535 2339 2373
f 535 2373 533
f 533 2373 2374
f 533 2374 2375
f 2375 2374 2376
f 2375 2376 2377
f 2377 2376 2378
f 2377 2378 2379
f 2379 2378 2380
f 2379 2380 2381
f 2381 2380 2382
f 2381 2382 2383
f 2383 2382 2384
f 2383 2384 2385
f 2385 2384 2386
f 2385 2386 2387
f 2387 2386 2388
f 2387 2388 2321
f 2321 2388 2322
f 2321 2322 2320
f 2322 2388 2323
f 2323 2388 2386
f 2323 2386 2389
f 2389 2386 2384
f 2389 2384 2390
f 2390 2384 2382
f 2390 2382 2391
f 2391 2382 2380
f 2391 2380 2392
f 2392 2380 2378
f 2392 2378 2393
f 2393 2378 2376
f 2393 2376 2394
f 2394 2376 2374
f 2394 2374 2395
f 2395 2374 2373
f 2395 2373 2337
f 2337 2373 2339
f 2337 2335 2395
f 2395 2335 2394
f 2335 2333 2394
f 2394 2333 2331
f 2394 2331 2393
f 2393 2331 2329
f 2393 2329 2392
f 2392 2329 2327
f 2392 2327 2391
f 2391 2327 2326
f 2391 2326 2390
f 2390 2326 2325
f 2390 2325 2389
f 2389 2325 2323
f 2321 296 2387
f 2387 296 298
f 2387 298 2396
f 2396 298 300
f 2396 300 2397
f 2397 300 302
f 2397 302 2398
f 2398 302 304
f 2398 304 2399
f 2399 304 306
f 2399 306 2400
f 2400 306 308
f 2400 308 310
f 2387 2396 2385
f 2385 2396 2401
f 2385 2401 2383
f 2383 2401 2402
f 2383 2402 2381
f 2381 2402 2403
f 2381 2403 2379
f 2379 2403 2404
f 2379 2404 2377
f 2377 2404 2405
f 2377 2405 2375
f 2375 2405 531
f 2375 531 533
f 1691 1689 2324
f 2324 1689 1687
f 2324 1687 2308
f 290 2318 288
f 288 2318 2406
f 288 2406 286
f 286 2406 2407
f 286 2407 284
f 284 2407 776
f 2318 2319 2406
f 2406 2319 2408
f 2406 2408 2407
f 2407 2408 776
f 776 2408 777
f 777 2408 2313
f 285 283 2409
f 2409 283 281
f 2409 281 2410
f 2410 281 2411
f 2410 2411 2412
f 2412 2411 2413
f 2412 2413 2414
f 2414 2413 2415
f 2414 2415 2416
f 2416 2415 2417
f 2416 2417 2418
f 2418 2417 2419
f 2418 2419 2420
f 2420 2419 2421
f 2420 2421 2422
f 2422 2421 2423
f 2422 2423 2424
f 2424 2423 2425
f 2424 2425 2426
f 2426 2425 157
f 2426 157 155
f 155 375 2426
f 2426 375 2427
f 2426 2427 2424
f 2424 2427 2428
f 2424 2428 2422
f 2422 2428 2429
f 2422 2429 2420
f 2420 2429 2430
f 2420 2430 2418
f 2418 2430 2431
f 2418 2431 2432
f 2432 2431 2433
f 2432 2433 2434
f 2434 2433 2435
f 2434 2435 2436
f 2436 2435 2437
f 2436 2437 2438
f 2438 2437 297
f 2438 297 295
f 297 2437 299
f 299 2437 2439
f 299 2439 301
f 301 2439 2440
f 301 2440 303
f 303 2440 2441
f 303 2441 305
f 305 2441 359
f 305 359 357
f 305 357 307
f 307 357 355
f 307 355 2442
f 2442 355 353
f 2442 353 2443
f 2443 353 351
f 2443 351 2444
f 2444 351 349
f 2444 349 2445
f 2445 349 347
f 2445 347 2446
f 2446 347 345
f 2446 345 317
f 317 315 2446
f 2446 315 2447
f 2446 2447 2445
f 2445 2447 2444
f 315 313 2447
f 2447 313 2448
f 2447 2448 2444
f 2444 2448 2443
f 313 311 2448
f 2448 311 309
f 2448 309 2443
f 2443 309 2442
f 2437 2435 2439
f 2439 2435 2449
f 2439 2449 2450
f 2450 2449 2451
f 2450 2451 2452
f 2452 2451 2453
f 2452 2453 365
f 365 2453 367
f 365 363 2452
f 2452 363 2454
f 2452 2454 2450
f 2450 2454 2440
f 2450 2440 2439
f 2440 2454 2441
f 2441 2454 359
f 359 2454 361
f 361 2454 363
f 2435 2433 2449
f 2449 2433 2451
f 2433 2431 2451
f 2451 2431 2453
f 2431 2430 2453
f 2453 2430 2455
f 2453 2455 367
f 367 2455 369
f 2430 2429 2455
f 2455 2429 2456
f 2455 2456 369
f 369 2456 371
f 2429 2428 2456
f 2456 2428 2457
f 2456 2457 371
f 371 2457 373
f 2428 2427 2457
f 2457 2427 373
f 2418 2432 2416
f 2416 2432 2434
f 2416 2434 2458
f 2458 2434 2436
f 2458 2436 2459
f 2459 2436 2438
f 2459 2438 2460
f 2460 2438 295
f 2460 295 293
f 2416 2458 2414
f 2414 2458 2412
f 157 2425 159
f 159 2425 2461
f 159 2461 2462
f 2462 2461 2463
f 2462 2463 2464
f 2464 2463 2465
f 2464 2465 271
f 271 2465 273
f 271 269 2464
f 2464 269 2466
f 2464 2466 2462
f 2462 2466 161
f 2462 161 159
f 161 2466 163
f 163 2466 267
f 2410 2412 2409
f 2409 2412 2467
f 2409 2467 285
f 285 2467 2459
f 285 2459 2468
f 2468 2459 2460
f 2468 2460 293
f 2459 2467 2458
f 2458 2467 2412
f 281 279 2411
f 2411 279 2469
f 2411 2469 2413
f 2413 2469 2470
f 2413 2470 2415
f 2415 2470 2471
f 2415 2471 2417
f 2417 2471 2419
f 279 277 2469
f 2469 277 2472
f 2469 2472 2470
f 2470 2472 2473
f 2470 2473 2474
f 2474 2473 2475
f 2474 2475 2476
f 2476 2475 2463
f 2476 2463 2461
f 2461 2425 2476
f 2476 2425 2423
f 2476 2423 2421
f 2476 2421 2474
f 2474 2421 2419
f 2474 2419 2471
f 2463 2475 2465
f 2465 2475 2477
f 2465 2477 273
f 273 2477 275
f 2475 2473 2477
f 2477 2473 2472
f 2477 2472 275
f 275 2472 277
f 1123 1125 2478
f 2478 1125 2479
f 2478 2479 2480
f 2480 2479 1681
f 2480 1681 1664
f 1664 1666 2480
f 2480 1666 2481
f 2480 2481 2478
f 2478 2481 1121
f 2478 1121 1123
f 1121 2481 1119
f 1119 2481 1133
f 1681 2479 1679
f 1679 2479 1125
f 289 287 2482
f 2482 287 285
f 2482 285 2483
f 2483 285 2468
f 2483 2468 293
f 293 291 2483
f 2483 291 289
f 2483 289 2482
f 1176 1234 2484
f 2484 1234 1236
f 2484 1236 2485
f 2485 1236 1238
f 2485 1238 1240
f 1240 1242 2485
f 2485 1242 1244
f 2485 1244 2486
f 2486 1244 1246
f 2486 1246 1266
f 1262 1245 2487
f 2487 1245 1243
f 2487 1243 1241
f 1176 2484 2488
f 2488 2484 2485
f 2488 2485 2486
f 2486 1266 2488
f 2488 1266 1174
f 2488 1174 1176
f 1888 1890 2489
f 2489 1890 1891
f 2489 1891 1893
f 1893 1895 2489
f 2489 1895 2490
f 2489 2490 1888
f 1888 2490 2491
f 1888 2491 2492
f 2492 2491 2493
f 2492 2493 2494
f 2494 2493 1897
f 2494 1897 1899
f 1897 2493 1895
f 1895 2493 2490
f 1888 2492 2495
f 2495 2492 2496
f 2495 2496 1884
f 1884 2496 2497
f 1884 2497 1882
f 1882 2497 1880
f 2497 2496 1880
f 1880 2496 1878
f 1878 2496 1876
f 1876 2496 2498
f 1876 2498 2499
f 2499 2498 1901
f 2499 1901 1903
f 1903 1926 2499
f 2499 1926 1874
f 2499 1874 1876
f 1884 1886 2495
f 2495 1886 1888
f 2492 2494 2496
f 2496 2494 2500
f 2496 2500 2498
f 2498 2500 1901
f 1901 2500 1899
f 1899 2500 2494
f 1898 1896 2501
f 2501 1896 1894
f 2501 1894 2502
f 2502 1894 1925
f 2502 1925 2503
f 2503 1925 1923
f 2503 1923 1912
f 1912 1910 2503
f 2503 1910 2502
f 1910 1908 2502
f 2502 1908 2504
f 2502 2504 2501
f 2501 2504 1898
f 1898 2504 1900
f 1900 2504 1902
f 641 643 2505
f 2505 643 645
f 2505 645 2506
f 2506 645 647
f 2506 647 2507
f 2507 647 649
f 2507 649 675
f 675 674 2507
f 2507 674 673
f 2507 673 2506
f 2506 673 2505
f 673 637 2505
f 2505 637 639
f 2505 639 641
f 570 2508 572
f 572 2508 2509
f 572 2509 574
f 574 2509 621
f 2509 2508 2510
f 2510 2508 2511
f 2510 2511 2512
f 2512 2511 606
f 2512 606 604
f 604 602 2512
f 2512 602 2513
f 2512 2513 2514
f 2514 2513 2515
f 2514 2515 2510
f 2510 2515 2509
f 2509 2515 621
f 621 2515 619
f 619 2515 617
f 617 2515 2513
f 617 2513 615
f 615 2513 2516
f 615 2516 598
f 598 2516 600
f 2516 2513 600
f 600 2513 602
f 606 2511 608
f 608 2511 2517
f 608 2517 610
f 610 2517 568
f 568 2517 570
f 570 2517 2508
f 2177 2175 2518
f 2518 2175 2173
f 2518 2173 2171
f 2171 2191 2518
f 2518 2191 2179
f 2518 2179 2177
f 2224 2222 2519
f 2519 2222 1795
f 2519 1795 1797
f 2224 2519 2520
f 2520 2519 1797
f 2520 1797 2226
f 130 132 2521
f 2521 132 1378
f 2521 1378 1376
f 1376 1374 2521
f 2521 1374 128
f 2521 128 130
f 128 1374 126
f 126 1374 1372
f 126 1372 124
f 124 1372 1370
f 124 1370 122
f 122 1370 2522
f 122 2522 2523
f 2523 2522 1366
f 2523 1366 1364
f 1366 2522 1368
f 1368 2522 1370
f 122 2523 120
f 120 2523 2524
f 120 2524 118
f 118 2524 116
f 2525 2524 2526
f 2526 2524 2523
f 2526 2523 1364
f 1364 1362 2526
f 2526 1362 2525
f 1362 1360 2525
f 2525 1360 116
f 2525 116 2524
f 112 114 2527
f 2527 114 1356
f 2527 1356 1354
f 1354 1352 2528
f 2528 1352 2529
f 2528 2529 110
f 110 2529 108
f 108 2529 106
f 106 2529 104
f 104 2529 102
f 102 2529 2530
f 102 2530 1350
f 1350 2530 1352
f 110 112 2528
f 2528 112 2527
f 2528 2527 1354
f 1433 1431 2531
f 2531 1431 2532
f 2531 2532 2533
f 2533 2532 2534
f 2533 2534 2535
f 2535 2534 2536
f 2535 2536 2537
f 2537 2536 2538
f 2537 2538 2539
f 2539 2538 2540
f 2539 2540 2541
f 2541 2540 2542
f 2541 2542 2543
f 2543 2542 2544
f 2543 2544 2545
f 2545 2544 2546
f 2545 2546 2547
f 2547 2546 2548
f 2547 2548 2549
f 2549 2548 2550
f 2549 2550 2551
f 2551 2550 2552
f 2551 2552 2553
f 2553 2552 2554
f 2553 2554 2555
f 2555 2554 2556
f 2555 2556 2557
f 2557 2556 2558
f 2557 2558 2559
f 2559 2558 2560
f 2559 2560 2561
f 2561 2560 2562
f 2561 2562 2563
f 2563 2562 2564
f 2563 2564 2565
f 2565 2564 2566
f 2565 2566 2540
f 2540 2566 2542
f 2542 2566 2544
f 2544 2566 2567
f 2544 2567 2546
f 2546 2567 2568
f 2546 2568 2548
f 2548 2568 2569
f 2548 2569 2570
f 2570 2569 2571
f 2570 2571 2572
f 2572 2571 2573
f 2572 2573 2574
f 2574 2573 2575
f 2574 2575 2554
f 2554 2575 2556
f 2554 2552 2574
f 2574 2552 2576
f 2574 2576 2577
f 2577 2576 2548
f 2577 2548 2570
f 2570 2572 2577
f 2577 2572 2574
f 2548 2576 2550
f 2550 2576 2552
f 2566 2564 2567
f 2567 2564 2578
f 2567 2578 2568
f 2568 2578 2579
f 2568 2579 2580
f 2580 2579 2581
f 2580 2581 2571
f 2571 2581 2582
f 2571 2582 2583
f 2583 2582 2584
f 2583 2584 2585
f 2585 2584 2575
f 2585 2575 2573
f 2585 2573 2583
f 2583 2573 2571
f 2575 2584 2556
f 2556 2584 2558
f 2582 2581 2584
f 2584 2581 2558
f 2558 2581 2560
f 2560 2581 2579
f 2560 2579 2562
f 2562 2579 2578
f 2562 2578 2564
f 2571 2569 2580
f 2580 2569 2568
f 2540 2538 2565
f 2565 2538 2586
f 2565 2586 2587
f 2587 2586 2588
f 2587 2588 2589
f 2589 2588 2590
f 2589 2590 2591
f 2591 2590 2592
f 2591 2592 2593
f 2593 2592 2594
f 2593 2594 2595
f 2595 2594 2596
f 2595 2596 2597
f 2597 2596 2598
f 2597 2598 2599
f 2599 2598 2600
f 2599 2600 2601
f 2601 2600 2602
f 2601 2602 2603
f 2603 2602 2604
f 2603 2604 2593
f 2593 2604 2591
f 2591 2604 2589
f 2589 2604 2605
f 2589 2605 2587
f 2587 2605 2563
f 2587 2563 2565
f 2563 2605 2561
f 2561 2605 2606
f 2561 2606 2607
f 2607 2606 2608
f 2607 2608 2609
f 2609 2608 2610
f 2609 2610 2611
f 2611 2610 2612
f 2611 2612 2551
f 2551 2612 2549
f 2549 2612 2547
f 2547 2612 2613
f 2547 2613 2614
f 2614 2613 2600
f 2614 2600 2598
f 2547 2614 2545
f 2545 2614 2615
f 2545 2615 2543
f 2543 2615 2616
f 2543 2616 2617
f 2617 2616 2618
f 2617 2618 2619
f 2619 2618 2620
f 2619 2620 2621
f 2621 2620 2622
f 2621 2622 2623
f 2623 2622 2624
f 2623 2624 1447
f 1447 2624 1445
f 1447 1449 2623
f 2623 1449 2625
f 2623 2625 2621
f 2621 2625 2626
f 2621 2626 2627
f 2627 2626 2628
f 2627 2628 2629
f 2629 2628 2630
f 2629 2630 2631
f 2631 2630 2539
f 2631 2539 2632
f 2632 2539 2541
f 2632 2541 2543
f 2543 2617 2632
f 2632 2617 2629
f 2632 2629 2631
f 2617 2619 2629
f 2629 2619 2627
f 2539 2630 2537
f 2537 2630 2633
f 2537 2633 2634
f 2634 2633 2635
f 2634 2635 2636
f 2636 2635 1436
f 2636 1436 2533
f 2533 1436 2531
f 2533 2535 2636
f 2636 2535 2634
f 1436 2635 1457
f 1457 2635 1455
f 2630 2628 2633
f 2633 2628 2637
f 2633 2637 2635
f 2635 2637 2638
f 2635 2638 1455
f 1455 2638 1453
f 2638 2637 1453
f 1453 2637 2626
f 1453 2626 1451
f 1451 2626 2625
f 1451 2625 1449
f 2614 2598 2615
f 2615 2598 2596
f 2615 2596 2616
f 2616 2596 2618
f 2596 2594 2618
f 2618 2594 2620
f 2594 2592 2620
f 2620 2592 2622
f 2592 2590 2622
f 2622 2590 2639
f 2622 2639 2624
f 2624 2639 2640
f 2624 2640 1445
f 1445 2640 1443
f 2590 2588 2639
f 2639 2588 2641
f 2639 2641 2640
f 2640 2641 2642
f 2640 2642 1443
f 1443 2642 1441
f 2612 2610 2613
f 2613 2610 2600
f 2610 2608 2600
f 2600 2608 2602
f 2608 2606 2602
f 2602 2606 2604
f 2551 2553 2611
f 2611 2553 2555
f 2611 2555 2609
f 2609 2555 2557
f 2609 2557 2607
f 2607 2557 2559
f 2607 2559 2561
f 2593 2595 2603
f 2603 2595 2597
f 2603 2597 2601
f 2601 2597 2599
f 2538 2536 2586
f 2586 2536 2643
f 2586 2643 2588
f 2588 2643 2641
f 2536 2534 2643
f 2643 2534 2644
f 2643 2644 2641
f 2641 2644 2642
f 2642 2644 1441
f 1441 2644 2532
f 1441 2532 1439
f 1439 2532 1431
f 1531 1530 2645
f 2645 1530 1529
f 2645 1529 2646
f 2646 1529 2647
f 2646 2647 2648
f 2648 2647 2649
f 2648 2649 2650
f 2650 2649 2651
f 2650 2651 2652
f 2652 2651 2653
f 2652 2653 2654
f 2654 2653 2655
f 2654 2655 2656
f 2656 2655 1562
f 2656 1562 1561
f 1561 1560 2656
f 2656 1560 2657
f 2656 2657 2654
f 2654 2657 2652
f 1560 1559 2657
f 2657 1559 2658
f 2657 2658 2652
f 2652 2658 1556
f 2652 1556 2659
f 2659 1556 1554
f 2659 1554 2660
f 2660 1554 1553
f 2660 1553 2661
f 2661 1553 1552
f 2661 1552 2662
f 2662 1552 1550
f 2662 1550 1548
f 2652 2659 2650
f 2650 2659 2660
f 2650 2660 2663
f 2663 2660 2661
f 2663 2661 2664
f 2664 2661 2662
f 2664 2662 2665
f 2665 2662 1548
f 2665 1548 1546
f 1546 1612 2665
f 2665 1612 2666
f 2665 2666 2664
f 2664 2666 2667
f 2664 2667 2663
f 2663 2667 2648
f 2663 2648 2650
f 2648 2667 2646
f 2646 2667 2668
f 2646 2668 2645
f 2645 2668 1531
f 1531 2668 1532
f 1532 2668 1534
f 2667 2666 2668
f 2668 2666 1534
f 1556 2658 1558
f 1558 2658 1559
f 1562 2655 1563
f 1563 2655 2669
f 1563 2669 1521
f 1521 2669 1523
f 1529 1527 2647
f 2647 1527 2670
f 2647 2670 2649
f 2649 2670 2651
f 2651 2670 2653
f 2653 2670 2671
f 2653 2671 2655
f 2655 2671 2669
f 1527 1525 2670
f 2670 1525 2672
f 2670 2672 2671
f 2671 2672 2669
f 2669 2672 1523
f 1523 2672 1525
f 2673 65 2674
f 2674 65 67
f 2674 67 2675
f 2675 67 2676
f 2675 2676 2677
f 2677 2676 2678
f 2677 2678 2679
f 2679 2678 2680
f 2679 2680 2681
f 2681 2680 2682
f 2681 2682 2683
f 2683 2682 2684
f 2683 2684 103
f 103 2684 105
f 65 2673 63
f 63 2673 2685
f 63 2685 2686
f 2686 2685 2687
f 2686 2687 59
f 59 2687 2688
f 59 2688 2689
f 2689 2688 2690
f 2689 2690 2691
f 2691 2690 2692
f 2691 2692 2693
f 2693 2692 2694
f 2693 2694 2695
f 2695 2694 2696
f 2695 2696 37
f 37 2696 35
f 37 39 2695
f 2695 39 2697
f 2695 2697 2698
f 2698 2697 53
f 2698 53 55
f 2695 2698 2693
f 2693 2698 2691
f 2698 55 2691
f 2691 55 2689
f 55 57 2689
f 2689 57 59
f 39 41 2697
f 2697 41 2699
f 2697 2699 2700
f 2700 2699 2701
f 2700 2701 2702
f 2702 2701 2703
f 2702 2703 2704
f 2704 2703 49
f 2704 49 51
f 51 53 2704
f 2704 53 2702
f 2702 53 2700
f 2700 53 2697
f 41 43 2699
f 2699 43 2701
f 2687 2685 2688
f 2688 2685 2705
f 2688 2705 2690
f 2690 2705 2706
f 2690 2706 2692
f 2692 2706 2707
f 2692 2707 2708
f 2708 2707 2709
f 2708 2709 2710
f 2710 2709 2711
f 2710 2711 33
f 33 2711 31
f 2685 2673 2705
f 2705 2673 2712
f 2705 2712 2706
f 2706 2712 2707
f 2673 2674 2712
f 2712 2674 2713
f 2712 2713 2707
f 2707 2713 2714
f 2707 2714 2709
f 2709 2714 2715
f 2709 2715 2716
f 2716 2715 2717
f 2716 2717 2718
f 2718 2717 2719
f 2718 2719 2720
f 2720 2719 103
f 2720 103 101
f 103 2719 2683
f 2683 2719 2681
f 2681 2719 2679
f 2679 2719 2717
f 2679 2717 2715
f 2679 2715 2677
f 2677 2715 2714
f 2677 2714 2713
f 2677 2713 2675
f 2675 2713 2674
f 2709 2716 2711
f 2711 2716 2721
f 2711 2721 31
f 31 2721 29
f 29 2721 27
f 27 2721 2722
f 27 2722 25
f 25 2722 99
f 99 2722 101
f 101 2722 2720
f 2722 2721 2720
f 2720 2721 2718
f 59 61 2686
f 2686 61 63
f 47 2723 45
f 45 2723 2724
f 45 2724 2725
f 2725 2724 2701
f 2725 2701 43
f 2701 2724 2726
f 2726 2724 2723
f 2726 2723 47
f 47 49 2726
f 2726 49 2703
f 2726 2703 2701
f 2694 2692 2727
f 2727 2692 2708
f 2727 2708 2710
f 2710 33 2727
f 2727 33 2728
f 2727 2728 2696
f 2696 2728 35
f 2676 67 2729
f 2729 67 69
f 2729 69 2730
f 2730 69 2731
f 2730 2731 2732
f 2732 2731 2733
f 2732 2733 2734
f 2734 2733 470
f 2734 470 468
f 470 2733 472
f 472 2733 2735
f 472 2735 474
f 474 2735 475
f 69 71 2731
f 2731 71 2736
f 2731 2736 2733
f 2733 2736 2735
f 2735 2736 475
f 475 2736 73
f 2676 2729 2678
f 2678 2729 2730
f 2678 2730 2732
f 2678 2732 2680
f 2680 2732 2734
f 2680 2734 2682
f 2682 2734 468
f 2682 468 2737
f 2737 468 466
f 2737 466 2738
f 2738 466 464
f 2738 464 453
f 2682 2737 2684
f 2684 2737 2738
f 2684 2738 2739
f 2739 2738 453
f 2739 453 107
f 107 105 2739
f 2739 105 2684
f 2403 2740 2404
f 2404 2740 2741
f 2404 2741 2405
f 2405 2741 2742
f 2405 2742 2743
f 2743 2742 2744
f 2743 2744 529
f 529 2744 527
f 527 2744 525
f 525 2744 2745
f 525 2745 2746
f 2746 2745 2747
f 2746 2747 316
f 316 2747 2748
f 316 2748 314
f 314 2748 312
f 316 318 2746
f 2746 318 523
f 2746 523 525
f 529 531 2743
f 2743 531 2405
f 2741 2740 2749
f 2749 2740 2750
f 2749 2750 2751
f 2751 2750 2752
f 2751 2752 2748
f 2748 2752 312
f 2748 2747 2751
f 2751 2747 2753
f 2751 2753 2749
f 2749 2753 2742
f 2749 2742 2741
f 2742 2753 2744
f 2744 2753 2745
f 2402 2401 2754
f 2754 2401 2755
f 2754 2755 2756
f 2756 2755 2757
f 2756 2757 2758
f 2758 2757 2397
f 2758 2397 2398
f 2397 2757 2396
f 2396 2757 2755
f 2396 2755 2401
f 2759 2754 2760
f 2760 2754 2756
f 2760 2756 2761
f 2761 2756 2762
f 2761 2762 2763
f 2763 2762 2764
f 2763 2764 2765
f 2765 2764 310
f 2765 310 312
f 312 2752 2765
f 2765 2752 2763
f 310 2764 2400
f 2400 2764 2399
f 2764 2762 2399
f 2399 2762 2398
f 2398 2762 2758
f 2758 2762 2756
f 2754 2759 2402
f 2402 2759 2403
f 2403 2759 2740
f 2740 2759 2750
f 2759 2760 2766
f 2766 2760 2761
f 2766 2761 2763
f 2763 2752 2766
f 2766 2752 2750
f 2766 2750 2759
f 425 424 2767
f 2767 424 423
f 2767 423 482
f 482 427 2767
f 2767 427 425
f 2768 2769 2770
f 2770 2769 2771
f 2770 2771 2772
f 2772 2771 2773
f 2772 2773 2774
f 2774 2773 2775
f 2774 2775 2776
f 2776 2775 2777
f 2776 2777 2778
f 2778 2777 2779
f 2778 2779 2780
f 2780 2779 2781
f 2780 2781 2782
f 2782 2781 2783
f 2782 2783 2784
f 2784 2783 2785
f 2784 2785 2786
f 2786 2785 2787
f 2786 2787 2788
f 2788 2787 2789
f 2788 2789 2790
f 2790 2789 2791
f 2790 2791 2792
f 2792 2791 2793
f 2792 2793 2794
f 2794 2793 2795
f 2794 2795 2796
f 2796 2795 2797
f 2796 2797 223
f 223 2797 2771
f 223 2771 222
f 222 2771 2769
f 222 2769 2768
f 222 2768 221
f 221 2768 2798
f 221 2798 220
f 220 2798 197
f 197 2798 199
f 199 2798 2799
f 199 2799 2800
f 2800 2799 2801
f 2800 2801 2802
f 2802 2801 2803
f 2802 2803 2778
f 2778 2803 2776
f 2778 2780 2802
f 2802 2780 2804
f 2802 2804 2800
f 2800 2804 203
f 2800 203 201
f 2780 2782 2804
f 2804 2782 2805
f 2804 2805 203
f 203 2805 2784
f 203 2784 204
f 204 2784 2786
f 204 2786 206
f 206 2786 2788
f 206 2788 208
f 208 2788 2790
f 208 2790 210
f 210 2790 2792
f 210 2792 211
f 211 2792 2794
f 211 2794 2796
f 211 2796 212
f 212 2796 186
f 186 2796 184
f 184 2796 223
f 2771 2797 2773
f 2773 2797 2806
f 2773 2806 2775
f 2775 2806 2807
f 2775 2807 2808
f 2808 2807 2809
f 2808 2809 2810
f 2810 2809 2811
f 2810 2811 2812
f 2812 2811 2813
f 2812 2813 2781
f 2781 2813 2785
f 2781 2785 2783
f 2785 2813 2787
f 2787 2813 2811
f 2787 2811 2789
f 2789 2811 2809
f 2789 2809 2791
f 2791 2809 2807
f 2791 2807 2793
f 2793 2807 2806
f 2793 2806 2795
f 2795 2806 2797
f 2775 2808 2777
f 2777 2808 2814
f 2777 2814 2779
f 2779 2814 2815
f 2779 2815 2781
f 2781 2815 2812
f 2808 2810 2814
f 2814 2810 2816
f 2814 2816 2815
f 2815 2816 2812
f 2768 2770 2817
f 2817 2770 2818
f 2817 2818 2768
f 2768 2818 2819
f 2768 2819 2798
f 2798 2819 2799
f 2799 2819 2801
f 2801 2819 2820
f 2801 2820 2803
f 2803 2820 2821
f 2803 2821 2776
f 2776 2821 2774
f 2774 2821 2772
f 2772 2821 2820
f 2772 2820 2770
f 2770 2820 2818
f 1569 1306 2822
f 2822 1306 2823
f 2822 2823 2824
f 2824 2823 2825
f 2824 2825 1298
f 1298 2825 1300
f 1300 2825 1302
f 1302 2825 2823
f 1302 2823 1304
f 1304 2823 1306
f 2822 2824 2826
f 2826 2824 1298
f 2826 1298 2827
f 2827 1298 1570
f 2827 1570 1569
f 1569 2822 2827
f 2827 2822 2826
f 2828 2829 2830
f 2830 2829 2831
f 2830 2831 2832
f 2832 2831 2833
f 2832 2833 2834
f 2834 2833 2835
f 2834 2835 2836
f 2836 2835 2837
f 2836 2837 716
f 716 2837 2838
f 716 2838 714
f 714 2838 2839
f 714 2839 2840
f 2840 2839 2841
f 2840 2841 745
f 745 2841 2842
f 745 2842 702
f 702 2842 700
f 700 2842 698
f 698 2842 741
f 745 744 2840
f 2840 744 712
f 2840 712 714
f 716 718 2836
f 2836 718 2843
f 2836 2843 2844
f 2844 2843 722
f 2844 722 724
f 722 2843 721
f 721 2843 720
f 2836 2844 2834
f 2834 2844 2845
f 2834 2845 2846
f 2846 2845 2847
f 2846 2847 2848
f 2848 2847 2849
f 2848 2849 739
f 739 2849 728
f 728 2849 726
f 726 2849 2847
f 726 2847 724
f 724 2847 2845
f 724 2845 2844
f 739 737 2848
f 2848 737 2850
f 2848 2850 2851
f 2851 2850 2852
f 2851 2852 2830
f 2830 2852 2828
f 2830 2832 2851
f 2851 2832 2846
f 2851 2846 2848
f 2828 2852 2853
f 2853 2852 2850
f 2853 2850 2854
f 2854 2850 737
f 2854 737 2855
f 2855 737 735
f 2855 735 2856
f 2856 735 2857
f 2856 2857 2858
f 2858 2857 2859
f 2858 2859 2831
f 2831 2859 2833
f 2831 2829 2858
f 2858 2829 2828
f 2858 2828 2856
f 2856 2828 2860
f 2856 2860 2855
f 2855 2860 2854
f 2854 2860 2853
f 2853 2860 2828
f 2859 2857 2861
f 2861 2857 2862
f 2861 2862 2839
f 2839 2862 2863
f 2839 2863 2841
f 2841 2863 2864
f 2841 2864 2842
f 2842 2864 741
f 741 2864 740
f 740 2864 2865
f 740 2865 733
f 733 2865 735
f 2865 2864 735
f 735 2864 2863
f 735 2863 2862
f 2839 2838 2861
f 2861 2838 2866
f 2861 2866 2859
f 2859 2866 2833
f 2833 2866 2835
f 2835 2866 2837
f 2867 558 2868
f 2868 558 556
f 2868 556 554
f 558 2867 560
f 560 2867 2869
f 560 2869 562
f 562 2869 613
f 2867 2868 2870
f 2870 2868 2871
f 2870 2871 2872
f 2872 2871 550
f 2872 550 2873
f 2873 550 548
f 2873 548 2874
f 2874 548 546
f 2874 546 544
f 550 2871 552
f 552 2871 554
f 2872 2875 2870
f 2870 2875 2876
f 2870 2876 2877
f 2877 2876 2878
f 2877 2878 2879
f 2879 2878 613
f 2879 613 2869
f 2879 2869 2877
f 2877 2869 2867
f 2877 2867 2870
f 613 2878 612
f 612 2878 2880
f 612 2880 611
f 611 2880 609
f 2881 605 2882
f 2882 605 607
f 2882 607 2883
f 2883 607 2884
f 2883 2884 2875
f 2875 2884 2876
f 2876 2884 2878
f 2878 2884 2880
f 2880 2884 609
f 609 2884 607
f 2883 2875 2882
f 2882 2875 2885
f 2882 2885 2886
f 2886 2885 2887
f 2886 2887 2888
f 2888 2887 2889
f 2888 2889 2890
f 2890 2889 2891
f 2890 2891 2892
f 2892 2891 2082
f 2892 2082 2084
f 2892 2084 2890
f 2890 2084 2893
f 2890 2893 2894
f 2894 2893 2895
f 2894 2895 2888
f 2888 2895 2886
f 2084 2086 2893
f 2893 2086 2896
f 2893 2896 2895
f 2895 2896 2881
f 2895 2881 2886
f 2886 2881 2882
f 2086 601 2896
f 2896 601 603
f 2896 603 2881
f 2881 603 605
f 2082 2891 544
f 544 2891 2874
f 2891 2889 2874
f 2874 2889 2873
f 2889 2887 2873
f 2873 2887 2872
f 2872 2887 2875
f 2875 2887 2885
f 2897 1986 2898
f 2898 1986 1988
f 2898 1988 1990
f 2898 1990 2897
f 2897 1990 2899
f 2897 2899 1984
f 1984 2899 2900
f 1984 2900 1982
f 1982 2900 1998
f 2900 2899 1998
f 1998 2899 2075
f 2901 1731 2902
f 2902 1731 1729
f 2902 1729 1727
f 1727 1725 2902
f 2902 1725 2903
f 2902 2903 2901
f 2901 2903 1721
f 2901 1721 1719
f 1719 1733 2901
f 2901 1733 1731
f 1721 2903 1723
f 1723 2903 1725
f 66 70 68
f 200 205 207
f 162 164 230
f 325 330 327
f 437 436 438
f 415 463 416
f 443 441 481
f 501 500 499
f 510 507 506
f 627 616 614
f 668 575 577
f 736 732 734
f 804 749 751
f 861 912 859
f 853 855 910
f 905 901 903
f 894 892 916
f 1075 1074 266
f 1154 1156 1155
f 1233 1237 1235
f 1224 1226 1267
f 1182 1184 1180
f 1385 1381 1383
f 1381 1343 1345
f 1342 1000 1344
f 1299 1301 1435
f 1498 1500 1504
f 1193 1503 1195
f 242 1555 144
f 1422 1425 1424
f 1323 1325 1405
f 990 1578 988
f 1597 1596 1598
f 1046 1606 1044
f 1603 1543 1545
f 1472 1592 1474
f 1624 1626 1639
f 1632 1638 1634
f 1665 1663 1667
f 1756 1735 1737
f 1740 1738 1760
f 630 1860 632
f 1949 1948 2035
f 1959 2029 1961
f 1979 2045 1981
f 2000 2059 2002
f 2041 2040 2057
f 2065 2013 2015
f 2011 2062 2009
f 1970 1972 2060
f 1994 1996 2074
f 1951 1924 1922
f 1881 1879 1943
f 1873 1871 1937
f 1788 2112 1790
f 2146 2106 2105
f 2167 2188 2169
f 2208 2200 2202
f 2194 2151 2150
f 1827 2210 1825
f 2292 2017 2019
f 2301 2299 2302
f 2310 2309 2314
f 2367 2365 2364
f 2346 2348 2356
f 2408 2319 2313
f 307 2442 309
f 375 373 2427
f 2466 269 267
f 2474 2471 2470
f 1666 1133 2481
f 1241 1262 2487
f 2491 2490 2493
f 2504 1908 1902
f 2512 2514 2510
f 2511 2508 2517
f 2224 2520 2226
f 2529 1352 2530
f 2535 2537 2634
f 2628 2626 2637
f 2619 2621 2627
f 2606 2605 2604
f 2644 2534 2532
f 1433 2531 1436
f 1612 1534 2666
f 2716 2718 2721
f 43 45 2725
f 35 2728 33
f 2696 2694 2727
f 73 2736 71
f 2745 2753 2747
f 2805 2782 2784
f 199 2800 201
f 2810 2812 2816
f 2818 2820 2819
f 2832 2834 2846
f 718 720 2843
f 2866 2838 2837
f 2862 2857 735
f 2871 2868 554
f 2890 2894 2888
f 1990 2075 2899
f 1986 2897 1984

