# https://github.com/mikedh/trimesh
v 0.00641931 0.03161666 0.99947945
v -0.19174673 -0.10425154 0.97589180
v 0.22956638 -0.01711600 0.97314250
v -0.10744786 0.14230287 0.98397401
v 0.00003122 -0.00019138 0.99999998
v 0.05581027 0.02079583 0.99822480
v -0.10745544 0.02191591 0.99396832
v 0.07038802 -0.03233992 0.99699531
v -0.00838557 0.02689137 0.99960319
v -0.15199285 -0.12140663 0.98089684
v 0.25696909 0.01604506 0.96628642
v -0.25725728 0.17123470 0.95105067
v 0.03335823 -0.09532993 0.99488664
v 0.18477981 0.12237537 0.97513111
v -0.31910843 -0.03966539 0.94688778
v 0.34773236 -0.13747672 0.92746016
v -0.05421467 0.07802441 0.99547625
v -0.07922044 -0.15222622 0.98516562
v 0.34603968 0.10105253 0.93276199
v -0.26972020 0.14104124 0.95255361
v 0.20380698 -0.24384385 0.94815763
v 0.07836822 0.31993100 0.94419414
v -0.37707391 -0.10347172 0.92038518
v 0.37775352 0.00503837 0.92589248
v -0.29881575 0.25222183 0.92037671
v 0.06030701 -0.19989368 0.97795991
v 0.13681827 0.05252677 0.98920256
v -0.33648346 0.06116682 0.93970075
v 0.15405345 -0.16837534 0.97361044
v -0.09568678 0.31302626 0.94491195
v -0.18418223 -0.21381614 0.95935372
v 0.36726909 0.12620172 0.92151318
v -0.37544581 0.08250830 0.92316457
v 0.02385564 -0.15094732 0.98825392
v 0.07638236 0.14675331 0.98621965
v -0.24305453 -0.13135517 0.96107768
v 0.36451493 -0.16424371 0.91659853
v -0.13491904 0.18982514 0.97250361
v -0.05723427 -0.27550794 0.95959346
v 0.47748656 0.11197071 0.87147527
v -0.42696787 0.15448894 0.89097228
v 0.17128033 -0.31824182 0.93240828
v 0.06260568 0.22198401 0.97303835
v -0.26616090 -0.18194487 0.94660152
v 0.49459070 0.04984748 0.86769538
v -0.23326566 0.16830264 0.95773762
v -0.05140710 -0.21486304 0.97529031
v 0.13885516 0.26359991 0.95458595
v -0.35754696 0.03707236 0.93315905
v 0.36148471 -0.09032126 0.92799293
v -0.10469685 0.33673788 0.93575967
v -0.23543615 -0.23230967 0.94371714
v 0.39176769 0.04317044 0.91905081
v -0.33086198 0.03326272 0.94309275
v 0.34782490 -0.33748437 0.87471260
v 0.13535523 0.38492411 0.91296900
v -0.36581000 -0.17765399 0.91357654
v 0.49830047 -0.20226605 0.84308071
v -0.18091243 0.21141807 0.96050669
v -0.03507947 -0.29242752 0.95564406
v 0.28033995 0.14396510 0.94904350
v -0.52889569 0.13547465 0.83780426
v 0.45228845 -0.29190562 0.84274923
v 0.02071674 0.44607404 0.89475626
v -0.28467529 -0.28143817 0.91638013
v 0.56152743 0.09521205 0.82196205
v -0.35557603 0.24130083 0.90296157
v 0.05546107 -0.43924677 0.89665286
v 0.29787808 0.35852500 0.88471943
v -0.35946212 -0.16607754 0.91826207
v 0.39127289 -0.26230027 0.88210209
v -0.20585570 0.22210968 0.95304287
v -0.09378084 -0.46490891 0.88037768
v 0.35294745 0.10203799 0.93006255
v -0.42264645 -0.00408877 0.90628542
v 0.24049097 -0.21039476 0.94757487
v -0.00710391 0.39977664 0.91658506
v -0.50850112 -0.30052838 0.80691344
v 0.62796652 -0.00044596 0.77824022
v -0.46472707 0.31169710 0.82877842
v -0.05366807 -0.33707161 0.93994812
v 0.43682983 0.34143143 0.83222850
v -0.54327907 0.08578879 0.83515755
v 0.29033573 -0.30731653 0.90623491
v -0.10579677 0.42443603 0.89925586
v -0.44692637 -0.28949298 0.84643407
v 0.49234903 0.15832445 0.85587721
v -0.39409811 0.14038063 0.90828408
v 0.29320073 -0.47048624 0.83227161
v 0.31461523 0.36883140 0.87463173
v -0.48320281 -0.18558833 0.85561207
v 0.48590716 -0.24348168 0.83941105
v -0.30450058 0.43616663 0.84678100
v -0.13288484 -0.42237761 0.89662633
v 0.31262725 0.27947250 0.90783221
v -0.46066531 0.04410125 0.88647761
v 0.27500832 -0.39701486 0.87564241
v -0.10659920 0.39868662 0.91087079
v -0.31007435 -0.31483583 0.89706873
v 0.49896816 -0.08023198 0.86289837
v -0.43476479 0.39217509 0.81066533
v 0.18317335 -0.44726188 0.87544522
v 0.46781968 0.30533676 0.82940594
v -0.67755147 0.00177994 0.73547320
v 0.50858329 -0.19333677 0.83902558
v -0.33667662 0.37823581 0.86231463
v -0.12467430 -0.41020001 0.90343360
v 0.49494445 0.29566861 0.81707409
v -0.55330985 0.07535792 0.82955976
v 0.23235186 -0.44467754 0.86502861
v 0.25023470 0.48663165 0.83700193
v -0.50700373 -0.14610458 0.84947081
v 0.56374827 -0.16387087 0.80952716
v -0.44278033 0.35802267 0.82204948
v -0.17125886 -0.35250448 0.92000598
v 0.50273009 0.38962577 0.77165680
v -0.49349803 -0.09410470 0.86464096
v 0.35110583 -0.30338360 0.88582339
v -0.05962886 0.48232060 0.87396295
v -0.37464527 -0.28888948 0.88101293
v 0.67521365 0.15976950 0.72011126
v -0.49710193 0.32376507 0.80502538
v 0.37040365 -0.45661234 0.80889202
v 0.27866237 0.37768201 0.88300826
v -0.44692073 -0.16823541 0.87861181
v 0.57723577 -0.14367564 0.80383840
v -0.34479903 0.40081349 0.84880043
v -0.19156436 -0.54233021 0.81803487
v 0.44968497 0.27622920 0.84940029
v -0.50126164 0.15439646 0.85140972
v 0.30743096 -0.48044136 0.82137830
v 0.28397891 0.52695624 0.80104501
v -0.42750702 -0.30416244 0.85130662
v 0.57795893 -0.10015541 0.80989651
v -0.49779983 0.29698066 0.81486061
v 0.00718387 -0.57805953 0.81596297
v 0.50666258 0.42509781 0.75005659
v -0.57153829 -0.11220506 0.81286777
v 0.47452142 -0.26821435 0.83838564
v -0.24756635 0.55036823 0.79737426
v -0.21694813 -0.43781359 0.87249801
v 0.55164375 0.16122758 0.81834885
v -0.68207386 0.20383466 0.70230099
v 0.18676034 -0.41389331 0.89096178
v 0.37068311 0.48648490 0.79115515
v -0.52137863 -0.18093939 0.83392161
v 0.55519628 -0.20333220 0.80648193
v -0.54497953 0.40171378 0.73595064
v -0.17544548 -0.47357558 0.86310199
v 0.56851119 0.33607204 0.75089987
v -0.55404174 0.00367602 0.83248077
v 0.34735641 -0.35206855 0.86913248
v 0.10807154 0.43585143 0.89350661
v -0.37570488 -0.40024730 0.83585163
v 0.64293302 -0.01609286 0.76575333
v -0.47607275 0.40746264 0.77931312
v -0.03542395 -0.46650965 0.88380648
v 0.46405519 0.40903035 0.78571430
v -0.54497136 -0.14394695 0.82600575
v 0.72785776 -0.09587971 0.67899202
v -0.36379288 0.43484409 0.82375079
v -0.27738995 -0.57356061 0.77076783
v 0.57413124 0.32971484 0.74944075
v -0.70679085 0.23638730 0.66675914
v 0.45859625 -0.48718682 0.74319478
v 0.15558203 0.56530962 0.81007362
v -0.62966219 -0.25562175 0.73360960
v 0.72924084 -0.20288650 0.65348670
v -0.30292532 0.46294687 0.83301647
v 0.14806895 -0.48343563 0.86276624
v 0.51578389 0.33083092 0.79026444
v -0.68842133 -0.06755481 0.72215817
v 0.63200039 -0.24339146 0.73575547
v -0.27612371 0.57357924 0.77120850
v -0.54712844 -0.35076964 0.76000732
v 0.64350779 0.25869266 0.72039977
v -0.55217630 0.21651267 0.80512334
v 0.06584353 -0.63611584 0.76877907
v 0.50809216 0.48982510 0.70845870
v -0.63683496 -0.24284110 0.73175777
v 0.69129759 -0.02319667 0.72219773
v -0.30358188 0.43353295 0.84846168
v -0.11785558 -0.64853183 0.75200833
v 0.58338053 0.16590225 0.79507459
v -0.73123261 0.10009689 0.67474401
v 0.40357744 -0.55991247 0.72361819
v 0.29196364 0.59964702 0.74510448
v -0.57144605 -0.44347694 0.69049085
v 0.71206224 0.04892736 0.70040951
v -0.51046096 0.41054757 0.75556621
v 0.17679499 -0.64933663 0.73966579
v 0.56890307 0.30266565 0.76468477
v -0.64519548 -0.05140773 0.76228606
v 0.56496129 -0.43290165 0.70243498
v -0.06739366 0.51004924 0.85750094
v -0.40272916 -0.53417541 0.74328046
v 0.61007982 0.33789692 0.71667865
v -0.71546018 0.29266091 0.63440234
v 0.52748508 -0.51567524 0.67515815
v 0.22863145 0.54200238 0.80867860
v -0.75007549 -0.19592968 0.63166314
v 0.70994848 -0.15911615 0.68604315
v -0.64608911 0.40662462 0.64592978
v 0.00760727 -0.68400601 0.72943671
v 0.72075454 0.23251337 0.65303172
v -0.77706054 0.10967540 0.61979692
v 0.59608140 -0.31054723 0.74043730
v -0.12560558 0.52634002 0.84094555
v -0.38168611 -0.42538360 0.82058790
v 0.63597685 0.18218079 0.74989573
v -0.55288823 0.47964882 0.68136013
v 0.08163044 -0.59320684 0.80090081
v 0.40151194 0.57130179 0.71582290
v -0.74314278 -0.02545235 0.66864862
v 0.65655014 -0.17881674 0.73277997
v -0.17123373 0.53618887 0.82654734
v -0.07210301 -0.62756500 0.77521824
v 0.61801132 0.30702106 0.72374033
v -0.76168864 0.03887595 0.64677591
v 0.53626532 -0.36963019 0.75881027
v -0.04268996 0.66887755 0.74214580
v -0.54370730 -0.41409001 0.73000811
v 0.71025620 -0.11160949 0.69503917
v -0.52760536 0.42303276 0.73666537
v 0.04961752 -0.57724168 0.81506450
v 0.72929444 0.32772696 0.60060357
v -0.66001907 0.08781928 0.74609825
v 0.62965784 -0.41404015 0.65734447
v -0.01069714 0.67217490 0.74031512
v -0.29268729 -0.54919887 0.78276098
v 0.72627186 0.05030064 0.68556476
v -0.57511366 0.34481273 0.74185474
v 0.12565109 -0.55760450 0.82054191
v 0.19281940 0.56484128 0.80235591
v -0.70628284 -0.37388444 0.60114472
v 0.82366750 -0.00105347 0.56707207
v -0.63476518 0.44631452 0.63077454
v -0.37816471 -0.52698725 0.76110176
v 0.71937038 0.18015113 0.67085902
v -0.81510151 -0.09689789 0.57115700
v 0.71428247 -0.34113559 0.61108679
v -0.05396210 0.69111404 0.72072843
v -0.69667988 -0.39084002 0.60156564
v 0.80112356 0.06083784 0.59539885
v -0.74365268 0.30922736 0.59275554
v 0.10913133 -0.70760990 0.69812505
v 0.65731606 0.44202432 0.61036883
v -0.80668769 -0.09059852 0.58399219
v 0.62466172 -0.44812352 0.63951782
v -0.03104968 0.72545905 0.68756461
v -0.13535603 -0.56099965 0.81667505
v 0.64228313 0.24630310 0.72581483
v -0.72942398 0.35868750 0.58248084
v 0.16878875 -0.61889646 0.76712289
v 0.30546997 0.53422293 0.78822202
v -0.60039360 -0.39294897 0.69650458
v 0.68854991 -0.24499426 0.68255171
v -0.52268406 0.46602761 0.71387649
v 0.16288360 -0.69145543 0.70381697
v 0.44332367 0.47214355 0.76193477
v -0.68661482 -0.15309549 0.71071926
v 0.77420589 -0.27507088 0.57003619
v 0.03616493 0.68445698 0.72815572
v -0.60214852 -0.46155362 0.65144871
v 0.79626362 0.25432985 0.54889031
v -0.66777421 0.45218984 0.59127148
v 0.17335394 -0.67545177 0.71673797
v 0.28804216 0.67215592 0.68208367
v -0.71573090 -0.08962376 0.69260152
v 0.81559930 -0.06571290 0.57487355
v -0.21890538 0.63774558 0.73848562
v -0.25289949 -0.58685800 0.76918108
v 0.63722071 0.48164608 0.60163679
v -0.79440412 0.14922132 0.58877422
v 0.53124061 -0.45390895 0.71536710
v 0.01028661 0.62833204 0.77787726
v -0.65687704 -0.45552639 0.60083963
v 0.84711267 -0.12074850 0.51751320
v -0.63443214 0.35698902 0.68560535
v 0.09684846 -0.68195347 0.72495506
v 0.65484448 0.36181296 0.66352851
v -0.81912577 0.07576863 0.56858780
v 0.63085656 -0.35093730 0.69199929
v -0.23481070 0.64698342 0.72544909
v -0.33392935 -0.65481836 0.67801483
v 0.70703123 0.25271295 0.66048694
v -0.70626162 0.29754843 0.64238576
v 0.50465414 -0.45335919 0.73470378
v 0.51118473 0.53727719 0.67083783
v -0.79110767 -0.28469067 0.54138700
v 0.84007754 -0.04518036 0.54058160
v -0.28284788 0.58654874 0.75891873
v -0.35404660 -0.64342417 0.67871669
v 0.75017400 0.23832547 0.61679813
v -0.86011428 0.11414437 0.49716647
v 0.49504807 -0.59067257 0.63720743
v -0.09138911 0.64657466 0.75735674
v -0.50776553 -0.57201814 0.64418119
v 0.80613326 -0.08615827 0.58542797
v -0.67797591 0.45513062 0.57723892
v 0.26145884 -0.60139531 0.75495891
v 0.41142306 0.63107318 0.65763038
v -0.72009455 -0.33153595 0.60954717
v 0.74554720 -0.18181064 0.64117413
v -0.31558107 0.66207520 0.67975364
v -0.23400915 -0.62514747 0.74460080
v 0.76738222 0.20552885 0.60735691
v -0.86467841 0.05113748 0.49971613
v 0.35743590 -0.60650348 0.71020638
v 0.36485401 0.67001820 0.64649606
v -0.70756078 -0.33656895 0.62135262
v 0.77614962 0.07551053 0.62601113
v -0.49224461 0.51497726 0.70177893
v 0.02045979 -0.75309163 0.65759744
v 0.47618800 0.57644613 0.66404432
v -0.78629892 -0.05628771 0.61527693
v 0.75772760 -0.27488096 0.59185246
v -0.20152101 0.64150086 0.74017966
v -0.35463536 -0.71880773 0.59795418
v 0.85734772 0.05446369 0.51184821
v -0.80994188 0.25741454 0.52700276
v 0.29968330 -0.64390476 0.70397201
v 0.28382310 0.72715829 0.62504821
v -0.82828354 -0.15313677 0.53897635
v 0.82515254 -0.24016631 0.51131540
v -0.60661821 0.50037262 0.61777146
v -0.39295025 -0.66340208 0.63677922
v 0.62395669 0.43029381 0.65232299
v -0.80671527 0.20414665 0.55455804
v 0.54879649 -0.60362282 0.57832682
v -0.02308334 0.68341167 0.72966817
v -0.66768225 -0.46523889 0.58116537
v 0.84517286 0.00364180 0.53448067
v -0.52177310 0.60343709 0.60300623
v 0.22268164 -0.72651730 0.65006577
v 0.45594495 0.58927428 0.66698578
v -0.73340719 -0.23878150 0.63647253
v 0.76482364 -0.33385825 0.55098409
v -0.45722700 0.67626258 0.57759189
v -0.59623280 -0.50276073 0.62588984
v 0.81215778 0.21487640 0.54242776
v -0.80066202 0.05494368 0.59659159
v 0.30829253 -0.66002605 0.68507031
v 0.27594588 0.67710962 0.68218505
v -0.67609069 -0.52395579 0.51804604
v 0.80882914 -0.07439980 0.58331817
v -0.68453446 0.37191817 0.62696846
v -0.09890371 -0.66465606 0.74057436
v 0.64085084 0.49517793 0.58660806
v -0.81740309 0.03116954 0.57522227
v 0.65285356 -0.51129162 0.55889454
v -0.28134596 0.69587444 0.66075957
v -0.53765798 -0.57724013 0.61458745
v 0.86190546 0.19201252 0.46930818
v -0.85033890 0.17662429 0.49570920
v 0.03651506 -0.75571714 0.65387939
v 0.20543961 0.72529970 0.65706538
v -0.79406630 -0.33053882 0.51010077
v 0.86462411 -0.20653915 0.45800298
v -0.38933179 0.67654537 0.62506569
v -0.30991198 -0.65634079 0.68787451
v 0.84625635 0.17938998 0.50166665
v -0.80824745 0.30014270 0.50660677
v 0.67081987 -0.43968597 0.59722436
v 0.18133048 0.79843885 0.57412077
v -0.70804500 -0.35080222 0.61287037
v 0.84061004 -0.03553083 0.54047417
v -0.69811046 0.50993744 0.50259884
v -0.02354120 -0.70341622 0.71038823
v 0.49716349 0.67329644 0.54726628
v -0.87171158 -0.00475044 0.48999629
v 0.76346070 -0.34034804 0.54889978
v -0.30120610 0.64505349 0.70226838
v -0.61739700 -0.46239936 0.63640221
v 0.83961362 0.12918197 0.52759928
v -0.77967528 0.36604904 0.50804976
v 0.22822221 -0.69956831 0.67714017
v 0.16121648 0.76769633 0.62020287
v -0.65521735 -0.40786134 0.63587684
v 0.79376069 -0.13925320 0.59207475
v -0.60935290 0.51194610 0.60547521
v 0.03216314 -0.75810284 0.65134140
v 0.79153751 0.31021921 0.52652865
v -0.89250386 -0.09576893 0.44075524
v 0.75008938 -0.38834712 0.53530592
v -0.03687219 0.74871461 0.66186621
v -0.47484207 -0.67037552 0.57019441
v 0.85806384 0.01942552 0.51317550
v -0.85433290 0.25776401 0.45130146
v -0.04574302 -0.74890955 0.66109157
v 0.68304494 0.46361429 0.56436815
v -0.83406593 -0.28530217 0.47216173
v 0.82931823 -0.21165148 0.51714111
v -0.49057381 0.56480836 0.66357280
v -0.44226401 -0.62009815 0.64798212
v 0.86022374 0.08545007 0.50270607
v -0.84310881 0.28518550 0.45589118
v 0.49178570 -0.60688162 0.62437290
v 0.20271354 0.74565304 0.63475095
v -0.67971180 -0.41229649 0.60663290
v 0.81953072 -0.18402860 0.54268119
v -0.47001587 0.65165596 0.59533990
v -0.21883595 -0.81280562 0.53986837
v 0.66727703 0.52700890 0.52631072
v -0.83856400 0.08877087 0.53752224
v 0.83240100 -0.32603410 0.44811866
v -0.30381895 0.70943313 0.63592348
v -0.71328036 -0.40371195 0.57292914
v 0.87822883 0.00841185 0.47816666
v -0.70110752 0.48420946 0.52344002
v 0.22392806 -0.69699171 0.68121860
v 0.28809081 0.68204003 0.67217936
v -0.84886030 -0.25716334 0.46184759
v 0.86642637 -0.14101514 0.47897816
v -0.34553680 0.68281029 0.64371922
v -0.18370776 -0.79486452 0.57830948
v 0.84814406 0.22476198 0.47972253
v -0.90567149 0.02340827 0.42333345
v 0.63514647 -0.57255703 0.51842783
v 0.36763153 0.69628961 0.61646398
v -0.61769186 -0.54997166 0.56212804
v 0.91767663 0.02746545 0.39637767
v -0.70971879 0.40181660 0.57865591
v 0.28660677 -0.80189789 0.52422928
v 0.65133864 0.51927837 0.55327024
v -0.86441365 -0.20734448 0.45803635
v 0.75936220 -0.32900562 0.56135938
v -0.33684093 0.74044632 0.58161622
v -0.60912629 -0.56265557 0.55891311
v 0.84994309 0.16257798 0.50116379
v -0.91114073 0.07425556 0.40535007
v 0.33260890 -0.77474911 0.53771288
v 0.15136771 0.79465204 0.58789110
v -0.80807081 -0.36611486 0.46149916
v 0.91366604 0.02759415 0.40552796
v -0.77431325 0.43715261 0.45753316
v 0.13096713 -0.80194160 0.58286987
v 0.56923261 0.57225337 0.59033916
v -0.86671988 0.10080936 0.48850192
v 0.77256639 -0.35083937 0.52920025
v -0.05870479 0.75919062 0.64821551
v -0.81596611 -0.36776017 0.44604010
v 0.86901376 0.26288104 0.41917615
v -0.74055043 0.45100649 0.49817488
v 0.43623642 -0.71293193 0.54902264
v 0.71895904 0.50879539 0.47352418
v -0.84088615 -0.11844842 0.52809133
v 0.86697889 -0.18188482 0.46396715
v -0.26777176 0.82135934 0.50365377
v -0.47670154 -0.69667811 0.53609258
v 0.88037838 0.16682370 0.44396370
v -0.84629966 0.22410450 0.48327431
v 0.72111721 -0.49960539 0.47998377
v 0.36941603 0.71390830 0.59486699
v -0.85328278 -0.33376463 0.40063658
v 0.89657543 -0.19579027 0.39726397
v -0.77499092 0.36108237 0.51866039
v -0.20208275 -0.80184358 0.56232503
v 0.79240543 0.42337038 0.43914822
v -0.91064012 -0.17964576 0.37210479
v 0.79278115 -0.38307869 0.47407675
v -0.20611306 0.78653612 0.58213258
v -0.62607492 -0.52579471 0.57582126
v 0.86645819 0.23945442 0.43807738
v -0.88725149 0.17572936 0.42650203
v 0.61014973 -0.63397484 0.47517704
v 0.45406513 0.65925207 0.59934262
v -0.83872455 -0.26850063 0.47376001
v 0.91335365 -0.05098820 0.40396203
v -0.35104451 0.80008529 0.48644762
v -0.28823872 -0.80591367 0.51712821
v 0.63950033 0.52254978 0.56389809
v -0.91154568 0.14682783 0.38409121
v 0.71646359 -0.46399147 0.52095283
v 0.23676369 0.81177808 0.53381579
v -0.63388412 -0.58744592 0.50308867
v 0.92196367 0.00036163 0.38727620
v -0.69396714 0.47926239 0.53732409
v 0.06452981 -0.84498975 0.53087496
v 0.37005768 0.69533013 0.61609523
v -0.88022246 -0.07865238 0.46799810
v 0.88931949 -0.22065246 0.40052881
v -0.05125226 0.82312958 0.56553594
v -0.43001557 -0.73427341 0.52528961
v 0.78861309 0.38963226 0.47568488
v -0.87579884 0.14095689 0.46163572
v 0.30823802 -0.79358806 0.52460205
v 0.49786206 0.63111832 0.59483025
v -0.73202647 -0.45872589 0.50369417
v 0.89403271 -0.16674750 0.41581339
v -0.53691244 0.70879957 0.45752400
v -0.26251258 -0.79944804 0.54034246
v 0.54365266 0.64420267 0.53800066
v -0.90839997 0.04240524 0.41594625
v 0.72668490 -0.54718095 0.41535775
v -0.42886866 0.78003736 0.45564613
v -0.40047208 -0.71849067 0.56867677
v 0.89584756 0.09008149 0.43513500
v -0.78719464 0.45118975 0.42041934
v 0.18837851 -0.78589435 0.58896826
v 0.24965942 0.83805481 0.48511267
v -0.85396866 -0.37262954 0.36315941
v 0.89414035 -0.21506230 0.39276106
v -0.27676039 0.75663974 0.59236812
v -0.41818557 -0.73162785 0.53836932
v 0.90650565 0.17732885 0.38314748
v -0.83497182 0.31888542 0.44847983
v 0.71341786 -0.49499608 0.49599781
v 0.46942554 0.73484321 0.48953562
v -0.66639707 -0.52001361 0.53432274
v 0.89307573 -0.06681398 0.44491755
v -0.62219844 0.61656555 0.48240649
v 0.19360948 -0.85052101 0.48900856
v 0.75134136 0.41551789 0.51267051
v -0.92630769 -0.17204088 0.33519547
v 0.71749350 -0.57113354 0.39876002
v -0.47599941 0.68002488 0.55766542
v -0.45690947 -0.68409814 0.56854505
v 0.85845464 0.30292778 0.41387243
v -0.92416438 0.11564709 0.36406861
v 0.55953263 -0.68325167 0.46913793
v 0.50344994 0.72330352 0.47262054
v -0.78106823 -0.40745522 0.47319411
v 0.90472084 -0.25896329 0.33825761
v -0.55043885 0.66189708 0.50883134
v -0.10968533 -0.86804894 0.48421086
v 0.81080518 0.46043620 0.36137717
v -0.93690465 0.05625907 0.34502839
v 0.69580295 -0.57179755 0.43463297
v 0.16878848 0.87730259 0.44927789
v -0.69768602 -0.56094243 0.44562070
v 0.90294399 0.12012916 0.41262711
v -0.76756671 0.44078853 0.46534592
v 0.10447961 -0.82586862 0.55409839
v 0.62498753 0.63229435 0.45781485
v -0.85845088 -0.28395013 0.42712342
v 0.90340952 -0.12386186 0.41049906
v -0.36333136 0.82331958 0.43604494
v -0.29688661 -0.81802301 0.49264257
v 0.93575657 0.13103070 0.32739974
v -0.83998706 0.37561880 0.39157662
v 0.64226936 -0.61225530 0.46112202
v -0.05196298 0.86640443 0.49663187
v -0.73298818 -0.51901031 0.43972335
v 0.94257938 -0.11418490 0.31385654
v -0.77800969 0.41507704 0.47160574
v 0.29192138 -0.77399200 0.56188815
v 0.54494541 0.66742084 0.50752726
v -0.95265187 0.04281887 0.30103315
v 0.85421060 -0.32214029 0.40810524
v -0.41497901 0.79368208 0.44481589
v -0.72634705 -0.47684415 0.49501477
v 0.87388768 0.31165221 0.37308608
v -0.93104875 0.18188992 0.31632938
v 0.42041488 -0.80043818 0.42725875
v 0.35588189 0.81701193 0.45369547
v -0.87301310 -0.20352721 0.44319839
v 0.92672752 -0.15370207 0.34285825
v -0.65860466 0.55564512 0.50744300
v -0.39024167 -0.79904921 0.45741863
v 0.70415551 0.58328284 0.40490265
v -0.89720369 0.26336386 0.35449260
v 0.46035750 -0.74583515 0.48145706
v 0.21449939 0.85856958 0.46566973
v -0.88757898 -0.31971050 0.33164551
v 0.90140423 -0.10745181 0.41943358
v -0.82747637 0.44429356 0.34334542
v 0.27002242 -0.78131385 0.56270468
v 0.66096158 0.55265897 0.50763948
v -0.93063814 -0.15310919 0.33237061
v 0.72597319 -0.57539897 0.37666822
v -0.35372899 0.77967127 0.51670931
v -0.57265838 -0.69099087 0.44112809
v 0.85836397 0.35635609 0.36908216
v -0.83044957 0.41844663 0.36777158
v 0.54011087 -0.67344658 0.50472760
v 0.39218338 0.78324298 0.48241335
v -0.77898897 -0.52315320 0.34566879
v 0.90998073 0.04501767 0.41219957
v -0.39163233 0.79015821 0.47145956
v -0.03550135 -0.84158433 0.53895776
v 0.77836775 0.49262882 0.38917925
v -0.93826257 -0.09824329 0.33167997
v 0.72318741 -0.59205934 0.35562017
v -0.14907719 0.84737841 0.50963303
v -0.72318760 -0.50381909 0.47240451
v 0.94705019 0.07216033 0.31287189
v -0.69859928 0.52739332 0.48354455
v 0.49363833 -0.72936738 0.47365010
v 0.57717350 0.71474395 0.39498333
v -0.91346731 -0.18311333 0.36338269
v 0.89829297 -0.29151561 0.32876798
v -0.27003816 0.79755457 0.53943128
v -0.47142609 -0.77435383 0.42205874
v 0.89549037 0.14570366 0.42055610
v -0.94922677 0.06760069 0.30724368
v 0.69876960 -0.62238677 0.35264110
v -0.12878578 0.85300603 0.50576173
v -0.89487627 -0.23804014 0.37753589
v 0.93678663 -0.06488675 0.34383211
v -0.80217647 0.43743905 0.40639880
v -0.24290197 -0.80832069 0.53629870
v 0.54511550 0.66183876 0.51460523
v -0.94808695 0.11775212 0.29540746
v 0.84183965 -0.34908827 0.41163501
v -0.35580197 0.82620608 0.43679340
v -0.62107498 -0.66983151 0.40692949
v 0.92867318 0.20536516 0.30885479
v -0.85525231 0.33371169 0.39645931
v 0.17702178 -0.84654601 0.50201907
v 0.35858234 0.83931134 0.40862596
v -0.86348217 -0.34236691 0.37038284
v 0.90960238 -0.19221772 0.36834203
v -0.70457590 0.53061652 0.47118883
v -0.33471741 -0.77515414 0.53581743
v 0.80145015 0.48463827 0.35043315
v -0.93685357 0.06427630 0.34376436
v 0.80763628 -0.46121024 0.36743537
v 0.13639675 0.88795122 0.43924773
v -0.74539348 -0.55512846 0.36908122
v 0.91562434 0.15818793 0.36960608
v -0.83683917 0.34155471 0.42783242
v 0.03727807 -0.89553205 0.44343286
v 0.76935690 0.47169244 0.43080878
v -0.95568622 -0.12249284 0.26769263
v 0.85428011 -0.38756307 0.34641069
v -0.57789580 0.71594981 0.39172990
v -0.36491702 -0.82440753 0.43265204
v 0.93222113 0.11318508 0.34373378
v -0.92856472 0.16080485 0.33452855
v 0.46276645 -0.78107195 0.41925389
v 0.01121838 0.86627467 0.49944203
v -0.88304040 -0.29640572 0.36384517
v 0.87939566 -0.26464087 0.39576316
v -0.78545822 0.43628502 0.43898834
v 0.06365714 -0.85355628 0.51709713
v 0.85351525 0.43041454 0.29369208
v -0.92907223 -0.18721447 0.31902277
v 0.73829521 -0.52570895 0.42255211
v -0.31512914 0.85472983 0.41246884
v -0.52113796 -0.74277620 0.42035549
v 0.88300419 0.24005399 0.40333321
v -0.90428981 0.23704210 0.35506477
v 0.45579971 -0.74985656 0.47954329
v 0.65790142 0.66541379 0.35268997
v -0.92568201 -0.04803120 0.37524103
v 0.92819317 -0.05955601 0.36730167
v -0.24690079 0.82070659 0.51524818
v -0.24349421 -0.88169073 0.40414356
v 0.83476439 0.45936562 0.30356488
v -0.91763061 0.24411705 0.31362545
v 0.72029062 -0.59867107 0.35039174
v -0.05319173 0.89765036 0.43748654
v -0.85587560 -0.38244011 0.34816163
v 0.94334838 -0.16201527 0.28955983
v -0.83926087 0.40484340 0.36296419
v 0.37184566 -0.81944450 0.43616684
v 0.54596278 0.73305023 0.40566242
v -0.90429742 -0.22629814 0.36198802
v 0.83488097 -0.45406357 0.31112706
v -0.21548064 0.84291728 0.49300970
v -0.45286609 -0.77122343 0.44735525
v 0.93400320 0.09670683 0.34392704
v -0.90565683 0.33213253 0.26357863
v 0.26841896 -0.88987432 0.36888339
v 0.17011761 0.84658824 0.50432960
v -0.78945581 -0.53281284 0.30474580
v 0.86817458 -0.30198783 0.39379721
v -0.77410667 0.49611631 0.39322701
v -0.42615371 -0.81612534 0.39029788
v 0.86044894 0.42208861 0.28542746
v -0.95734691 -0.11299964 0.26592853
v 0.72039910 -0.61979376 0.31125686
v -0.24552104 0.88755422 0.38982935
v -0.65301163 -0.61737471 0.43866192
v 0.93508830 -0.06526248 0.34835424
v -0.92790079 0.26316412 0.26409234
v 0.45320182 -0.81295649 0.36566357
v 0.50622446 0.75318700 0.42005493
v -0.93175428 -0.24751624 0.26564952
v 0.84809434 -0.38484996 0.36417921
v -0.34796273 0.80002122 0.48876169
v -0.60600021 -0.65716821 0.44821165
v 0.92419298 0.25170142 0.28725203
v -0.96939210 0.06918795 0.23556736
v 0.69889021 -0.64372135 0.31172953
v 0.33084941 0.80592644 0.49093914
v -0.90482337 -0.25267939 0.34270657
v 0.92385838 -0.24656837 0.29272809
v -0.80317523 0.51827469 0.29377015
v 0.28856710 -0.84401688 0.45206697
v 0.84668254 0.38949832 0.36251860
v -0.93427829 0.07226748 0.34914393
v 0.86089794 -0.38822207 0.32884397
v -0.18507466 0.85230579 0.48920569
v -0.65301538 -0.65485604 0.38043985
v 0.93383905 0.18864092 0.30390661
v -0.88589337 0.36107250 0.29123802
v 0.04652162 -0.90696845 0.41862151
v 0.43115030 0.83305806 0.34658863
v -0.91436719 -0.19594744 0.35431234
v 0.87867909 -0.37690085 0.29303380
v -0.35198091 0.85046413 0.39092224
v -0.13469447 -0.89751588 0.41990791
v 0.93639182 0.26218822 0.23329744
v -0.96826261 -0.03926674 0.24683120
v 0.77594823 -0.52602669 0.34813827
v 0.00001956 0.90893454 0.41693885
v -0.86666495 -0.37214120 0.33226914
v 0.95277096 0.20241681 0.22639552
v -0.84024425 0.40446857 0.36110218
v 0.12833070 -0.91086962 0.39223433
v 0.81315108 0.48997892 0.31417508
v -0.94665446 -0.21600755 0.23913608
v 0.91147761 -0.32234781 0.25553953
v -0.27298767 0.87412817 0.40171841
v -0.33205362 -0.88663943 0.32188648
v 0.95399838 0.14544606 0.26216889
v -0.86073749 0.35564612 0.36420709
v 0.23209240 -0.86520502 0.44446979
v 0.55249020 0.72809258 0.40575334
v -0.94446044 -0.21473439 0.24876419
v 0.96134996 -0.01354617 0.27499590
v -0.74833158 0.59612467 0.29092134
v -0.26898992 -0.86415288 0.42530485
v 0.82267970 0.46826446 0.32237634
v -0.94084806 0.07956066 0.32935547
v 0.87531705 -0.41682594 0.24510448
v -0.16052073 0.92769218 0.33707613
v -0.83237361 -0.45869017 0.31105867
v 0.95985538 0.09963027 0.26220500
v -0.87206388 0.38132134 0.30675500
v 0.46085585 -0.80074322 0.38265152
v 0.45438028 0.79916220 0.39354586
v -0.91819008 -0.31606751 0.23880601
v 0.91250820 -0.30572607 0.27177261
v -0.45195990 0.80877541 0.37631713
v -0.45918192 -0.76759470 0.44715808
v 0.81305828 0.49844463 0.30081421
v -0.95457632 0.01551107 0.29756252
v 0.54315776 -0.73215413 0.41101093
v -0.08957729 0.88939251 0.44828213
v -0.78981380 -0.52774301 0.31254035
v 0.94901013 0.00487296 0.31520791
v -0.60225612 0.72176195 0.34109713
v -0.13935467 -0.91620214 0.37570455
v 0.59464432 0.69443920 0.40515716
v -0.93777957 -0.25040375 0.24055653
v 0.92292161 -0.31461217 0.22188936
v 0.04802110 0.91165212 0.40814750
v -0.69527855 -0.63939066 0.32827932
v 0.97027638 0.06569799 0.23291096
v -0.90803265 0.33545447 0.25089242
v 0.52140545 -0.79578906 0.30798721
v 0.50308289 0.75435016 0.42173859
v -0.93541311 -0.17332213 0.30815866
v 0.91624177 -0.25194708 0.31148625
v -0.35690473 0.83712871 0.41452930
v -0.27419082 -0.88773390 0.36979442
v 0.77177291 0.58133121 0.25772194
v -0.97147714 0.00077386 0.23713195
v 0.62385056 -0.69722170 0.35311809
v 0.18379744 0.88700335 0.42360778
v -0.87250060 -0.43186050 0.22855899
v 0.95019240 0.21441399 0.22618808
v -0.80132935 0.52693586 0.28321346
v -0.06724710 -0.90507047 0.41991102
v 0.50421145 0.76718846 0.39647532
v -0.96158015 -0.03747570 0.27195440
v 0.85981231 -0.43457543 0.26808019
v -0.11281332 0.89976123 0.42154821
v -0.44670900 -0.83977106 0.30860270
v 0.95788127 0.19919712 0.20684290
v -0.95639828 0.12979642 0.26163949
v 0.44393661 -0.82304729 0.35427878
v 0.49369274 0.80308665 0.33364549
v -0.90838653 -0.31717828 0.27245524
v 0.97477145 -0.01228143 0.22286721
v -0.58195004 0.72113706 0.37589292
v -0.29512268 -0.85062166 0.43513836
v 0.81147947 0.47215830 0.34433648
v -0.97334046 0.12338920 0.19334802
v 0.87353725 -0.38138040 0.30245935
v -0.25380030 0.89362959 0.37015074
v -0.78805994 -0.56820065 0.23687453
v 0.97977691 -0.04211082 0.19561156
v -0.88198513 0.40220792 0.24562374
v 0.57103636 -0.75028334 0.33315519
v 0.63920597 0.71315440 0.28779597
v -0.91164644 -0.34373906 0.22526479
v 0.93468102 -0.24023672 0.26202615
v -0.70358113 0.61682566 0.35284514
v -0.52173454 -0.75048007 0.40567565
v 0.82584856 0.51217373 0.23590723
v -0.91284980 0.28150068 0.29574078
v 0.52893710 -0.78820374 0.31457972
v 0.45324604 0.83730114 0.30576924
v -0.81149595 -0.52190829 0.26284229
v 0.97635777 -0.10721934 0.18769528
v -0.88533552 0.36790992 0.28429440
v 0.18636404 -0.90721630 0.37712998
v 0.86335660 0.45333010 0.22160146
v -0.95129758 -0.11285406 0.28687433
v 0.76475182 -0.59341710 0.25101953
v -0.11604782 0.92882992 0.35186343
v -0.76402192 -0.58433292 0.27354257
v 0.88152624 0.40416726 0.24404983
v -0.96236362 0.17691545 0.20629391
v 0.76050317 -0.60359809 0.23938310
v 0.28505504 0.91427478 0.28782852
v -0.93496630 -0.22338563 0.27556648
v 0.94370203 -0.16499511 0.28671081
v -0.61305916 0.75072729 0.24610364
v 0.05596889 -0.90625092 0.41901881
v 0.82678669 0.46324074 0.31911093
v -0.96155775 -0.06975805 0.26559463
v 0.72741839 -0.63749020 0.25390694
v -0.00710831 0.90885235 0.41705740
v -0.86369263 -0.41498785 0.28604218
v 0.95506222 0.08233208 0.28474127
v -0.76738667 0.55265454 0.32510100
v 0.10890068 -0.94530284 0.30747875
v 0.54956932 0.79261226 0.26408212
v -0.88179042 -0.41053331 0.23218109
v 0.97054623 -0.10463285 0.21700687
v -0.21449811 0.93151327 0.29372367
v -0.52245766 -0.76531110 0.37594801
v 0.96484202 0.15919835 0.20913096
v -0.94671392 0.23442785 0.22085365
v 0.52346318 -0.80673719 0.27415580
v -0.05809626 0.93812886 0.34137818
v -0.78600533 -0.55002409 0.28225720
v 0.97429522 0.11768459 0.19209155
v -0.75851476 0.57267099 0.31097155
v 0.33460758 -0.90100483 0.27609431
v 0.87721798 0.37626257 0.29818633
v -0.95847895 -0.12396729 0.25680774
v 0.75558979 -0.60738369 0.24529398
v -0.36807096 0.87859974 0.30427992
v -0.79555742 -0.54305004 0.26867275
v 0.96401959 0.05256244 0.26058285
v -0.83696475 0.45573373 0.30297982
v 0.09242480 -0.91653314 0.38913322
v 0.58062960 0.76298995 0.28410492
v -0.89932415 -0.36401447 0.24230052
v 0.93018579 -0.31922796 0.18123989
v -0.74028329 0.61104462 0.28036603
v -0.36603562 -0.86719638 0.33762162
v 0.90618761 0.37655717 0.19242846
v -0.96650335 0.07417599 0.24570145
v 0.57071051 -0.77126403 0.28185336
v 0.06413454 0.93648785 0.34478584
v -0.72800430 -0.62839565 0.27409604
v 0.97189854 -0.11597604 0.20484823
v -0.89537434 0.35425826 0.26982565
v 0.14005957 -0.95191106 0.27248604
v 0.72702428 0.60236050 0.32954139
v -0.92007880 -0.28296423 0.27089898
v 0.82049056 -0.53069671 0.21249998
v -0.39188458 0.87769858 0.27581095
v -0.47918736 -0.83901503 0.25774650
v 0.92548526 0.33441354 0.17788932
v -0.96621612 0.03546216 0.25528191
v 0.77378619 -0.58503440 0.24287791
v 0.20024733 0.91571463 0.34837871
v -0.94533452 -0.21826982 0.24228274
v 0.96416323 -0.16216476 0.20998063
v -0.77797053 0.56010204 0.28468854
v 0.10479179 -0.93861425 0.32866695
v 0.80599509 0.55478083 0.20637382
v -0.97592141 0.05432097 0.21125019
v 0.91639134 -0.29458851 0.27100650
v -0.29361717 0.91992217 0.25986952
v -0.48384798 -0.83432613 0.26417993
v 0.98276907 -0.01629621 0.18411785
v -0.97290111 0.17230298 0.15419177
v 0.10494523 -0.95907728 0.26297771
v 0.30962152 0.89952972 0.30818955
v -0.96431341 -0.12050305 0.23575128
v 0.95717229 -0.21221106 0.19694585
v -0.58399924 0.75909426 0.28761222
v -0.42204498 -0.85639242 0.29743915
v 0.92810948 0.29861368 0.22235704
v -0.92458856 0.33316321 0.18476544
v 0.51710808 -0.79019077 0.32893431
v 0.25450012 0.90333409 0.34527846
v -0.87244665 -0.42351420 0.24386997
v 0.97510516 -0.14417703 0.16847231
v -0.79183439 0.56773427 0.22511352
v 0.18134424 -0.93192654 0.31404965
v 0.57278911 0.77208202 0.27532162
v -0.97962773 0.08651132 0.18123276
v 0.87923718 -0.39408448 0.26765539
v -0.56615252 0.76984019 0.29464794
v -0.48824581 -0.80844301 0.32868819
v 0.90061675 0.37778105 0.21487427
v -0.93673737 0.23724137 0.25737061
v 0.69662737 -0.66435930 0.27080811
v 0.11538105 0.92972568 0.34971041
v -0.94289678 -0.28044404 0.17971312
v 0.94261947 -0.28400943 0.17551974
v -0.79544815 0.52638672 0.30029862
v -0.34487244 -0.88866150 0.30223128
v 0.85319202 0.44942870 0.26472103
v -0.97673435 -0.00808833 0.21430025
v 0.84809706 -0.50177832 0.17014669
v -0.00959492 0.94523104 0.32626095
v -0.55585205 -0.77382939 0.30367182
v 0.96272641 0.12262213 0.24108436
v -0.90000450 0.34293346 0.26905118
v 0.23752307 -0.93302310 0.27027892
v 0.53459530 0.80128787 0.26859936
v -0.96591376 -0.14836471 0.21212854
v 0.90957027 -0.32185411 0.26285329
v -0.14988031 0.96346573 0.22196775
v -0.53514603 -0.81064855 0.23762923
v 0.94118753 0.28811271 0.17651371
v -0.97952369 0.12564894 0.15730762
v 0.75343566 -0.59951031 0.27004092
v 0.24116236 0.94636705 0.21501194
v -0.81775665 -0.53328428 0.21652237
v 0.97598152 0.09830535 0.19441227
v -0.63698679 0.74598907 0.19428878
v -0.10983962 -0.97039828 0.21508704
v 0.62858501 0.70906420 0.31954474
v -0.96996378 0.10481680 0.21950785
v 0.71328011 -0.66637683 0.21719438
v -0.03088553 0.95418362 0.29762341
v -0.82477033 -0.49056758 0.28124252
v 0.96070809 0.20445178 0.18772169
v -0.95336496 0.20881532 0.21792527
v 0.66515188 -0.72133435 0.19300190
v 0.39100927 0.89370548 0.22000515
v -0.93334537 -0.30495402 0.18939236
v 0.98481071 -0.06722313 0.16009033
v -0.39617215 0.88657521 0.23881381
v 0.00701903 -0.96532402 0.26096027
v 0.96288383 0.21004599 0.16951521
v -0.97969501 -0.08865392 0.17982816
v 0.81283237 -0.52833391 0.24528925
v 0.17537833 0.94406986 0.27923921
v -0.77074467 -0.59905328 0.21699728
v 0.98683429 -0.05664700 0.15148994
v -0.73511844 0.65467250 0.17608180
v 0.03070290 -0.95086495 0.30807983
v 0.65423075 0.69911301 0.28848417
v -0.97649559 -0.09661426 0.19267083
v 0.87113242 -0.46743841 0.15043154
v 0.00789887 0.95300057 0.30286553
v -0.50132548 -0.81648668 0.28639531
v 0.97934869 0.12797708 0.15651840
v -0.96136044 0.15635295 0.22658303
v 0.59611003 -0.76222912 0.25230852
v 0.23215489 0.91816782 0.32104822
v -0.77408107 -0.57458166 0.26580896
v 0.98190132 -0.00998985 0.18912961
v -0.87441000 0.45173116 0.17704830
v -0.01054810 -0.96312661 0.26884170
v 0.75919828 0.62641427 0.17670070
v -0.98617570 0.08982043 0.13924716
v 0.85359852 -0.49993734 0.14639747
v 0.13101507 0.96441499 0.22964925
v -0.87901094 -0.42003905 0.22562574
v 0.96445902 0.14289323 0.22226183
v -0.83326111 0.52004331 0.18769890
v -0.03341375 -0.97028226 0.23965781
v 0.82071460 0.53834016 0.19135678
v -0.96935577 -0.16832550 0.17892991
v 0.87809610 -0.45807597 0.13825207
v -0.64150093 0.73310632 0.22590192
v -0.70344223 -0.68345817 0.19507424
v 0.92430589 0.30297905 0.23208255
v -0.93149548 0.28966869 0.22001868
v 0.51251713 -0.81466361 0.27138421
v -0.04243125 0.96124743 0.27240222
v -0.78268350 -0.60052965 0.16361745
v 0.98181434 -0.03817947 0.18596487
v -0.68299704 0.70966019 0.17290882
v 0.34483635 -0.92112720 0.18058950
v 0.72600967 0.63201115 0.27105693
v -0.95019773 -0.24585358 0.19152101
v 0.94067065 -0.25289913 0.22623165
v -0.15837308 0.96223113 0.22142544
v -0.82712639 -0.53613964 0.16857111
v 0.98943245 0.09196697 0.11209592
v -0.94763308 0.25878418 0.18714244
v 0.65483273 -0.70624387 0.26909791
v 0.70881616 0.68370108 0.17358711
v -0.97287595 -0.17261976 0.15399610
v 0.98310279 -0.07071190 0.16884531
v -0.67489241 0.68523688 0.27380770
v -0.48232120 -0.85011741 0.21134486
v 0.78644747 0.56456296 0.25053749
v -0.98743389 -0.07935725 0.13666288
v 0.80085910 -0.56136728 0.20854610
v -0.10096851 0.97566799 0.19462100
v -0.61920091 -0.75877763 0.20210578
v 0.98704515 0.07301140 0.14286781
v -0.94535772 0.28586615 0.15677794
v 0.41881015 -0.86798038 0.26684847
v 0.48198224 0.83306350 0.27147434
v -0.96480994 -0.17633416 0.19505906
v 0.93324745 -0.30926796 0.18276358
v -0.12743792 0.94337660 0.30626815
v -0.69332826 -0.70433299 0.15235145
v 0.93184274 0.33347485 0.14305115
v -0.97589245 0.13970974 0.16767560
v 0.73261415 -0.66130239 0.16110762
v 0.10189018 0.95878750 0.26522616
v -0.78872412 -0.58704244 0.18247040
v 0.98360928 -0.14213597 0.11095110
v -0.61726427 0.76201582 0.19574655
v -0.04878284 -0.98454048 0.16822688
v 0.80092721 0.56388104 0.20137968
v -0.99002478 -0.06079348 0.12710266
v 0.90742592 -0.39843899 0.13350867
v 0.09942972 0.97271757 0.20960503
v -0.79147914 -0.58192395 0.18688308
v 0.97582937 0.13421394 0.17246350
v -0.92891163 0.33170350 0.16460854
v 0.67963509 -0.71228407 0.17534978
v 0.49574317 0.84862671 0.18458444
v -0.93682683 -0.29481673 0.18825139
v 0.98856492 -0.11021362 0.10291914
v -0.32962381 0.91238263 0.24270577
v 0.02904909 -0.98628703 0.16246245
v 0.79644165 0.58534897 0.15181329
v -0.97734848 0.18058519 0.11035823
v 0.62122931 -0.75898609 0.19497245
v 0.06523863 0.97682994 0.20383129
v -0.93800253 -0.32335667 0.12486682
v 0.98775521 -0.06812694 0.14035088
v -0.80557084 0.57378394 0.14774172
v -0.24928991 -0.93338396 0.25816451
v 0.87370039 0.45825325 0.16325312
v -0.99275196 -0.00884398 0.11985545
v 0.85423687 -0.47672547 0.20739382
v -0.44453326 0.87499603 0.19176058
v -0.81282025 -0.54545723 0.20444960
v 0.97581999 0.15426232 0.15484988
v -0.85553845 0.46744579 0.22259469
v 0.77363647 -0.60739176 0.18044906
v 0.34212164 0.92398245 0.17090705
v -0.95190158 -0.28317941 0.11701622
v 0.98450671 0.03857889 0.17105033
v -0.60769087 0.78031829 0.14769960
v 0.14884454 -0.97692804 0.15315649
v 0.69557754 0.69713057 0.17372639
v -0.98545546 -0.14315120 0.09157115
v 0.85594335 -0.49654635 0.14423142
v 0.00014627 0.96264290 0.27077413
v -0.72117919 -0.67147923 0.17034145
v 0.98190889 0.04395907 0.18418073
v -0.89782337 0.41768083 0.13948447
v 0.57552222 -0.80207376 0.15953638
v 0.41386313 0.88769592 0.20177530
v -0.95382835 -0.28196378 0.10347903
v 0.96111291 -0.19889113 0.19158364
v -0.18360793 0.97196022 0.14690630
v -0.45788220 -0.85727411 0.23542513
v 0.97535727 0.19402609 0.10503369
v -0.98794349 0.06416781 0.14089059
v 0.83315685 -0.52456045 0.17517421
v 0.35336557 0.92051572 0.16668409
v -0.78679635 -0.58621709 0.19313472
v 0.99090365 -0.04180213 0.12791610
v -0.85244769 0.50210469 0.14568396
v -0.03503060 -0.96547442 0.25813175
v 0.85309612 0.49688143 0.15917239
v -0.98557276 0.12546509 0.11359954
v 0.95441705 -0.25703697 0.15172372
v 0.16427827 0.97699003 0.13602625
v -0.58013682 -0.77348263 0.25527611
v 0.94257984 0.31450264 0.11238920
v -0.88498339 0.44619899 0.13308218
v 0.45137325 -0.86197028 0.23080171
v 0.27828394 0.92581606 0.25577856
v -0.97338695 -0.14808914 0.17489268
v 0.92453699 -0.35726348 0.13264298
v -0.35734133 0.90670939 0.22402068
v -0.55749365 -0.80449729 0.20490226
v 0.84996119 0.48433294 0.20733448
v -0.98878624 -0.02985386 0.14632336
v 0.61331499 -0.77375389 0.15858639
v -0.05881318 0.97945235 0.19290957
v -0.74855566 -0.65454838 0.10597568
v 0.99545053 0.00456500 0.09517036
v -0.94202961 0.30241527 0.14534518
v 0.10644515 -0.98610691 0.12752489
v 0.55530089 0.81786173 0.15080820
v -0.94779615 -0.30752296 0.08433321
v 0.80961187 -0.57787133 0.10292398
v -0.06430453 0.98401728 0.16605699
v -0.36580008 -0.90985266 0.19585312
v 0.95112330 0.29097554 0.10342969
v -0.94204381 0.30424857 0.14137281
v 0.63084592 -0.76804590 0.11017677
v 0.35655263 0.92389901 0.13885549
v -0.96300382 -0.21325672 0.16475802
v 0.96112477 -0.26024412 0.09226145
v -0.57978785 0.79755719 0.16657906
v -0.31918460 -0.93349341 0.16343578
v 0.81176610 0.56602504 0.14370614
v -0.99184203 0.03111281 0.12361792
v 0.77865929 -0.59096091 0.21084331
v 0.17094282 0.97393469 0.14909652
v -0.83302173 -0.51869679 0.19242775
v 0.99070572 0.04860062 0.12704395
v -0.96943933 0.23247843 0.07836557
v 0.61921404 -0.76136991 0.19206727
v 0.71175028 0.69313877 0.11388672
v -0.96041842 -0.25638149 0.10892650
v 0.88700606 -0.44192117 0.13388776
v -0.57967847 0.80433294 0.13046607
v -0.47669820 -0.86543186 0.15422880
v 0.95775926 0.26836594 0.10332919
v -0.99466019 -0.04368989 0.09350024
v 0.69751052 -0.68250020 0.21834045
v 0.21496345 0.94631036 0.24142788
v -0.77714752 -0.60002724 0.18976047
v 0.98692437 0.13743417 0.08421483
v -0.91030883 0.40229070 0.09746805
v 0.03068379 -0.98777152 0.15285918
v 0.90068871 0.42160712 0.10491560
v -0.95717920 -0.26098031 0.12528871
v 0.81937897 -0.54464897 0.17881722
v -0.05014499 0.97912525 0.19697519
v -0.43088881 -0.88958144 0.15159057
v 0.98865032 0.10520188 0.10725258
v -0.85323886 0.51156646 0.10140619
v 0.52218837 -0.84692779 0.10016297
v 0.27871251 0.92825439 0.24629886
v -0.93763309 -0.33406322 0.09615588
v 0.92566049 -0.36063606 0.11443028
v -0.53341873 0.83360758 0.14339759
v -0.48723615 -0.86664569 0.10736009
v 0.95725697 0.25799148 0.13076499
v -0.99395755 0.07514166 0.08001328
v 0.65336318 -0.72713125 0.21070522
v 0.10268655 0.98687840 0.12460533
v -0.82327457 -0.54461187 0.16005278
v 0.99813822 -0.00304240 0.06091667
v -0.96015510 0.25180663 0.12122547
v 0.48197708 -0.85406090 0.19564783
v 0.38794656 0.91667518 0.09593795
v -0.94991369 -0.30305069 0.07631687
v 0.98732555 -0.14495433 0.06462580
v -0.22173260 0.94483174 0.24109675
v -0.69706564 -0.70889396 0.10755858
v 0.91724631 0.38700085 0.09428437
v -0.98734423 0.07481631 0.13983526
v 0.68380922 -0.71762652 0.13197393
v 0.27392825 0.93769207 0.21376833
v -0.96855868 -0.21749636 0.12078668
v 0.99163839 0.09934749 0.08236124
v -0.64678839 0.74569006 0.16003472
v -0.37387312 -0.91035494 0.17740565
v 0.91316299 0.39130982 0.11406130
v -0.98140579 -0.17856647 0.07040376
v 0.74021656 -0.64659223 0.18438528
v -0.00174735 0.97253885 0.23273405
v -0.64511689 -0.75850788 0.09214115
v 0.95702338 0.26652147 0.11433526
v -0.83443034 0.54564958 0.07741159
v 0.48253589 -0.86100929 0.16069262
v 0.28817485 0.93571048 0.20347274
v -0.98524407 -0.14707334 0.08754173
v 0.92699745 -0.35450727 0.12247582
v -0.37993129 0.91648008 0.12536538
v -0.40402567 -0.90970925 0.09587665
v 0.78135688 0.60637211 0.14762890
v -0.95855453 0.27458130 0.07601528
v 0.89306379 -0.44467103 0.06859115
v 0.20399350 0.96277363 0.17735162
v -0.92196358 -0.36978898 0.11506198
v 0.98575924 0.15074969 0.07452014
v -0.73284834 0.67026860 0.11693294
v 0.21791458 -0.97253167 0.08182540
v 0.78858130 0.59166761 0.16753795
v -0.98642284 -0.13551828 0.09276193
v 0.89123679 -0.43328371 0.13402315
v -0.62224031 0.75806134 0.19534586
v -0.40253785 -0.91077679 0.09191806
v 0.98387703 0.12688508 0.12604033
v -0.93260145 0.35345249 0.07297862
v 0.61498331 -0.78092006 0.10935902
v 0.61488596 0.78386651 0.08642074
v -0.80301587 -0.58505524 0.11347193
v 0.99841825 -0.01647887 0.05375350
v -0.63011104 0.76757266 0.11744060
v -0.18845954 -0.96422725 0.18641034
v 0.69977252 0.70315240 0.12607586
v -0.99436327 0.03721734 0.09928019
v 0.77300763 -0.62941201 0.07937075
v -0.27297049 0.94511534 0.17956642
v -0.77729265 -0.62316032 0.08652952
v 0.99155884 -0.08311585 0.09951296
v -0.81180046 0.57999734 0.06769860
v -0.07579167 -0.97826100 0.19303117
v 0.83337300 0.54906361 0.06339241
v -0.98199349 -0.16214634 0.09693993
v 0.98034920 -0.14661023 0.13198822
v -0.74101243 0.66848269 0.06349388
v -0.47427971 -0.86441238 0.16688316
v 0.98854670 0.13266160 0.07194666
v -0.93187605 0.34247474 0.11965820
v 0.81395461 -0.57457606 0.08567521
v 0.49593727 0.86284336 0.09771168
v -0.94202994 -0.32806464 0.07037887
v 0.98647578 -0.13432987 0.09392030
v -0.88684566 0.45812798 0.06019577
v -0.25840412 -0.96278269 0.07922624
v 0.79696732 0.58135944 0.16390332
v -0.99447584 -0.03622901 0.09851524
v 0.88044189 -0.46436675 0.09584154
v -0.58315117 0.79331665 0.17488114
v -0.67600011 -0.72215893 0.14666400
v 0.94311853 0.32972843 0.04250421
v -0.96957007 0.22565234 0.09494683
v 0.58005468 -0.80370906 0.13262091
v 0.45208753 0.88070923 0.14130861
v -0.89775795 -0.42768319 0.10544078
v 0.97899258 -0.19666134 0.05383160
v -0.83007421 0.54926278 0.09637008
v -0.23750099 -0.96730208 0.08899424
v 0.74405226 0.65459801 0.13374482
v -0.99173392 -0.03358012 0.12383941
v 0.84845459 -0.52705933 0.04830392
v 0.25523145 0.95032937 0.17813195
v -0.91700406 -0.38313899 0.11094177
v 0.98117229 0.16709785 0.09684647
v -0.87743466 0.46540679 0.11621072
v 0.45110618 -0.87256667 0.18743162
v 0.83500442 0.54613636 0.06710204
v -0.99224670 -0.06187461 0.10778688
v 0.83520990 -0.54483855 0.07466852
v -0.61643373 0.77996566 0.10799552
v -0.68603404 -0.71414648 0.13911184
v 0.97164610 0.21682753 0.09428505
v -0.99288682 0.10938331 0.04702193
v 0.78455759 -0.61301797 0.09315771
v 0.44101399 0.89015214 0.11461164
v -0.95604525 -0.27369373 0.10521041
v 0.99537535 0.05215938 0.08066787
v -0.71142957 0.68732939 0.14644548
v -0.13494037 -0.98533481 0.10443377
v 0.76848199 0.63804380 0.04832731
v -0.99343230 -0.06965235 0.09077898
v 0.94155492 -0.31948195 0.10679708
v 0.08028029 0.98224999 0.16952885
v -0.58267438 -0.80406614 0.11818718
v 0.99612415 -0.02502744 0.08432260
v -0.91017135 0.40415005 0.09083423
v 0.11277622 -0.98726603 0.11219316
v 0.71394787 0.69185140 0.10779646
v -0.97401109 -0.20561784 0.09499320
v 0.98501607 -0.14600073 0.09179943
v -0.25982459 0.96444742 0.04829447
v -0.10154262 -0.98405009 0.14606343
v 0.98469150 0.16538255 0.05505689
v -0.99607944 0.05516865 0.06915328
v 0.63600073 -0.76178983 0.12320442
v -0.18312199 0.97722821 0.10719774
v -0.90045629 -0.42542659 0.09050238
v 0.98609047 0.15768512 0.05254515
v -0.80180344 0.58890345 0.10150847
v -0.17225190 -0.98252396 0.07054040
v 0.78815359 0.60920914 0.08762497
v -0.99785014 -0.01826839 0.06293938
v 0.89363337 -0.44560684 0.05342223
v -0.32766782 0.94010524 0.09399966
v -0.67612482 -0.72682743 0.12073572
v 0.92618551 0.37090387 0.06790227
v -0.94224923 0.31873325 0.10283725
v 0.65524050 -0.75076874 0.08370293
v 0.44078997 0.88956259 0.11992744
v -0.93033730 -0.35145997 0.10463460
v 0.99443524 -0.09171830 0.05182962
v -0.85971004 0.50212686 0.09363365
v 0.19673122 -0.96996417 0.14306064
v 0.89732108 0.42596518 0.11562246
v -0.97427982 0.21024544 0.08109063
v 0.86644822 -0.48648306 0.11225731
v 0.28892932 0.95524980 0.06338506
v -0.72625569 -0.68219782 0.08460973
v 0.95793061 0.26783975 0.10310579
v -0.81973127 0.57203421 0.02859202
v 0.15144057 -0.97546916 0.15976758
v 0.70675333 0.70396187 0.07026673
v -0.97501998 -0.21965217 0.03299944
v 0.96861752 -0.23774321 0.07251383
v -0.50297239 0.86268423 0.05286488
v -0.44631631 -0.88692524 0.11901833
v 0.91387118 0.39378064 0.09887502
v -0.92387382 0.37068135 0.09514460
v 0.36670503 -0.92913946 0.04719418
v 0.28379918 0.95753135 0.05090918
v -0.93001725 -0.36553443 0.03811157
v 0.99127086 0.10728368 0.07663085
v -0.89061492 0.44342041 0.10091285
v 0.11060447 -0.98683563 0.11799191
v 0.75121576 0.65201007 0.10275095
v -0.99923805 0.03164459 0.02284610
v 0.94404397 -0.31660582 0.09242151
v 0.10462626 0.98861869 0.10810376
v -0.75768720 -0.64643246 0.08963915
v 0.99720495 0.07318246 0.01505403
v -0.86565771 0.49325191 0.08566962
v 0.36178275 -0.92996111 0.06546425
v 0.67254055 0.73060995 0.11789104
v -0.88410045 -0.45643104 0.10018530
v 0.98451988 -0.15994312 0.07168549
v -0.80654661 0.58389863 0.09243892
v 0.05243741 -0.99057597 0.12652890
v 0.97122452 0.21745439 0.09714175
v -0.98171166 0.17442209 0.07628335
v 0.70546204 -0.69751510 0.12568213
v -0.03651277 0.98770885 0.15198038
v -0.90138420 -0.42205412 0.09683408
v 0.98907991 -0.14220583 0.03870968
v -0.71034630 0.70375338 0.01180353
v -0.23332502 -0.97226368 0.01620993
v 0.60920048 0.79283682 0.01686857
v -0.99671842 -0.07457304 0.03148425
v 0.97440212 -0.20227736 0.09810387
v -0.32380236 0.94320778 0.07423693
v -0.67864869 -0.72574134 0.11285154
v 0.89600686 0.43980654 0.06117116
v -0.98993221 0.14129294 0.00839753
v 0.44499274 -0.89544282 0.01279161
v 0.07170069 0.99475271 0.07297983
v -0.96402058 -0.26045385 0.05317994
v 0.98285983 -0.16910528 0.07341635
v -0.59770504 0.79923143 0.06306995
v -0.32163457 -0.94014613 0.11258980
v 0.78848228 0.61234275 0.05772388
v -0.99795828 -0.04197350 0.04814045
v 0.83308103 -0.55229749 0.03071620
v -0.02029544 0.99600226 0.08699192
v -0.74293666 -0.66848041 0.03433740
v 0.96931242 0.23629909 0.06779506
v -0.97708239 0.21115993 0.02686058
v 0.58656771 -0.80873814 0.04336981
v 0.63340079 0.77204345 0.05246284
v -0.99185303 -0.09155794 0.08857033
v 0.99309617 -0.09044767 0.07469410
v -0.47358214 0.87365013 0.11160382
v -0.62419302 -0.78009444 0.04284559
v 0.87241588 0.48486872 0.06158620
v -0.99033437 0.13741260 0.01885771
v 0.69423936 -0.71570504 0.07614460
v 0.53337472 0.84462686 0.04600948
v -0.76461914 -0.64197025 0.05684866
v 0.98994272 -0.13805914 0.03087193
v -0.90838124 0.40760313 0.09329101
v 0.32742883 -0.93846699 0.10986389
v 0.73791558 0.67439944 0.02580689
v -0.97544680 -0.20611480 0.07759007
v 0.92268850 -0.38393153 0.03524931
v -0.06602750 0.99461024 0.07994279
v -0.50397727 -0.85514859 0.12135814
v 0.99124304 0.12458003 0.04378426
v -0.85761630 0.51343401 0.02966145
v 0.23396729 -0.96404742 0.12598369
v 0.51343245 0.85586414 0.06231927
v -0.85352930 -0.52082281 0.01520987
v 0.97497173 -0.22229186 0.00405750
v -0.85285928 0.52119241 0.03145668
v -0.55086467 -0.83262249 0.05734019
v 0.95416680 0.29506993 0.04999457
v -0.99680645 -0.06063506 0.05196422
v 0.66454501 -0.74432023 0.06608584
v -0.07995096 0.98910820 0.12358318
v -0.63021173 -0.77567773 0.03401821
v 0.99851740 0.04231055 0.03424644
v -0.81847473 0.57423739 0.01872272
v 0.18912728 -0.97752832 0.09310880
v 0.78750492 0.60768617 0.10273035
v -0.98755281 -0.15648977 0.01582398
v 0.92109679 -0.37933691 0.08765968
v -0.62598501 0.77735115 0.06219294
v -0.73110783 -0.68221975 -0.00758564
v 0.99592883 0.09006262 0.00380559
v -0.99219709 0.11769591 0.04114120
v 0.46713744 -0.88377415 0.02694188
v 0.44861910 0.89163226 0.06109674
v -0.93251919 -0.36108559 0.00501625
v 0.99628594 0.04968373 0.07032677
v -0.63032692 0.77600655 0.02240128
v -0.20947644 -0.97214996 0.10509084
v 0.83528100 0.54915509 0.02709884
v -0.99998912 -0.00112522 -0.00452704
v 0.95015384 -0.30569971 0.06128105
v 0.14718823 0.98908517 -0.00679356
v -0.62650400 -0.77248025 0.10376415
v 0.97253086 0.23277164 -0.00104080
v -0.91047255 0.40703887 0.07320580
v 0.57897192 -0.81210881 0.07260021
v 0.21072374 0.97670901 0.04043528
v -0.88466982 -0.46466742 0.03799343
v 0.97297979 -0.23081420 0.00592702
v -0.75282090 0.65659066 0.04636173
v -0.45084101 -0.89260101 -0.00241201
v 0.91541394 0.40012591 0.04377866
v -0.97039045 0.24149585 -0.00470462
v 0.77443714 -0.63092315 0.04672354
v -0.02487019 0.99950693 -0.01916670
v -0.88723302 -0.46116298 -0.01209409
v 0.99618417 -0.08715807 -0.00453553
v -0.83028885 0.55216493 0.07572520
v 0.22774577 -0.96953691 0.09016680
v 0.90318309 0.42881818 0.01937184
v -0.99355793 -0.09503682 0.06173041
v 0.81887512 -0.57387051 0.01077872
v -0.09994581 0.99498851 0.00294820
v -0.77001101 -0.63797248 0.00861165
v 0.97990707 0.19827977 0.02161643
v -0.96544914 0.26059089 0.00058968
v 0.22622957 -0.97014136 0.08744100
v 0.68729154 0.72245808 0.07539666
v -0.95229139 -0.29970806 0.05758628
v 0.96828351 -0.24981644 -0.00433393
v -0.79625829 0.60486484 -0.01054826
v 0.06386536 -0.99326794 0.09664372
v 0.94604073 0.32091824 0.04492671
v -0.99480471 -0.10038067 0.01695031
v 0.77712666 -0.62576355 0.06703828
v -0.29126886 0.95550289 0.04665490
v -0.74521233 -0.66659544 0.01758129
v 0.99435740 -0.10459141 -0.01772020
v -0.97109966 0.23681281 0.02975134
v 0.24753166 -0.96352612 0.10171276
v 0.48943873 0.87114623 0.03942049
v -0.98637153 -0.16444414 -0.00541646
v 0.99379684 -0.11120803 0.00078322
v -0.34476202 0.93832855 0.02605144
v -0.67627174 -0.73267516 0.07644369
v 0.96607816 0.25732388 -0.02184970
v -0.99693177 0.05663546 0.05403211
v 0.75082315 -0.66027344 0.01742358
v 0.30166961 0.95263943 0.03838694
v -0.94422730 -0.32921581 0.00719433
v 0.99803523 -0.04188502 0.04659757
v -0.79116678 0.61127114 -0.02006783
v 0.21416458 -0.97262530 0.09018627
v 0.92485532 0.37982972 0.01928786
v -0.99076328 0.12257502 0.05799549
v 0.95010810 -0.31183852 -0.00716483
v -0.16305379 0.98657510 0.00911254
v -0.71260139 -0.70074760 0.03394198
v 0.98812038 0.14492919 0.05112389
v -0.89398616 0.44399058 0.06050706
v 0.30179630 -0.95299063 0.02697869
v 0.75643804 0.65248598 0.04542608
v -0.87683161 -0.47771353 0.05437010
v 0.98228400 -0.18281759 0.04118088
v -0.53959866 0.84190861 0.00481485
v -0.29607896 -0.95130723 0.08574266
v 0.81504240 0.57852990 -0.03176555
v -0.99968521 0.00950210 0.02322069
v 0.91217055 -0.40741748 0.04422541
v -0.05004197 0.99751829 0.04952840
v -0.71885165 -0.69510854 -0.00874257
v 0.99925788 -0.02402348 0.03010902
v -0.69209796 0.72158360 -0.01781922
v -0.01695766 -0.99874806 0.04706119
v 0.88035304 0.47395226 -0.01864858
v -0.97521085 -0.21974468 -0.02600157
v 0.86645925 -0.49877496 -0.02172343
v -0.02932313 0.99932623 0.02207349
v -0.75338501 -0.65610255 -0.04405083
v 0.88353984 0.46832226 0.00562280
v -0.99586408 0.08759338 0.02412732
v 0.69066508 -0.72305462 0.01318227
v 0.00450538 0.99996659 0.00682057
v -0.91436147 -0.40401932 0.02667360
v 0.98731024 -0.15543018 0.03255695
v -0.80399731 0.59457184 -0.00852435
v -0.48280380 -0.87572486 0.00254187
v 0.84666755 0.53008839 0.04647972
v -0.99267450 0.12074433 -0.00425936
v 0.75031231 -0.66092498 0.01447787
v -0.01288845 0.99964890 0.02315113
v -0.64208854 -0.76577821 0.03613912
v 0.99723766 0.07273846 -0.01503853
v -0.79176138 0.60976134 0.03612521
v 0.01530979 -0.99968130 0.02007256
v 0.42308272 0.90608862 0.00210187
v -0.98116220 -0.19198344 0.02151965
v 0.99464047 -0.10316292 -0.00691021
v -0.68922176 0.72451750 -0.00691051
v -0.01516653 -0.99794311 -0.06228586
v 0.95972985 0.28076751 -0.00939256
v -0.99866570 -0.04546138 -0.02449652
v 0.53043591 -0.84588925 -0.05575954
v 0.51151855 0.85834300 0.03995074
v -0.94185508 -0.33325769 -0.04299205
v 0.98246140 -0.18646601 -0.00015693
v -0.89288960 0.44823006 -0.04287152
v 0.03273994 -0.99897898 0.03113027
v 0.89079465 0.45232863 -0.04340158
v -0.99753713 -0.06855553 -0.01482611
v 0.89076385 -0.45180330 0.04912793
v -0.56592044 0.82338973 -0.04199290
v -0.47667349 -0.87856900 0.02998149
v 0.94279815 0.33176897 -0.03257298
v -0.86447992 0.50065158 0.04497180
v 0.67467395 -0.73725724 -0.03559236
v 0.45959542 0.88628574 -0.05718079
v -0.97372034 -0.22773171 0.00263869
v 0.98928731 -0.14575093 0.00820273
v -0.77861567 0.62749380 -0.00302926
v 0.15555502 -0.98609259 0.05851525
v 0.91442109 0.40476135 0.00152453
v -0.98323984 0.18144549 -0.01780324
v 0.59641254 -0.80057771 -0.05802936
v 0.12827967 0.99059207 0.04766203
v -0.66244865 -0.74800144 -0.04068947
v 0.98396772 0.17790624 -0.01252551
v -0.78595492 0.61794467 -0.02047556
v 0.51852129 -0.85460545 0.02802127
v 0.82610032 0.56345532 -0.00873917
v -0.98106524 -0.19358604 0.00595281
v 0.95985023 -0.27990282 0.01849183
v -0.59742442 0.80115965 0.03503251
v -0.29656960 -0.95499990 0.00465469
v 0.98249033 0.18610214 0.00887395
v -0.99960843 0.00036110 0.02797959
v 0.84883259 -0.52785161 -0.02925597
v 0.50482509 0.86174369 -0.05049190
v -0.88099550 -0.47169554 -0.03674567
v 0.96151183 -0.27310745 0.03012166
v -0.90611499 0.41956042 -0.05408032
v -0.35617718 -0.93436148 0.01031680
v 0.88478666 0.46412656 -0.04170257
v -0.99737503 0.06835042 0.02390108
v 0.88797619 -0.45797813 -0.04188469
v 0.10944224 0.99298088 -0.04484820
v -0.52306326 -0.85218866 -0.01339100
v 0.99341712 0.11446436 0.00451014
v -0.94503843 0.32418632 -0.04249233
v 0.57797908 -0.81587138 0.01714853
v 0.48685465 0.87111671 -0.06425129
v -0.96051113 -0.27753406 -0.01982962
v 0.99760500 -0.06636527 0.01949158
v -0.82653185 0.56238502 0.02383675
v 0.00500360 -0.99959587 0.02798315
v 0.81626002 0.57741017 -0.01780636
v -0.96573480 0.25676917 -0.03776085
v 0.73463576 -0.67802076 -0.02445704
v -0.17664382 0.98336249 0.04236948
v -0.82142866 -0.56775765 -0.05390925
v 0.98581163 0.16325155 -0.03904304
v -0.89203902 0.45153399 0.01958148
v 0.17761256 -0.98376386 0.02573795
v 0.55101516 0.83295959 -0.05060247
v -0.99968058 0.02203738 0.01237326
v 0.96668548 -0.25514094 -0.02054961
v -0.60712294 0.79293922 -0.05146973
v -0.62274541 -0.78199859 -0.02581382
v 0.99103377 0.13352862 0.00470999
v -0.98036302 0.19673746 0.01351765
v 0.69164875 -0.72133772 -0.03597098
v 0.43176251 0.90122175 0.03715508
v -0.98287375 -0.18395399 0.01095978
v 0.99939964 -0.03127101 0.01491568
v -0.60678910 0.79310254 -0.05287107
v -0.50998531 -0.85515759 -0.09284653
v 0.87009116 0.49242543 -0.02141434
v -0.99990999 0.00284967 -0.01311075
v 0.89933485 -0.43701760 -0.01457561
v -0.41772854 0.90857181 -0.00035937
v -0.90418600 -0.42341853 -0.05625326
v 0.96760712 0.24464135 -0.06234644
v -0.97691592 0.20312135 -0.06615890
v 0.38034976 -0.92484157 0.00145740
v 0.75618206 0.65433645 -0.00570151
v -0.92316384 -0.38324964 -0.02980342
v 0.92957610 -0.36158087 -0.07174641
v -0.33555136 0.94191935 0.01390040
v -0.15111451 -0.98834558 0.01836875
v 0.98509832 0.16476133 -0.04934579
v -0.98279984 0.17697549 -0.05276511
v 0.77081721 -0.63293464 -0.07235033
v 0.47533324 0.87618186 -0.07977256
v -0.95899547 -0.27573294 -0.06556707
v 0.98710923 0.14479817 -0.06818249
v -0.83311693 0.55298688 0.01103131
v -0.25082194 -0.96619077 -0.05969707
v 0.90158661 0.43259290 0.00222783
v -0.97235054 -0.23289599 0.01714313
v 0.96654018 -0.24683895 -0.06978974
v -0.31969364 0.94642554 -0.04554850
v -0.52057764 -0.85333309 -0.02866291
v 0.98544851 0.16734330 -0.02979006
v -0.94568178 0.32458348 -0.01820807
v 0.73712307 -0.67095867 -0.08039925
v 0.26473976 0.96130890 -0.07614496
v -0.90593927 -0.42187644 -0.03597659
v 0.98922592 -0.14607338 0.00972835
v -0.56832719 0.81751884 -0.09309754
v -0.04007651 -0.99737722 -0.06027067
v 0.94273207 0.32577083 -0.07162126
v -0.97514070 0.22126788 0.01187986
v 0.89980759 -0.43475709 -0.03650440
v -0.24506542 0.96949716 -0.00426444
v -0.84855493 -0.52907739 -0.00562530
v 0.99507693 -0.09895941 -0.00537908
v -0.96326481 0.26294515 -0.05459629
v 0.55557478 -0.82693845 -0.08665721
v 0.58180811 0.81321504 -0.01343989
v -0.97056696 -0.24063560 0.00971013
v 0.98087752 -0.19460645 0.00276205
v -0.60490869 0.78997233 -0.10014580
v -0.73344095 -0.67347147 -0.09219841
v 0.97736968 0.21011363 -0.02451075
v -0.97802937 0.20840282 -0.00517822
v 0.56378728 -0.82531987 -0.03148038
v 0.42181836 0.90667384 0.00343798
v -0.97980768 -0.19958916 -0.01187783
v 0.98194150 -0.18323384 -0.04707701
v -0.72200193 0.68566859 -0.09258398
v 0.26108418 -0.96523732 -0.01232783
v 0.93289107 0.35929941 -0.02486352
v -0.99696187 -0.07693913 -0.01214084
v 0.72311453 -0.68882118 -0.05129099
v -0.48759468 0.86811267 -0.09290762
v -0.53895241 -0.83635995 -0.10016158
v 0.98789069 0.15412291 -0.01783570
v -0.89528737 0.44544934 0.00595033
v 0.00224989 -0.99552652 -0.09445569
v 0.64318981 0.76570223 -0.00263790
v -0.97106187 -0.23449439 -0.04529054
v 0.99775695 -0.06685798 0.00332837
v -0.58677383 0.80529365 -0.08484463
v -0.30396453 -0.95026689 -0.06781157
v 0.87267116 0.48269437 -0.07383218
v -0.97713627 0.21144928 -0.02222395
v 0.62213539 -0.78031609 -0.06367376
v 0.24917158 0.96841013 -0.00976449
v -0.67607208 -0.73073539 -0.09461678
v 0.99628497 -0.06851028 -0.05217847
v -0.87918699 0.47478825 -0.04007927
v 0.02386744 -0.99323995 -0.11359910
v 0.82284893 0.56651213 -0.04453825
v -0.99659867 -0.04865699 -0.06651008
v 0.90800830 -0.40886055 -0.09140009
v -0.51448838 0.84864911 -0.12286736
v -0.75362789 -0.65541536 -0.04975647
v 0.99849901 0.04157007 -0.03566039
v -0.94026368 0.34019985 -0.01297165
v 0.56217668 -0.82047150 -0.10384555
v 0.32502289 0.94265426 -0.07591493
v -0.89451405 -0.43785486 -0.09015400
v 0.99832888 -0.05081018 -0.02752766
v -0.68695173 0.72004648 -0.09813455
v -0.53147781 -0.84073412 -0.10342861
v 0.92145427 0.38259533 -0.06740056
v -0.99186022 0.12722208 -0.00527675
v 0.67065977 -0.74125149 -0.02759890
v -0.42167129 0.90375563 -0.07361447
v -0.83111712 -0.55393550 -0.04898778
v 0.99263023 -0.09546377 -0.07464513
v -0.93803498 0.33505073 -0.08849514
v -0.04590681 -0.99832736 -0.03514319
v 0.83926505 0.54364108 -0.00941078
v -0.96130639 -0.27328439 -0.03472258
v 0.87073921 -0.48925467 -0.04942761
v -0.69631618 0.71557021 -0.05570506
v -0.37087585 -0.92853418 -0.01659430
v 0.94703671 0.31456345 -0.06458569
v -0.91832973 0.38960563 -0.06984234
v 0.84375427 -0.53516241 -0.04098685
v -0.00420478 0.99976227 -0.02139441
v -0.81756752 -0.57559896 -0.01640689
v 0.99544177 0.05352930 -0.07893219
v -0.58344838 0.80116176 -0.13314587
v 0.26614532 -0.96102580 -0.07480700
v 0.90977731 0.41432531 -0.02529390
v -0.98412337 -0.15335481 -0.08935040
v 0.86543440 -0.48749417 -0.11564049
v -0.43526300 0.89405547 -0.10588170
v -0.80639524 -0.58774459 -0.06544470
v 0.99816484 -0.02203208 -0.05640520
v -0.92128564 0.38811158 -0.02453905
v 0.55223795 -0.83010588 -0.07718467
v 0.31405023 0.94289230 -0.11102506
v -0.98015633 -0.17199985 -0.09853742
v 0.92452587 -0.37959182 -0.03408762
v -0.62137761 0.77978404 -0.07633288
v 0.05258219 -0.98837210 -0.14267339
v 0.94406549 0.32350730 -0.06390127
v -0.96198953 0.27199599 -0.02437886
v 0.78086021 -0.62240996 -0.05350857
v -0.03937587 0.98572196 -0.16371240
v -0.83191199 -0.54359846 -0.11145924
v 0.99930875 0.00246491 -0.03709372
v -0.69553145 0.71803374 -0.02575951
v -0.23587757 -0.96761788 -0.08987445
v 0.88646035 0.45129893 -0.10255402
v -0.94115766 -0.33481216 -0.04607690
v 0.97908223 -0.18752116 -0.07895446
v -0.65275603 0.75413251 -0.07206745
v -0.46019500 -0.88095513 -0.11017539
v 0.98906097 0.13465045 -0.06022997
v -0.92932377 0.36401887 -0.06202895
v 0.68864785 -0.72472764 -0.02310796
v 0.40605360 0.91317373 -0.03513121
v -0.94306242 -0.31608601 -0.10355143
v 0.99802947 -0.00329690 -0.06266027
v -0.75260744 0.64710050 -0.12183183
v -0.44794846 -0.89221901 -0.05733603
v 0.86693434 0.48925130 -0.09517359
v -0.98519103 -0.14530273 -0.09102609
v 0.63910608 -0.75649056 -0.13880001
v -0.13472741 0.98883072 -0.06373650
v -0.70269490 -0.70712177 -0.07873169
v 0.99322228 -0.07732243 -0.08677984
v -0.81146368 0.58190522 -0.05397220
v 0.29245065 -0.95470466 -0.05487823
v 0.75734364 0.63789136 -0.13973269
v -0.93910821 -0.33947720 -0.05320723
v 0.96346966 -0.25023302 -0.09544446
v -0.20888468 0.97343716 -0.09374050
v -0.53530644 -0.84011204 -0.08751439
v 0.93660517 0.34848881 -0.03641845
v -0.99232251 0.08628107 -0.08860937
v 0.85767571 -0.51152612 -0.05228195
v 0.51869944 0.85283805 -0.06015114
v -0.93014314 -0.36586213 -0.03128312
v 0.98085519 -0.18649866 -0.05604777
v -0.83805540 0.54159528 -0.06586117
v 0.26200432 -0.95660572 -0.12751171
v 0.86638368 0.49572947 -0.06026291
v -0.99159367 -0.09602080 -0.08672941
v 0.85597332 -0.49887327 -0.13577604
v 0.06290381 0.99634350 -0.05781644
v -0.41870218 -0.89727246 -0.13996649
v 0.93609239 0.33828518 -0.09640631
v -0.97621365 0.21455873 -0.03116830
v 0.33535199 -0.93518654 -0.11386471
v 0.71809857 0.69279789 -0.06607216
v -0.90496227 -0.42269229 -0.04872902
v 0.99422866 -0.04264694 -0.09844086
v -0.80294533 0.58344095 -0.12196496
v 0.13843678 -0.98476086 -0.10526783
v 0.84038420 0.53787452 -0.06667378
v -0.98259535 0.17765350 -0.05427350
v 0.84087824 -0.52234929 -0.14168626
v -0.03163369 0.99081578 -0.13146637
v -0.82438237 -0.56036200 -0.07992583
v 0.99784945 0.05632353 -0.03352817
v -0.76990744 0.63608947 -0.05131013
v 0.50339799 -0.86178106 -0.06264078
v 0.68079231 0.71582465 -0.15529619
v -0.94649679 -0.30972411 -0.09063556
v 0.98229872 -0.18369944 -0.03665702
v -0.66660711 0.73729626 -0.10967765
v -0.71604950 -0.68266241 -0.14575712
v 0.95726535 0.28652370 -0.03933466
v -0.99127541 0.12573151 -0.03955573
v 0.84107352 -0.53924805 -0.04250732
v 0.21471936 0.96332706 -0.16092412
v -0.80267777 -0.58631542 -0.10928236
v 0.99278528 0.09701705 -0.07046334
v -0.81092845 0.56920304 -0.13565749
v -0.33923229 -0.92941367 -0.14529863
v 0.84884901 0.51920109 -0.09942625
v -0.98271754 -0.17961597 -0.04476979
v 0.82758807 -0.54645403 -0.12839771
v -0.08181130 0.97951317 -0.18401322
v -0.57537994 -0.81308057 -0.08853201
v 0.98280817 0.16004425 -0.09205396
v -0.94556628 0.31171074 -0.09349234
v 0.29983854 -0.94324172 -0.14280021
v 0.73668514 0.66551234 -0.11995137
v -0.93842036 -0.34206072 -0.04859723
v 0.97342396 -0.22254829 -0.05401895
v -0.67958793 0.71467976 -0.16550857
v -0.32221338 -0.93238295 -0.16383092
v 0.85922737 0.50322200 -0.09217352
v -0.99217246 -0.07421698 -0.10042735
v 0.54771478 -0.82324976 -0.14922585
v 0.40063573 0.91251140 -0.08254674
v -0.75681093 -0.64654957 -0.09597327
v 0.99371061 0.01368182 -0.11113973
v -0.87247943 0.48227316 -0.07869079
v 0.02509231 -0.99569135 -0.08926986
v 0.47811934 0.87569453 -0.06753507
v -0.98268538 -0.17836774 -0.05014367
v 0.83118706 -0.54259763 -0.12130907
v -0.24997584 0.96019615 -0.12464120
v -0.59333548 -0.79399086 -0.13240666
v 0.99085608 0.10666767 -0.08262105
v -0.88695054 0.45010485 -0.10355849
v 0.47260612 -0.86956102 -0.14320295
v 0.59608555 0.78777343 -0.15522575
v -0.82226607 -0.55926355 -0.10536977
v 0.99228848 -0.09654883 -0.07772962
v -0.74173524 0.66364024 -0.09700761
v -0.26955137 -0.95855050 -0.09232007
v 0.80910394 0.57469511 -0.12278573
v -0.98544304 -0.13858661 -0.09846707
v 0.87742359 -0.45996286 -0.13624250
v 0.18682282 0.97184516 -0.14357655
v -0.91375345 -0.39427714 -0.09798041
v 0.99668148 0.01158176 -0.08057222
v -0.87935030 0.46338837 -0.10960958
v 0.56617438 -0.81304468 -0.13566468
v 0.34258211 0.93504938 -0.09121488
v -0.93249216 -0.35486586 -0.06729477
v 0.93990029 -0.32772648 -0.09582694
v -0.49493145 0.85200717 -0.17066529
v -0.44127149 -0.87511286 -0.19863774
v 0.94979329 0.28193237 -0.13567184
v -0.98150108 0.14110677 -0.12940057
v 0.68381448 -0.71889962 -0.12482428
v 0.33770816 0.93017168 -0.14399254
v -0.93087519 -0.33528802 -0.14509765
v 0.99406138 0.01957903 -0.10704502
v -0.90605152 0.40258423 -0.13037089
v 0.35907195 -0.92801176 -0.09930515
v 0.77605124 0.62296686 -0.09826884
v -0.99496907 -0.05878139 -0.08112516
v 0.81436551 -0.55296918 -0.17616440
v -0.24503525 0.95206287 -0.18312299
v -0.73890226 -0.66851295 -0.08434386
v 0.99319684 -0.01771534 -0.11509219
v -0.86243569 0.48394698 -0.14832400
v 0.63224690 -0.74981807 -0.19503004
v 0.74552098 0.65683649 -0.11297921
v -0.90351933 -0.40832331 -0.13009568
v 0.99420164 -0.08661652 -0.06372349
v -0.39363778 0.89367798 -0.21538099
v -0.39707882 -0.90454553 -0.15532480
v 0.86923141 0.46377627 -0.17131355
v -0.98936088 0.02083407 -0.14398261
v 0.60512508 -0.78232280 -0.14763019
v 0.02765907 0.97621277 -0.21504324
v -0.75422551 -0.62798238 -0.19178635
v 0.99479420 0.07852175 -0.06495257
v -0.94158724 0.32351222 -0.09355911
v 0.28615211 -0.94297555 -0.17004142
v 0.82084324 0.56408291 -0.08959268
v -0.96413046 -0.24591120 -0.09990061
v 0.89600354 -0.43685359 -0.07960275
v -0.04616487 0.99157034 -0.12106636
v -0.28246600 -0.94738525 -0.15057936
v 0.98460392 0.14763737 -0.09358593
v -0.95566458 0.25937835 -0.13938468
v 0.52611716 -0.83457156 -0.16337395
v 0.42775818 0.88494200 -0.18412116
v -0.89891366 -0.42119227 -0.12062881
v 0.97879277 -0.18613960 -0.08553805
v -0.78227784 0.61788293 -0.07913320
v 0.19178928 -0.96520271 -0.17776556
v 0.87155725 0.46920537 -0.14224721
v -0.98938913 -0.09245885 -0.11207371
v 0.89457661 -0.41256060 -0.17183258
v 0.07547204 0.97169232 -0.22387052
v -0.82205705 -0.54074482 -0.17837390
v 0.99338353 0.08000177 -0.08239463
v -0.97746014 0.19332631 -0.08483280
v 0.04212738 -0.98883116 -0.14296229
v 0.62342993 0.77636168 -0.09272360
v -0.96274024 -0.23715536 -0.12995600
v 0.95623702 -0.25508292 -0.14332992
v -0.61589668 0.76201290 -0.20001905
v -0.26027465 -0.94246661 -0.20979467
v 0.94410252 0.28855573 -0.15939266
v -0.99205352 -0.02436099 -0.12343567
v 0.57044551 -0.81062134 -0.13223072
v 0.13709300 0.95879486 -0.24883312
v -0.69722365 -0.69778465 -0.16424297
v 0.99609091 0.05770334 -0.06688217
v -0.88737831 0.43911543 -0.14048978
v -0.14877705 -0.96215232 -0.22831624
v 0.79294734 0.57947862 -0.18825261
v -0.94578254 -0.29085291 -0.14456826
v 0.95351306 -0.28449868 -0.09936471
v -0.56258764 0.80266028 -0.19806973
v -0.75914233 -0.62586221 -0.17888379
v 0.95495489 0.28552209 -0.08085974
v -0.98729275 0.11921346 -0.10507697
v 0.28546506 -0.94327073 -0.16955833
v 0.22649267 0.95537554 -0.18962764
v -0.97880521 -0.13598324 -0.15313041
v 0.98119965 -0.14258013 -0.13006979
v -0.72003257 0.67144810 -0.17524425
v -0.43141833 -0.88945897 -0.15080108
v 0.81342187 0.55964878 -0.15854999
v -0.99158160 0.00496070 -0.12938823
v 0.84594596 -0.51019894 -0.15515308
v -0.14000216 0.98113513 -0.13331633
v -0.80384742 -0.56695440 -0.17997785
v 0.97359531 0.17851394 -0.14228473
v -0.86706550 0.46723288 -0.17288971
v 0.39236066 -0.90058001 -0.18710628
v 0.83784819 0.52722389 -0.14158168
v -0.99119876 -0.03105798 -0.12868730
v 0.86634104 -0.46236244 -0.18887607
v -0.19441905 0.94666585 -0.25695330
v -0.19970670 -0.96406634 -0.17519512
v 0.98854880 0.10197436 -0.11123178
v -0.99221378 0.02185293 -0.12261431
v 0.39325420 -0.89705158 -0.20161747
v -0.12478762 0.97175649 -0.20029321
v -0.88896723 -0.41294454 -0.19802543
v 0.98234737 -0.14197227 -0.12180936
v -0.78705354 0.58906278 -0.18317139
v 0.09138648 -0.98740460 -0.12915363
v 0.86322049 0.47218397 -0.17858524
v -0.98799008 -0.03734002 -0.14993771
v 0.91969673 -0.35786031 -0.16153615
v -0.51141939 0.83149790 -0.21693651
v -0.73066398 -0.66695179 -0.14596392
v 0.98623167 0.05211625 -0.15694266
v -0.98390739 0.13236574 -0.12002313
v 0.16874498 -0.94929496 -0.26526254
v 0.56449751 0.80772998 -0.17004365
v -0.92871608 -0.34011701 -0.14767148
v 0.94073745 -0.30535316 -0.14755507
v -0.82236428 0.55276703 -0.13477984
v -0.59369392 -0.77968180 -0.19905735
v 0.95804266 0.23219019 -0.16805349
v -0.98473140 -0.02228109 -0.17264887
v 0.64311336 -0.75490572 -0.12854013
v -0.05063504 0.96395341 -0.26120856
v -0.81940890 -0.53188975 -0.21368749
v 0.99013513 -0.06858823 -0.12218049
v -0.77537719 0.62133143 -0.11286037
v 0.06842569 -0.98352195 -0.16733946
v 0.74449603 0.65758620 -0.11535185
v -0.97365409 -0.14393403 -0.17686351
v 0.92726500 -0.33936468 -0.15814939
v -0.16799946 0.96863142 -0.18311023
v -0.59374624 -0.77246108 -0.22532039
v 0.97450311 0.14883551 -0.16790379
v -0.97212427 0.21529465 -0.09285806
v 0.76327855 -0.63053735 -0.14081376
v 0.33437184 0.90234483 -0.27197294
v -0.93588736 -0.29667016 -0.19000438
v 0.94287422 -0.29797459 -0.14899449
v -0.69489120 0.70322756 -0.15032376
v -0.17633691 -0.95523465 -0.23755433
v 0.93504849 0.31008370 -0.17184999
v -0.98783281 -0.03665897 -0.15113725
v 0.93623195 -0.31426602 -0.15718337
v -0.43182105 0.87152765 -0.23231475
v -0.87304150 -0.47204011 -0.12237919
v 0.98913762 0.05165990 -0.13761551
v -0.95459614 0.22497589 -0.19527434
v 0.41473828 -0.89370335 -0.17113292
v 0.82027217 0.55011936 -0.15659582
v -0.97901031 -0.09460520 -0.18052334
v 0.98816443 -0.07388393 -0.13443296
v -0.50680181 0.82762279 -0.24123111
v -0.69781888 -0.68015187 -0.22459352
v 0.89626445 0.40836608 -0.17305254
v -0.92455898 0.36099906 -0.12194410
v 0.47756873 -0.85545824 -0.20029803
v -0.08046601 0.96370008 -0.25457293
v -0.89258829 -0.43568375 -0.11604228
v 0.99452174 0.01111986 -0.10393682
v -0.89979493 0.40093937 -0.17209502
v 0.37940881 -0.91148577 -0.15887933
v 0.81918295 0.52800095 -0.22395153
v -0.97187895 -0.15021087 -0.18135047
v 0.93201061 -0.33584616 -0.13624821
v -0.50068434 0.84469191 -0.18923731
v -0.68001558 -0.71241261 -0.17334097
v 0.98079410 0.15209522 -0.12210639
v -0.91120195 0.39011821 -0.13235858
v 0.17983447 -0.94153164 -0.28491708
v 0.23826614 0.95429386 -0.18042302
v -0.92162873 -0.32694314 -0.20906619
v 0.94255438 -0.26963870 -0.19719589
v -0.47169714 0.84102645 -0.26490812
v -0.20119098 -0.95000295 -0.23878144
v 0.95816972 0.22541143 -0.17635326
v -0.95613698 0.22705336 -0.18506444
v 0.86301533 -0.48981347 -0.12364186
v -0.36897168 0.89171586 -0.26211205
v -0.85194614 -0.49095701 -0.18206862
v 0.99249098 0.06412385 -0.10416236
v -0.81242117 0.52930373 -0.24455963
v 0.38805778 -0.88831236 -0.24558565
v 0.65802919 0.72279322 -0.21111029
v -0.94755428 -0.26620162 -0.17685472
v 0.94352401 -0.29170136 -0.15707564
v -0.69086194 0.69691719 -0.19239595
v -0.16712190 -0.96164092 -0.21752474
v 0.91278961 0.39095139 -0.11820379
v -0.98815811 0.05703576 -0.14244462
v 0.57084882 -0.80227016 -0.17462593
v 0.57069227 0.79265430 -0.21449825
v -0.85425735 -0.49206498 -0.16767953
v 0.95167502 -0.27971615 -0.12678142
v -0.86867612 0.47154760 -0.15180464
v 0.24926711 -0.92835336 -0.27572801
v 0.88860344 0.42822609 -0.16433603
v -0.98986193 0.08416496 -0.11440983
v 0.69288603 -0.69802015 -0.18076734
v 0.10296793 0.94915852 -0.29748228
v -0.85833037 -0.48854429 -0.15682298
v 0.96584935 0.20038271 -0.16426138
v -0.93557373 0.30295098 -0.18144556
v 0.46673232 -0.83010265 -0.30510742
v 0.64047028 0.71664172 -0.27608417
v -0.98640489 -0.10631122 -0.12531290
v 0.94963901 -0.25097131 -0.18761437
v -0.31338422 0.90677118 -0.28205738
v -0.43528220 -0.86951302 -0.23340204
v 0.83727470 0.50978293 -0.19771809
v -0.95888574 0.21426281 -0.18609027
v 0.45417201 -0.84991787 -0.26714679
v -0.23615226 0.92806636 -0.28796691
v -0.88490469 -0.40377556 -0.23218309
v 0.98174803 0.01103955 -0.18986557
v -0.93890059 0.31385415 -0.14128428
v -0.06240213 -0.97384537 -0.21847464
v 0.86564062 0.47090100 -0.17005458
v -0.98629891 -0.05378127 -0.15595523
v 0.96850179 -0.18208184 -0.16985430
v -0.37965904 0.88089418 -0.28263838
v -0.54673600 -0.81158994 -0.20591629
v 0.88429962 0.40951816 -0.22429679
v -0.97399063 0.08788188 -0.20885169
v 0.39691628 -0.87971616 -0.26183381
v 0.08642684 0.96124992 -0.26178045
v -0.96678281 -0.19019865 -0.17074976
v 0.93613990 -0.28755746 -0.20236796
v -0.66905448 0.71990011 -0.18468875
v -0.50697510 -0.82619818 -0.24570879
v 0.92670523 0.33425349 -0.17173243
v -0.97046392 -0.11265019 -0.21333006
v 0.91043822 -0.35521831 -0.21194855
v 0.13477324 0.93229751 -0.33564495
v -0.74919047 -0.63048807 -0.20297397
v 0.97611790 0.04096422 -0.21334428
v -0.90944032 0.33554041 -0.24562356
v 0.40559317 -0.88723734 -0.21978188
v 0.71942144 0.65084093 -0.24256728
v -0.98568611 -0.11194574 -0.12605970
v 0.87433240 -0.41455225 -0.25236737
v -0.33595556 0.92145192 -0.19509031
v -0.41429441 -0.88805029 -0.19931587
v 0.96297944 0.23303848 -0.13551260
v -0.97019338 0.11708882 -0.21216740
v 0.78278005 -0.56971468 -0.25036090
v 0.15454732 0.95764360 -0.24296884
v -0.93801189 -0.25649189 -0.23312144
v 0.98819126 0.01507696 -0.15248184
v -0.85390096 0.46009755 -0.24323527
v -0.36010702 -0.90636114 -0.22098060
v 0.63756997 0.74376993 -0.20077556
v -0.96037971 -0.22099603 -0.16979858
v 0.78914446 -0.59206921 -0.16341685
v -0.45590186 0.82678682 -0.32951031
v -0.44227880 -0.83940493 -0.31589369
v 0.91438454 0.32312014 -0.24391452
v -0.87443192 0.43138179 -0.22198775
v 0.08062282 -0.94431330 -0.31901778
v 0.47605819 0.84687224 -0.23701479
v -0.96603836 -0.21767849 -0.13923351
v 0.97690478 -0.10388985 -0.18671892
v -0.80743342 0.55186549 -0.20855636
v -0.51286171 -0.80413046 -0.30057789
v 0.92768360 0.31059762 -0.20720100
v -0.97908486 0.03602435 -0.20023759
v 0.87722379 -0.41954239 -0.23337223
v 0.38705705 0.87238028 -0.29856237
v -0.84042031 -0.49621085 -0.21787268
v 0.98415427 -0.10942765 -0.13952050
v -0.72284898 0.62562896 -0.29339012
v 0.47900928 -0.81641181 -0.32252422
v 0.83622107 0.51415427 -0.19073467
v -0.97641249 -0.15024978 -0.15506017
v 0.87163236 -0.41482394 -0.26110942
v -0.09920894 0.92793874 -0.35928719
v -0.75654410 -0.61969652 -0.20884742
v 0.93785910 0.31067994 -0.15459066
v -0.96542265 0.14609599 -0.21590523
v 0.26122328 -0.93418780 -0.24301348
v 0.39936089 0.87802819 -0.26377525
v -0.91660366 -0.36631552 -0.16015826
v 0.98093717 -0.11397153 -0.15739361
v -0.71539005 0.65038743 -0.25536889
v 0.18356301 -0.91994835 -0.34640965
v 0.70071054 0.64425173 -0.30650359
v -0.97268289 -0.11591789 -0.20112441
v 0.71621043 -0.66941851 -0.19728528
v -0.33126113 0.88174143 -0.33585430
v -0.83559984 -0.47661181 -0.27315581
v 0.97046517 0.00995162 -0.24103593
v -0.89938117 0.39421282 -0.18897027
v 0.04200563 -0.95255795 -0.30144465
v 0.62786144 0.72757038 -0.27646220
v -0.97454721 -0.04254623 -0.22010806
v 0.93068953 -0.33085239 -0.15605667
v -0.59898725 0.76128360 -0.24831745
v -0.53078719 -0.79788357 -0.28573897
v 0.81371948 0.51805581 -0.26358830
v -0.96134874 0.22617523 -0.15701388
v 0.45512916 -0.82607113 -0.33236114
v -0.22913325 0.94586679 -0.22985640
v -0.70563085 -0.67237130 -0.22361111
v 0.97967148 0.13171666 -0.15130934
v -0.91354065 0.35439584 -0.19961728
v 0.29938255 -0.91987758 -0.25336799
v 0.76186224 0.61075704 -0.21573539
v -0.98442673 -0.01943576 -0.17471769
v 0.79305559 -0.56864394 -0.21841909
v -0.41118597 0.86489127 -0.28790482
v -0.66663069 -0.70406221 -0.24474463
v 0.93422115 0.31789515 -0.16178232
v -0.96883891 0.16430806 -0.18534838
v 0.61108233 -0.76135751 -0.21659439
v 0.43917659 0.85916964 -0.26258606
v -0.85978396 -0.43094370 -0.27396909
v 0.97091394 -0.00365123 -0.23940091
v -0.38059244 0.88347976 -0.27315364
v -0.24968922 -0.90408822 -0.34681375
v 0.93954888 0.24525421 -0.23895246
v -0.94959739 0.16794763 -0.26468545
v 0.86263482 -0.47081486 -0.18491764
v 0.05258947 0.96614375 -0.25258781
v -0.61100886 -0.73600252 -0.29149350
v 0.96079996 0.11102068 -0.25404300
v -0.75384026 0.60568826 -0.25468921
v 0.09382795 -0.95867400 -0.26858979
v 0.53542447 0.80850197 -0.24422368
v -0.96456541 -0.09550729 -0.24595105
v 0.96614154 -0.14668953 -0.21225625
v -0.18540945 0.92413205 -0.33407080
v -0.69844627 -0.64787760 -0.30401879
v 0.84528284 0.48888241 -0.21561748
v -0.92247223 0.30231173 -0.24010955
v 0.68001667 -0.69050677 -0.24653137
v 0.49466759 0.80087727 -0.33749010
v -0.74538109 -0.60563327 -0.27859535
v 0.95955030 -0.21537356 -0.18132140
v -0.76928521 0.55583465 -0.31503667
v -0.06298449 -0.95560142 -0.28785220
v 0.87391503 0.38542057 -0.29618155
v -0.97321666 -0.08063101 -0.21528579
v 0.85290964 -0.45991696 -0.24702538
v 0.05575774 0.93653980 -0.34609866
v -0.79065175 -0.52296351 -0.31840064
v 0.98405838 0.07820457 -0.15972837
v -0.89117172 0.34607784 -0.29333104
v 0.66651302 -0.68261400 -0.29966402
v 0.66471576 0.71032206 -0.23150708
v -0.95855120 -0.16622256 -0.23140799
v 0.96922702 -0.16845369 -0.17950581
v -0.45974873 0.84990663 -0.25746810
v -0.35279594 -0.86288161 -0.36189826
v 0.93662137 0.27032448 -0.22285667
v -0.98327235 -0.06475735 -0.17024090
v 0.84557407 -0.44894325 -0.28888485
v -0.20701239 0.90031343 -0.38285976
v -0.79899931 -0.50965645 -0.31914009
v 0.96714343 0.09004392 -0.23775128
v -0.84312069 0.45773468 -0.28218160
v 0.23135817 -0.89484810 -0.38173326
v 0.41842828 0.81820287 -0.39428648
v -0.98139859 -0.07317788 -0.17748748
v 0.88876640 -0.35464663 -0.29037915
v -0.15967553 0.94140126 -0.29709828
v -0.39830985 -0.83838010 -0.37211297
v 0.92322241 0.31472102 -0.22047916
v -0.86814626 0.39848030 -0.29586404
v 0.64860617 -0.70764964 -0.28025350
v 0.48070089 0.83810314 -0.25789490
v -0.94130774 -0.21579607 -0.25956077
v 0.94332504 -0.22270703 -0.24604765
v -0.66096386 0.67814798 -0.32131308
v -0.25848112 -0.91017715 -0.32367433
v 0.67018710 0.66505571 -0.32946950
v -0.98245867 0.06528781 -0.17467815
v 0.79614692 -0.52668830 -0.29790858
v -0.26526836 0.91357437 -0.30824433
v -0.88587876 -0.41131932 -0.21455827
v 0.96809374 0.02634216 -0.24919994
v -0.92770788 0.22838663 -0.29529247
v 0.15373396 -0.92028353 -0.35978340
v 0.60261418 0.70231386 -0.37896094
v -0.96934976 -0.06172914 -0.23780359
v 0.97796178 -0.10799037 -0.17868639
v -0.32497473 0.86459714 -0.38322736
v -0.42455700 -0.81966120 -0.38458663
v 0.95390079 0.18053904 -0.23974768
v -0.97869207 0.01464037 -0.20481086
v 0.37288598 -0.83284003 -0.40906421
v 0.26807259 0.90123711 -0.34045374
v -0.83097166 -0.46702424 -0.30228208
v 0.97274531 0.00531083 -0.23181535
v -0.66640655 0.67126113 -0.32451627
v -0.09871858 -0.94381469 -0.31538623
v 0.76703514 0.54443829 -0.33947613
v -0.94868074 -0.22134784 -0.22585393
v 0.77518233 -0.52486153 -0.35158602
v -0.13579210 0.91944113 -0.36903729
v -0.69965265 -0.61387062 -0.36558040
v 0.94590477 0.23240886 -0.22638529
v -0.82201103 0.47803524 -0.30948372
v 0.58109899 -0.74852614 -0.31942539
v 0.69759068 0.66295940 -0.27175738
v -0.86837695 -0.44774698 -0.21317624
v 0.89983266 -0.33255524 -0.28232642
v -0.33844354 0.89015601 -0.30508728
v 0.02645197 -0.93090339 -0.36430643
v 0.94574606 0.22147506 -0.23772502
v -0.97790888 0.02879602 -0.20703866
v 0.73898322 -0.59210440 -0.32142835
v 0.09398564 0.92033078 -0.37968140
v -0.69552113 -0.66858366 -0.26314683
v 0.96722877 -0.06957111 -0.24418920
v -0.75680600 0.56692662 -0.32532888
v 0.50770554 -0.81681900 -0.27393760
v 0.81125274 0.52063842 -0.26609137
v -0.94393514 -0.23195500 -0.23491131
v 0.95737264 -0.20531590 -0.20318221
v -0.56578450 0.75043018 -0.34167592
v -0.26570542 -0.91891121 -0.29155243
v 0.92693256 0.22480718 -0.30042930
v -0.94241126 0.24232797 -0.23051718
v 0.38443540 -0.86371127 -0.32590224
v 0.23965732 0.89406369 -0.37843689
v -0.91030039 -0.33633924 -0.24130712
v 0.96814853 -0.03984072 -0.24718643
v -0.65496713 0.67054973 -0.34839794
v -0.41359039 -0.82795576 -0.37872450
v 0.81407794 0.50233155 -0.29144488
v -0.96543069 -0.05209764 -0.25540049
v 0.86830888 -0.37401463 -0.32581090
v -0.32603922 0.87297497 -0.36278523
v -0.79895929 -0.54094361 -0.26276236
v 0.91386123 0.31178835 -0.26008783
v -0.86597141 0.40835977 -0.28867944
v -0.01720201 -0.95224606 -0.30484675
v 0.37084948 0.88034941 -0.29572890
v -0.95128790 -0.20054257 -0.23416665
v 0.93731141 -0.17668368 -0.30038342
v -0.58617766 0.71742145 -0.37643354
v -0.60625344 -0.69166383 -0.39250213
v 0.94039170 0.22494784 -0.25507239
v -0.93374780 0.27644450 -0.22736202
v 0.71326169 -0.59420772 -0.37171891
v 0.34864717 0.86704870 -0.35590967
v -0.90626891 -0.34169581 -0.24883859
v 0.94474385 -0.02857242 -0.32656189
v -0.91493087 0.31228091 -0.25569930
v 0.23487699 -0.92033511 -0.31275563
v 0.82014825 0.47428020 -0.32002366
v -0.95367439 0.05189198 -0.29633154
v 0.79481974 -0.54375504 -0.26942910
v -0.40205551 0.80995887 -0.42698712
v -0.74301737 -0.61151751 -0.27197707
v 0.94577789 0.19638846 -0.25871947
v -0.90861917 0.33523056 -0.24906160
v 0.14448080 -0.87738388 -0.45751811
v 0.28476702 0.89086960 -0.35391962
v -0.89354674 -0.33597980 -0.29781169
v 0.96502869 -0.01846120 -0.26149342
v -0.49969839 0.77090331 -0.39498052
v 0.12599581 -0.92967209 -0.34617171
v 0.88804044 0.36749556 -0.27628100
v -0.94050489 0.11062144 -0.32126851
v 0.87285268 -0.33446397 -0.35533373
v -0.23567706 0.90969723 -0.34191707
v -0.70642916 -0.65106798 -0.27761184
v 0.97090453 0.01785034 -0.23880067
v -0.87870151 0.31288839 -0.36053365
v 0.17425408 -0.87212250 -0.45720658
v 0.75220230 0.57982680 -0.31303767
v -0.96173645 -0.07134742 -0.26452326
v 0.89753470 -0.35653732 -0.25944672
v -0.69909668 0.64092140 -0.31699148
v -0.47633354 -0.79028972 -0.38541994
v 0.89399760 0.37511433 -0.24506639
v -0.90688288 0.33923562 -0.24996528
v 0.61277311 -0.67551171 -0.41011345
v -0.06031151 0.88177382 -0.46780065
v -0.83816659 -0.45608461 -0.29910467
v 0.95970518 -0.08492786 -0.26786794
v -0.80348925 0.53306383 -0.26504334
v 0.16469421 -0.88685272 -0.43170368
v 0.71782128 0.59336827 -0.36420695
v -0.93924836 0.14427583 -0.31144341
v 0.80580028 -0.46804553 -0.36279374
v 0.04788770 0.92074504 -0.38721484
v -0.63667091 -0.70322758 -0.31641922
v 0.94589318 0.03826225 -0.32221437
v -0.81498331 0.49677486 -0.29835707
v 0.16888605 -0.92486208 -0.34074572
v 0.42532312 0.81808819 -0.38708134
v -0.94282441 -0.19933100 -0.26711287
v 0.93785978 -0.01753878 -0.34657095
v -0.46250145 0.76307193 -0.45145723
v -0.31718313 -0.85907621 -0.40172494
v 0.73583136 0.59576614 -0.32189269
v -0.95809480 0.05189280 -0.28171170
v 0.75132466 -0.51718991 -0.40990957
v 0.13958063 0.91890517 -0.36895871
v -0.62546487 -0.70007986 -0.34450239
v 0.94582932 -0.10362656 -0.30768235
v -0.87635868 0.40357456 -0.26291262
v 0.29943718 -0.88482772 -0.35695557
v 0.43989240 0.79127777 -0.42470480
v -0.93298733 -0.12148080 -0.33878762
v 0.94380869 -0.16590955 -0.28583067
v -0.23345334 0.87076248 -0.43274962
v -0.49193676 -0.77460798 -0.39746785
v 0.89087353 0.30169619 -0.33959352
v -0.93261133 0.07927212 -0.35206822
v 0.43336535 -0.82889669 -0.35372976
v 0.59154481 0.70608641 -0.38925149
v -0.84747453 -0.41661457 -0.32896688
v 0.95176824 -0.08018885 -0.29615361
v -0.85142664 0.42971064 -0.30070159
v 0.23292133 -0.84699473 -0.47785728
v 0.86381321 0.38905068 -0.32010359
v -0.96529123 0.04642430 -0.25701678
v 0.68772352 -0.62734186 -0.36534717
v -0.41754621 0.79366126 -0.44244431
v -0.77796444 -0.53505987 -0.32936648
v 0.91266838 0.19590994 -0.35868610
v -0.92003676 0.18815479 -0.34370066
v 0.18543979 -0.85442106 -0.48536247
v 0.32285292 0.87824020 -0.35278909
v -0.96009763 -0.09143262 -0.26429647
v 0.90496328 -0.26679365 -0.33145530
v -0.28629016 0.86634402 -0.40925051
v -0.27123379 -0.86112696 -0.42999139
v 0.91469457 0.27587642 -0.29534055
v -0.87042744 0.29153685 -0.39668922
v 0.71405212 -0.57464783 -0.39988679
v -0.06307955 0.92610371 -0.37195817
v -0.90905701 -0.25980939 -0.32575209
v 0.94921958 -0.10443934 -0.29677367
v -0.68460394 0.61672017 -0.38855332
v 0.23475512 -0.83846533 -0.49179866
v 0.58622307 0.66038467 -0.46929159
v -0.95685518 -0.01173975 -0.29032798
v 0.90120319 -0.29100854 -0.32116481
v 0.02817661 0.87719989 -0.47929786
v -0.45309448 -0.74454115 -0.49026918
v 0.90907033 0.21395588 -0.35751087
v -0.91117452 0.31175114 -0.26939230
v 0.66250198 -0.63683168 -0.39438121
v 0.37665699 0.83486472 -0.40141051
v -0.94189683 -0.20735735 -0.26425989
v 0.88781534 -0.36502224 -0.28025469
v -0.33478963 0.85152021 -0.40352106
v -0.10331414 -0.87945286 -0.46463842
v 0.87609369 0.35461968 -0.32665690
v -0.94834372 -0.11361374 -0.29620281
v 0.61220139 -0.66249538 -0.43163563
v 0.10049523 0.86205162 -0.49675720
v -0.74196608 -0.52289787 -0.41959998
v 0.94686179 0.16182531 -0.27796639
v -0.83210602 0.44846037 -0.32631714
v 0.05529872 -0.92329655 -0.38008622
v 0.54718496 0.76079687 -0.34896525
v -0.91104890 -0.25256586 -0.32588400
v 0.91725159 -0.18852109 -0.35086938
v -0.19725750 0.90442061 -0.37830258
v -0.61668977 -0.65214246 -0.44091261
v 0.82326569 0.44672592 -0.35024215
v -0.85498848 0.33671536 -0.39448379
v 0.75543272 -0.54329964 -0.36626071
v 0.10064605 0.90411896 -0.41525808
v -0.74699705 -0.53532775 -0.39423293
v 0.91678890 -0.22063662 -0.33289276
v -0.60218582 0.67438980 -0.42728285
v -0.13548979 -0.87926530 -0.45665639
v 0.76775956 0.47211759 -0.43318616
v -0.95076837 -0.13027020 -0.28119242
v 0.82611954 -0.41989716 -0.37578303
v 0.03463430 0.91010076 -0.41293712
v -0.79952078 -0.46970936 -0.37435229
v 0.94375191 -0.04829717 -0.32710812
v -0.93634953 0.19895022 -0.28925485
v 0.50861494 -0.70980767 -0.48732322
v 0.40059431 0.80259469 -0.44200223
v -0.87423678 -0.26770273 -0.40502505
v 0.90744798 -0.12900833 -0.39986875
v -0.60475886 0.69117004 -0.39566489
v -0.16676707 -0.88196656 -0.44082166
v 0.85062681 0.42207849 -0.31350245
v -0.90703467 0.22593299 -0.35530604
v 0.74043135 -0.56190127 -0.36882026
v 0.25417716 0.86533390 -0.43196206
v -0.80576497 -0.40148448 -0.43537688
v 0.94313233 -0.18121849 -0.27867771
v -0.88224531 0.34600497 -0.31925504
v 0.07685469 -0.85559478 -0.51190911
v 0.81698495 0.44221116 -0.37011469
v -0.94031253 0.00706108 -0.34023886
v 0.89036840 -0.18220737 -0.41718651
v -0.03739264 0.89432672 -0.44584920
v -0.72592379 -0.55649233 -0.40416696
v 0.83473940 0.35198500 -0.42345803
v -0.83658157 0.43679073 -0.33067377
v 0.70454877 -0.55858323 -0.43771659
v 0.56634502 0.66253790 -0.49020083
v -0.88418870 -0.28491873 -0.37017788
v 0.93284660 -0.14667105 -0.32906658
v -0.54916441 0.65238784 -0.52231079
v -0.28542624 -0.84434998 -0.45343685
v 0.72822467 0.48851333 -0.48066990
v -0.94227753 -0.01188145 -0.33462201
v 0.81252412 -0.40950363 -0.41486303
v 0.25428995 0.82663012 -0.50201521
v -0.85466833 -0.38962096 -0.34312906
v 0.92625581 0.23143027 -0.29747304
v -0.74687451 0.46562424 -0.47473418
v 0.23546975 -0.83511227 -0.49713327
v 0.59783951 0.61379635 -0.51559864
v -0.92641919 -0.03346546 -0.37500340
v 0.77482693 -0.44964468 -0.44436796
v -0.55676154 0.73554506 -0.38599229
v -0.61224926 -0.61289184 -0.49951421
v 0.87992397 0.24234553 -0.40865933
v -0.94890932 -0.00834515 -0.31543851
v 0.51669861 -0.69690327 -0.49734131
v 0.31022044 0.85259889 -0.42052159
v -0.86213710 -0.29305138 -0.41332858
v 0.90012649 -0.17953381 -0.39691299
v -0.80525002 0.38271719 -0.45287963
v 0.02632577 -0.89293892 -0.44940743
v 0.50517750 0.67668933 -0.53561856
v -0.93108433 -0.04667492 -0.36180577
v 0.87233158 -0.26211707 -0.41271328
v -0.26948527 0.84541477 -0.46114158
v -0.74035701 -0.54665110 -0.39120848
v 0.94639174 0.12546287 -0.29766046
v -0.94124080 0.14193253 -0.30646521
v 0.27159260 -0.79921445 -0.53618441
v 0.59403869 0.70082808 -0.39491523
v -0.87838866 -0.32205770 -0.35314616
v 0.90802898 -0.07643402 -0.41187523
v -0.62352840 0.63442632 -0.45685400
v -0.36959204 -0.77260508 -0.51622003
v 0.89839873 0.24460926 -0.36475475
v -0.89587014 0.25152555 -0.36626711
v 0.75855607 -0.50816601 -0.40787252
v 0.36398754 0.81060707 -0.45872567
v -0.61695553 -0.67270612 -0.40845116
v 0.95133346 0.06077739 -0.30211052
v -0.83305534 0.40208647 -0.37992798
v -0.01659537 -0.86243077 -0.50590292
v 0.46693511 0.70039480 -0.53983213
v -0.87900441 -0.31746724 -0.35576086
v 0.77970976 -0.43637044 -0.44903623
v -0.12871354 0.84986688 -0.51103729
v -0.67689445 -0.58962533 -0.44063123
v 0.90657758 0.23208256 -0.35249792
v -0.92616613 0.09221882 -0.36566649
v 0.34507072 -0.79850829 -0.49326535
v 0.30956508 0.84613694 -0.43384530
v -0.84987781 -0.32555268 -0.41439492
v 0.89286756 -0.25303839 -0.37250382
v -0.44873316 0.70094314 -0.55436204
v -0.37290460 -0.76564769 -0.52414289
v 0.78830290 0.36714109 -0.49374686
v -0.91491169 0.18099513 -0.36080100
v 0.62944459 -0.63352971 -0.44993290
v 0.14249957 0.81109153 -0.56729569
v -0.49211253 -0.69793493 -0.52030000
v 0.92833029 0.14929777 -0.34046006
v -0.85575475 0.29080380 -0.42792167
v 0.41020814 -0.77214588 -0.48530404
v 0.61654823 0.62246048 -0.48209048
v -0.92335610 -0.11699583 -0.36568496
v 0.90151931 -0.08056320 -0.42517350
v -0.55103690 0.63689490 -0.53918756
v -0.04509482 -0.85928812 -0.50950013
v 0.79021380 0.45938142 -0.40562405
v -0.89143176 0.04276375 -0.45113266
v 0.53881732 -0.66306354 -0.51963703
v 0.33899183 0.79398078 -0.50465737
v -0.73515486 -0.55605139 -0.38775532
v 0.88940420 -0.08735629 -0.44869705
v -0.85805273 0.30610385 -0.41236628
v 0.06915196 -0.82894251 -0.55504263
v 0.47803109 0.75575617 -0.44756998
v -0.89967456 -0.08458258 -0.42828901
v 0.83719901 -0.24416354 -0.48936897
v 0.02328882 0.83270515 -0.55322668
v -0.72711773 -0.56263406 -0.39337351
v 0.79522493 0.35603869 -0.49076853
v -0.90479065 0.12835011 -0.40605435
v 0.37918842 -0.75620210 -0.53326779
v 0.43091932 0.74222597 -0.51323402
v -0.75295662 -0.47895119 -0.45128936
v 0.89049136 -0.12203032 -0.43833062
v -0.49043202 0.70554540 -0.51154875
v 0.14240913 -0.79125706 -0.59466958
v 0.80550489 0.34575022 -0.48126776
v -0.90854738 -0.06369475 -0.41289784
v 0.68945648 -0.51796170 -0.50632542
v -0.21951094 0.80040497 -0.55782330
v -0.72941745 -0.55009484 -0.40662741
v 0.92494826 0.00468219 -0.38006419
v -0.63832130 0.56122169 -0.52685494
v 0.28588768 -0.78682812 -0.54696411
v 0.53065122 0.71764845 -0.45098779
v -0.90716085 -0.13669547 -0.39796173
v 0.77842371 -0.43262538 -0.45485362
v -0.22596702 0.77882904 -0.58511899
v -0.65718168 -0.58421972 -0.47623478
v 0.82261086 0.33693822 -0.45802185
v -0.91800925 0.10373543 -0.38275053
v 0.44809788 -0.70046719 -0.55547638
v 0.39641600 0.77208244 -0.49673239
v -0.79942338 -0.43948032 -0.40960872
v 0.93555608 0.06240573 -0.34762097
v -0.51082552 0.70329684 -0.49439947
v -0.12314588 -0.85119253 -0.51020229
v 0.74577146 0.52397908 -0.41142538
v -0.91727927 -0.15840005 -0.36538769
v 0.68751283 -0.57691674 -0.44101382
v -0.21691019 0.76843631 -0.60204286
v -0.60259382 -0.66501862 -0.44116995
v 0.89722879 0.17073038 -0.40722431
v -0.87186077 0.23882727 -0.42757494
v 0.09195471 -0.79791278 -0.59571766
v 0.58917830 0.57312409 -0.56955922
v -0.83132956 -0.23483239 -0.50373099
v 0.87201841 -0.29139675 -0.39328339
v -0.66460216 0.60066346 -0.44441803
v -0.42852038 -0.73385090 -0.52709879
v 0.85597890 0.17555548 -0.48629250
v -0.88185627 0.21507112 -0.41961164
v 0.77314323 -0.45129285 -0.44562801
v -0.13947752 0.76198938 -0.63239086
v -0.80043169 -0.39858588 -0.44770348
v 0.87057994 0.05658029 -0.48876298
v -0.55593965 0.61241212 -0.56203425
v -0.00603415 -0.85019394 -0.52643504
v 0.65443078 0.60115014 -0.45862715
v -0.90238072 -0.19936701 -0.38204951
v 0.73280295 -0.50835730 -0.45229713
v -0.14146863 0.76894884 -0.62346155
v -0.68378554 -0.55004501 -0.47946619
v 0.86242061 0.19090358 -0.46881394
v -0.84892577 0.09455018 -0.51998587
v 0.34071649 -0.71667191 -0.60851758
v 0.47188033 0.67324408 -0.56927266
v -0.70420024 -0.49933395 -0.50474511
v 0.83125183 -0.21239995 -0.51371846
v -0.72026830 0.39083860 -0.57311323
v -0.13219755 -0.74322458 -0.65585138
v 0.72071076 0.43644456 -0.53860203
v -0.85437524 -0.12162588 -0.50522281
v 0.73675041 -0.50325393 -0.45159087
v -0.13244963 0.77332769 -0.62001724
v -0.65423338 -0.56956845 -0.49756454
v 0.89359610 0.02665734 -0.44807969
v -0.63813256 0.50124908 -0.58441098
v 0.06653404 -0.74916872 -0.65902917
v 0.45939483 0.62160984 -0.63447427
v -0.91015894 -0.11393266 -0.39828388
v 0.81258068 -0.40647414 -0.41772169
v -0.50925525 0.61063033 -0.60645667
v -0.56031013 -0.67575491 -0.47896540
v 0.78554119 0.29928132 -0.54162323
v -0.89609296 0.08150938 -0.43631826
v 0.33255882 -0.77515592 -0.53715727
v 0.43577900 0.71329456 -0.54891487
v -0.62441765 -0.59159162 -0.51002152
v 0.89664059 -0.01204177 -0.44259535
v -0.77459887 0.30879330 -0.55194501
v 0.19446857 -0.72258075 -0.66336946
v 0.45149203 0.67254601 -0.58637600
v -0.84851741 -0.24787361 -0.46752207
v 0.61691451 -0.50285451 -0.60543690
v -0.20359791 0.75861079 -0.61891644
v -0.46022647 -0.61279297 -0.64239892
v 0.79669474 0.30421078 -0.52223873
v -0.88876413 0.21885945 -0.40273919
v 0.55954652 -0.61953423 -0.55053159
v 0.21515456 0.74737452 -0.62860150
v -0.71686366 -0.40259169 -0.56923319
v 0.85395922 -0.04777191 -0.51814234
v -0.61618074 0.60355612 -0.50600524
v -0.41547591 -0.74451872 -0.52256258
v 0.80518686 0.38545975 -0.45066052
v -0.91420407 0.00475926 -0.40522620
v 0.58078555 -0.59941650 -0.55080669
v 0.24381835 0.71236356 -0.65809632
v -0.64369397 -0.57400066 -0.50614357
v 0.84052260 0.06660447 -0.53766682
v -0.62576975 0.56521170 -0.53753879
v 0.37555662 -0.72650386 -0.57545579
v 0.34825298 0.76033547 -0.54827898
v -0.90806350 -0.01675240 -0.41849736
v 0.78607133 -0.25384564 -0.56360824
v -0.50674068 0.68474305 -0.52377557
v -0.48893622 -0.64924709 -0.58259728
v 0.84784459 0.15113271 -0.50825039
v -0.83057872 0.24378694 -0.50070642
v 0.50299434 -0.67430330 -0.54065863
v 0.22436944 0.78786864 -0.57351666
v -0.66213153 -0.56819664 -0.48860456
v 0.86470250 -0.24358273 -0.43926876
v -0.68721415 0.46326864 -0.55957027
v -0.13288658 -0.77678901 -0.61558102
v 0.64884536 0.46371442 -0.60329813
v -0.84015844 0.06748735 -0.53812568
v 0.59355484 -0.52932239 -0.60622642
v 0.06056925 0.78152658 -0.62092477
v -0.55053189 -0.61534800 -0.56414668
v 0.84591470 0.13138430 -0.51688149
v -0.79027367 0.33499988 -0.51307174
v 0.27460373 -0.67759945 -0.68224026
v 0.51900231 0.56411668 -0.64219076
v -0.83680800 -0.24581174 -0.48921260
v 0.75039190 -0.28852746 -0.59469647
v -0.47494920 0.66140678 -0.58048629
v -0.49855994 -0.62836334 -0.59715785
v 0.63765311 0.42949571 -0.63947787
v -0.85869156 0.01428605 -0.51229358
v 0.52860861 -0.58841192 -0.61183686
v 0.21641713 0.67306772 -0.70720823
v -0.75350985 -0.41257729 -0.51186218
v 0.85748438 0.07343058 -0.50924306
v -0.69982968 0.41383030 -0.58222237
v 0.27841317 -0.72688321 -0.62779527
v 0.70104845 0.45894109 -0.54580596
v -0.87488862 -0.16768060 -0.45437112
v 0.82164137 -0.23950418 -0.51724579
v -0.22242661 0.70695653 -0.67137089
v -0.33852575 -0.68124433 -0.64908125
v 0.85526582 0.11533236 -0.50519188
v -0.71776289 0.40560888 -0.56594864
v 0.49648270 -0.61212446 -0.61547426
v 0.34794006 0.65291784 -0.67278229
v -0.73404635 -0.38634431 -0.55849264
v 0.83323583 0.01570925 -0.55269455
v -0.69996697 0.43725204 -0.56467414
v 0.06019046 -0.73136646 -0.67932335
v 0.66164474 0.40024383 -0.63405923
v -0.83150491 0.12498029 -0.54127582
v 0.75952539 -0.39983568 -0.51308148
v 0.04506155 0.69415480 -0.71841393
v -0.62450701 -0.48737143 -0.61029508
v 0.86921358 0.16114920 -0.46743843
v -0.75590615 0.38010774 -0.53303283
v 0.29124099 -0.66631407 -0.68644318
v 0.62929080 0.54616758 -0.55289607
v -0.79614145 -0.29157245 -0.53023042
v 0.86989829 -0.15464477 -0.46836094
v -0.22559081 0.77330254 -0.59254702
v -0.28021003 -0.68236814 -0.67517113
v 0.74329901 0.24891025 -0.62092694
v -0.73929859 0.33285854 -0.58535698
v 0.39231544 -0.61716421 -0.68205347
v 0.00734473 0.67828718 -0.73476021
v -0.75270689 -0.31367181 -0.57882842
v 0.87841748 -0.10324366 -0.46660848
v -0.64877391 0.40058806 -0.64700975
v 0.11861720 -0.75743741 -0.64204246
v 0.67185465 0.41198183 -0.61553416
v -0.81317679 -0.09253989 -0.57461281
v 0.76233398 -0.23334973 -0.60365122
v -0.21439651 0.67210648 -0.70873621
v -0.54339533 -0.48735581 -0.68352456
v 0.72819654 0.29120121 -0.62042860
v -0.84493457 0.11386442 -0.52260928
v 0.08620403 -0.71346479 -0.69536815
v 0.54194094 0.55141911 -0.63422156
v -0.87165497 -0.13411191 -0.47141447
v 0.75985996 -0.37374005 -0.53191278
v -0.42582598 0.63306721 -0.64645041
v 0.00651135 -0.74786901 -0.66381440
v 0.82707340 0.23924267 -0.50863793
v -0.77979405 -0.07502056 -0.62152486
v 0.66024463 -0.48144130 -0.57644714
v 0.23523484 0.66042432 -0.71309487
v -0.64450735 -0.51603933 -0.56419296
v 0.85381904 -0.04523938 -0.51860047
v -0.70488545 0.41609140 -0.57446014
v 0.35118873 -0.63412005 -0.68888188
v 0.58572611 0.44795676 -0.67546996
v -0.79352475 -0.13014971 -0.59445734
v 0.74498686 -0.21411003 -0.63178436
v -0.10602880 0.70339157 -0.70285005
v -0.16240461 -0.75603239 -0.63406606
v 0.77960185 0.10601122 -0.61723785
v -0.79979775 0.09864377 -0.59210892
v 0.30092929 -0.65198093 -0.69596151
v 0.12810481 0.62506815 -0.76998634
v -0.66997270 -0.49099835 -0.55682780
v 0.80736705 -0.15555268 -0.56917644
v -0.58714545 0.46932026 -0.65954432
v -0.32359074 -0.57839498 -0.74883128
v 0.64143363 0.48899998 -0.59113613
v -0.78842849 0.04515554 -0.61346679
v 0.56660048 -0.56209385 -0.60250676
v -0.07771005 0.63237323 -0.77075628
v -0.60781435 -0.35946335 -0.70805919
v 0.77375483 0.25808244 -0.57852996
v -0.76417019 0.32376606 -0.55787047
v 0.06545907 -0.76923547 -0.63560357
v 0.34953661 0.63567882 -0.68828526
v -0.71352986 -0.31774650 -0.62442958
v 0.76775306 -0.09636374 -0.63345819
v -0.26277645 0.71338136 -0.64964264
v -0.33536722 -0.55829583 -0.75883766
v 0.59795542 0.36487762 -0.71366213
v -0.76261165 -0.02857743 -0.64622504
v 0.35583707 -0.59128233 -0.72371623
v -0.01367261 0.62287284 -0.78220361
v -0.70475202 -0.35267765 -0.61558352
v 0.77465161 -0.04627350 -0.63069299
v -0.39297026 0.51910498 -0.75901541
v 0.20846888 -0.62620618 -0.75126996
v 0.61136786 0.35619188 -0.70665174
v -0.81908422 0.00167099 -0.57367085
v 0.62798243 -0.31356559 -0.71226026
v -0.06934072 0.71950941 -0.69101235
v -0.56206774 -0.40542067 -0.72091188
v 0.76774790 0.11919158 -0.62956853
v -0.72396931 0.22629031 -0.65166029
v 0.48934100 -0.47326166 -0.73250856
v 0.22868248 0.65138306 -0.72346695
v -0.74910211 -0.11295079 -0.65275428
v 0.84254122 0.00011604 -0.53863186
v -0.47570102 0.55223424 -0.68465019
v -0.25376039 -0.57200818 -0.78000789
v 0.49142789 0.46165828 -0.73849188
v -0.78193173 0.18612009 -0.59493032
v 0.69259901 -0.36459356 -0.62239710
v 0.25717877 0.65330909 -0.71207185
v -0.45171840 -0.45425962 -0.76785329
v 0.79680195 0.02969130 -0.60351062
v -0.69746698 0.29537652 -0.65291081
v -0.04023775 -0.68412719 -0.72825196
v 0.27635270 0.65956786 -0.69899887
v -0.75909332 -0.26133146 -0.59622411
v 0.80771191 -0.15059467 -0.57001992
v -0.31791245 0.56404543 -0.76209214
v -0.38309315 -0.65310228 -0.65322053
v 0.70163979 0.36382168 -0.61264622
v -0.79075110 0.21270088 -0.57399567
v 0.29373935 -0.67481541 -0.67700912
v 0.13331497 0.63041145 -0.76472774
v -0.75344967 -0.30662082 -0.58163328
v 0.75616855 -0.23271474 -0.61159871
v -0.53639003 0.46201284 -0.70627889
v 0.18423746 -0.67462941 -0.71479488
v 0.63250614 0.40129505 -0.66249398
v -0.75415646 -0.12771707 -0.64415556
v 0.50419574 -0.55565306 -0.66108724
v -0.02011048 0.69602872 -0.71773226
v -0.37639140 -0.63375491 -0.67578415
v 0.72381039 0.09305687 -0.68369507
v -0.64925518 0.32633988 -0.68700073
v 0.40189992 -0.48947438 -0.77388067
v 0.29215052 0.64575114 -0.70544563
v -0.71698255 -0.11326411 -0.68782793
v 0.73219979 -0.26486359 -0.62747968
v -0.29448690 0.65048524 -0.70010458
v -0.23624917 -0.57133064 -0.78598195
v 0.74059633 0.25445810 -0.62190687
v -0.67124500 0.09242565 -0.73545065
v 0.49606655 -0.52070415 -0.69482744
v 0.20590794 0.60336486 -0.77042376
v -0.66505784 -0.42266836 -0.61566998
v 0.80728857 0.01164066 -0.59004208
v -0.64395951 0.29622369 -0.70538477
v -0.06102773 -0.58000835 -0.81232132
v 0.46634712 0.45164599 -0.76061571
v -0.64899771 -0.23741985 -0.72279582
v 0.71389979 -0.14730099 -0.68457980
v -0.35492407 0.50673828 -0.78564955
v -0.24100986 -0.63856101 -0.73085846
v 0.68743563 0.31887543 -0.65249576
v -0.72387703 0.27907646 -0.63096622
v 0.15557907 -0.62887692 -0.76178013
v 0.27233198 0.56308935 -0.78023437
v -0.65769541 -0.26907674 -0.70358685
v 0.68703035 -0.21600761 -0.69377952
v -0.50363498 0.41591232 -0.75721116
v -0.30181612 -0.62182575 -0.72266159
v 0.54589612 0.44206233 -0.71174316
v -0.67046165 -0.07520230 -0.73812316
v 0.42310638 -0.43935344 -0.79243268
v -0.05545698 0.55756078 -0.82828165
v -0.58438686 -0.34563323 -0.73418639
v 0.71580151 0.02712054 -0.69777695
v -0.50852707 0.45828675 -0.72895368
v 0.38192737 -0.53941257 -0.75044358
v 0.37041127 0.43478598 -0.82082680
v -0.74052570 -0.07239141 -0.66811764
v 0.64826110 -0.17356973 -0.74137109
v -0.18016835 0.51034362 -0.84088569
v -0.12303559 -0.65060473 -0.74938356
v 0.61952115 0.11636697 -0.77630682
v -0.69401873 0.05696814 -0.71769954
v 0.50676231 -0.50957497 -0.69535985
v 0.08193999 0.57690590 -0.81269023
v -0.65677303 -0.27178267 -0.70340840
v 0.59780781 -0.16888470 -0.78364774
v -0.44450219 0.47970660 -0.75650471
v -0.15927188 -0.62592478 -0.76344656
v 0.41587280 0.36818968 -0.83155648
v -0.65699500 -0.03141020 -0.75324032
v 0.68153369 -0.33138535 -0.65245351
v -0.09507528 0.57118561 -0.81529608
v -0.46967226 -0.48323918 -0.73884224
v 0.61328870 0.07253014 -0.78652168
v -0.62823932 0.34025735 -0.69967156
v 0.32014785 -0.52491431 -0.78865095
v 0.32060847 0.58885222 -0.74193212
v -0.75083357 -0.09027580 -0.65429293
v 0.66079468 -0.24589328 -0.70914518
v -0.52052094 0.46641511 -0.71520270
v -0.06539324 -0.50386969 -0.86130079
v 0.41467536 0.37690543 -0.82824311
v -0.72221690 0.17084749 -0.67023421
v 0.49588330 -0.48599010 -0.71966199
v -0.11907044 0.55425728 -0.82378462
v -0.47730294 -0.39728303 -0.78380361
v 0.59594916 0.14326057 -0.79013987
v -0.54238374 0.25354605 -0.80095835
v 0.02677003 -0.65064198 -0.75891263
v 0.58014930 0.39610195 -0.71170924
v -0.56087549 -0.16529640 -0.81123103
v 0.54150930 -0.21276628 -0.81332539
v -0.14490393 0.63624605 -0.75775577
v -0.30258046 -0.40025694 -0.86500835
v 0.58218998 0.23509656 -0.77832155
v -0.66657721 0.29441494 -0.68483185
v 0.18281682 -0.52096001 -0.83377375
v 0.33046002 0.55565598 -0.76291717
v -0.67308465 -0.16113611 -0.72179790
v 0.59599072 -0.11417981 -0.79483208
v -0.53195050 0.39769832 -0.74757255
v 0.15157083 -0.53058704 -0.83396863
v 0.47246546 0.30020738 -0.82864462
v -0.57562173 -0.01232222 -0.81762325
v 0.58311560 -0.28523764 -0.76066792
v -0.13989288 0.42525316 -0.89419781
v -0.38529402 -0.33823592 -0.85857148
v 0.73873909 0.06837857 -0.67051393
v -0.47920948 0.29989482 -0.82487658
v 0.37991781 -0.46542033 -0.79940376
v 0.21661203 0.54454476 -0.81027787
v -0.50980798 -0.15154196 -0.84683579
v 0.72652717 -0.07071586 -0.68348923
v -0.28251398 0.38306117 -0.87946006
v -0.32711755 -0.50875156 -0.79634538
v 0.64637692 0.30046025 -0.70137046
v -0.51151884 0.16099596 -0.84405496
v 0.37593608 -0.39018433 -0.84049286
v 0.04081877 0.60516996 -0.79504915
v -0.49148621 -0.20966131 -0.84527122
v 0.73418487 -0.00989899 -0.67887744
v -0.46736665 0.28862174 -0.83562306
v 0.07634152 -0.49074540 -0.86795215
v 0.55062139 0.28126646 -0.78594228
v -0.52868432 -0.09104284 -0.84392185
v 0.61963568 -0.17988155 -0.76399885
v -0.09532879 0.45203896 -0.88688962
v -0.40952466 -0.35481540 -0.84047343
v 0.61254190 0.04266824 -0.78928565
v -0.53576496 0.16829865 -0.82742460
v 0.17676942 -0.49910261 -0.84832138
v 0.16161207 0.45814697 -0.87406115
v -0.45564249 -0.20543636 -0.86613268
v 0.67705318 -0.09789010 -0.72939463
v -0.44741098 0.37155932 -0.81349068
v -0.09114191 -0.43426125 -0.89616423
v 0.52496051 0.21142006 -0.82445013
v -0.63253335 -0.05957307 -0.77223870
v 0.52697191 -0.27107558 -0.80549279
v -0.02342115 0.44607611 -0.89468852
v -0.43843430 -0.37582058 -0.81641550
v 0.60224250 -0.03416287 -0.79758189
v -0.53188047 0.20807249 -0.82085870
v 0.16298234 -0.40329651 -0.90043805
v 0.14214744 0.36243110 -0.92110684
v -0.50690867 -0.15830197 -0.84733942
v 0.54972031 -0.26697898 -0.79153636
v -0.12057001 0.49751551 -0.85903503
v -0.11929207 -0.34984388 -0.92918172
v 0.62057853 0.08972578 -0.77899395
v -0.58711865 0.22447894 -0.77775375
v 0.33751193 -0.47381493 -0.81337882
v 0.01795182 0.40409953 -0.91453885
v -0.51398682 -0.31945363 -0.79609480
v 0.66406355 -0.02321902 -0.74731552
v -0.39246811 0.22645765 -0.89145146
v -0.10304603 -0.51880408 -0.84866003
v 0.35636859 0.32768716 -0.87499860
v -0.44517310 -0.03314663 -0.89483083
v 0.47932094 -0.36807592 -0.79672552
v -0.11366944 0.36874401 -0.92255467
v -0.14354140 -0.32559828 -0.93454889
v 0.59402096 0.10655397 -0.79736149
v -0.36000572 0.22303516 -0.90589801
v 0.07450298 -0.46551191 -0.88190020
v 0.14481418 0.49561560 -0.85638428
v -0.45584883 -0.12731255 -0.88090485
v 0.56349610 -0.15350905 -0.81173094
v -0.20465779 0.28108492 -0.93760677
v -0.30341201 -0.40994772 -0.86016511
v 0.44937134 0.27525175 -0.84988345
v -0.64088987 0.04719798 -0.76618048
v 0.43468758 -0.35045536 -0.82959493
v 0.09461419 0.35913284 -0.92847820
v -0.53966892 -0.27169084 -0.79683219
v 0.58000146 -0.06024425 -0.81238472
v -0.42574667 0.35250770 -0.83335352
v 0.04527310 -0.47010947 -0.88144621
v 0.48641682 0.26779811 -0.83167473
v -0.52353816 0.01157240 -0.85192363
v 0.40662067 -0.31493652 -0.85759817
v 0.00474728 0.45104895 -0.89248659
v -0.25523882 -0.22678310 -0.93990562
v 0.42652913 0.22902131 -0.87499836
v -0.52256250 0.14115181 -0.84083565
v 0.31047411 -0.40005452 -0.86230053
v 0.10000555 0.44885992 -0.88798855
v -0.51213900 -0.12316317 -0.85002616
v 0.37986311 -0.07644516 -0.92187860
v -0.21965979 0.27667216 -0.93552236
v -0.18060230 -0.43909739 -0.88010016
v 0.22840068 0.23469202 -0.94485596
v -0.39242657 0.08907705 -0.91545981
v 0.49035328 -0.26463867 -0.83037343
v -0.02809539 0.46639323 -0.88413122
v -0.30239969 -0.19814201 -0.93235946
v 0.37339719 0.12321963 -0.91945172
v -0.30708652 0.25410758 -0.91712987
v 0.21603811 -0.40101734 -0.89023178
v 0.18725651 0.42751369 -0.88440208
v -0.42628342 -0.16594844 -0.88923763
v 0.39725366 -0.12584325 -0.90903961
v -0.31781347 0.28007778 -0.90584272
v -0.28222700 -0.29520225 -0.91279984
v 0.44473792 0.14284417 -0.88419666
v -0.40963399 0.11641748 -0.90479112
v 0.15284362 -0.20719737 -0.96628571
v -0.00429346 0.33258232 -0.94306446
v -0.38728290 -0.11675047 -0.91453884
v 0.55103503 0.06299821 -0.83210073
v -0.17822754 0.14992297 -0.97250092
v 0.04731057 -0.33310000 -0.94170383
v 0.26776581 0.31174987 -0.91165426
v -0.26924523 -0.01448865 -0.96296266
v 0.35025720 -0.14146072 -0.92590969
v 0.01260993 0.18477249 -0.98270042
v -0.19885776 -0.18130436 -0.96311179
v 0.25449491 0.04927405 -0.96581800
v -0.30294286 0.19272793 -0.93331751
v 0.08812533 -0.18407666 -0.97895337
v 0.15538916 0.37874429 -0.91236340
v -0.26237508 -0.03541641 -0.96431582
v 0.45520740 -0.15553378 -0.87669577
v -0.17363299 0.12310892 -0.97708535
v -0.13489484 -0.29636113 -0.94550170
v 0.18869688 0.07922951 -0.97883409
v -0.32344120 -0.04806080 -0.94502696
v 0.32770039 -0.24420620 -0.91267507
v 0.03681343 0.28342453 -0.95828769
v -0.15586787 -0.20514117 -0.96624133
v 0.29175953 -0.01197700 -0.95641671
v -0.31341475 0.17241437 -0.93383322
v -0.00483872 -0.30051078 -0.95376614
v 0.07257360 0.13165383 -0.98863560
v -0.15880107 0.00415314 -0.98730186
v 0.21979611 -0.05340537 -0.97408292
v -0.07366631 0.21753527 -0.97326856
v -0.05718554 -0.09599941 -0.99373735
v 0.09362615 0.04924017 -0.99438903
v -0.20030449 0.01605635 -0.97960212
v 0.04026155 -0.11335156 -0.99273885
v 0.08653228 0.27026473 -0.95888953
v -0.15220243 -0.10174325 -0.98309854
v 0.33840135 -0.06442376 -0.93879396
v -0.15553144 0.15890078 -0.97496693
v 0.04949476 -0.17911149 -0.98258300
v 0.04920372 0.03408830 -0.99820688
v -0.22287290 -0.00031234 -0.97484746
v 0.04972088 -0.03956190 -0.99797930
v -0.06497597 0.11260434 -0.99151318
v -0.01975941 -0.02699616 -0.99944023
v 0.06176109 0.02218885 -0.99784429
v -0.13540486 0.06628081 -0.98857088
v 0.00088987 -0.00496392 -0.99998728
v 0.04422865 0.14737406 -0.98809145
v -0.15409359 -0.05909526 -0.98628744
v -0.00015686 0.00003895 -0.99999999
v -0.04586617 0.04534716 -0.99791780
v -0.01518409 -0.04871484 -0.99869731
f 1570 1494 1392
f 2219 2533 2418
f 1910 2067 1923
f 1582 1574 1616
f 669 614 792
f 1494 1570 1646
f 1625 1646 1735
f 1311 984 1222
f 1264 1311 1222
f 1455 1311 1264
f 984 1311 1141
f 1222 984 1107
f 887 764 929
f 1324 1625 1426
f 1434 1625 1769
f 1434 1523 1565
f 1434 1426 1625
f 1392 1460 1557
f 1460 1303 1557
f 1557 1570 1392
f 1557 1303 1536
f 1557 1481 1570
f 1536 1481 1557
f 1528 1303 1460
f 1528 1337 1269
f 1324 1337 1528
f 1392 1324 1528
f 1528 1460 1392
f 1566 1545 1634
f 1634 1545 1409
f 668 681 592
f 2140 2098 2365
f 1755 1721 1988
f 1538 1674 1475
f 1407 1716 1415
f 1674 1716 1407
f 1415 1470 1407
f 1475 1674 1407
f 1407 1470 1475
f 1792 1593 1724
f 2143 2075 2219
f 1868 2101 2033
f 2101 1991 2033
f 2130 2067 1910
f 2075 2143 2130
f 2088 1991 2101
f 2075 2130 2088
f 2088 2130 1910
f 1572 1593 1661
f 1661 1504 1572
f 1661 1792 1682
f 1593 1792 1661
f 1580 1593 1572
f 1321 1389 1491
f 2777 2832 2916
f 2913 2811 2803
f 2934 2921 2947
f 2085 1941 1852
f 2132 2098 2140
f 2140 2365 2297
f 2297 2365 2310
f 2158 1870 1925
f 2991 2999 2994
f 2753 2842 2664
f 2567 2732 2562
f 2533 2444 2588
f 2431 2418 2651
f 2452 2418 2431
f 2523 2298 2379
f 2592 2702 2613
f 1659 1515 1761
f 1761 1481 1659
f 1570 1481 1761
f 1329 1515 1659
f 1659 1481 1329
f 1481 1350 1329
f 1350 1562 1329
f 1329 1562 1515
f 753 787 884
f 1020 884 1054
f 1829 1923 2067
f 1575 1740 1609
f 1363 1507 1368
f 1672 1533 1795
f 1672 1706 1533
f 1664 1706 1672
f 1672 1960 1664
f 1588 1643 1363
f 1363 1368 1588
f 1588 1478 1719
f 1787 1499 1643
f 1795 1533 1787
f 1533 1499 1787
f 1172 1185 1418
f 1418 1405 1604
f 616 561 582
f 1035 849 1158
f 802 849 1035
f 807 802 904
f 1925 1870 2048
f 2048 2006 1925
f 1574 1582 1773
f 1773 2048 1574
f 2043 1988 2111
f 2111 1988 1721
f 1776 1721 1755
f 1912 2001 1959
f 1148 1004 915
f 826 1004 1148
f 787 732 842
f 842 732 567
f 326 394 381
f 1216 813 1038
f 554 897 774
f 795 562 719
f 389 562 643
f 643 465 389
f 352 462 504
f 211 394 326
f 313 394 211
f 1871 1646 1905
f 1494 1646 1502
f 1502 1646 1625
f 1392 1494 1502
f 1502 1324 1392
f 1502 1625 1324
f 1688 1845 1790
f 1769 1625 1790
f 1625 1735 1790
f 1976 2052 2230
f 1976 2230 2018
f 1772 1518 1641
f 2005 1950 1853
f 1853 1832 2005
f 1895 1840 1882
f 2039 1840 2081
f 2081 1840 1895
f 2018 2209 2183
f 2183 1976 2018
f 1476 1264 1298
f 984 1141 1018
f 764 1107 921
f 1324 1426 1413
f 1128 1170 1335
f 1576 1720 1822
f 1464 1545 1566
f 1354 1545 1278
f 2150 2108 1904
f 1849 1773 1587
f 1587 1773 1582
f 1558 1579 1592
f 1592 1579 1812
f 1922 1998 1969
f 1867 1998 1943
f 1943 1998 1922
f 1948 1943 1922
f 1448 1579 1558
f 1689 1579 1448
f 618 681 461
f 770 660 940
f 694 660 783
f 783 592 694
f 618 660 694
f 419 576 466
f 466 542 419
f 516 542 597
f 597 542 762
f 940 660 707
f 707 660 618
f 707 495 516
f 618 639 707
f 639 495 707
f 644 589 563
f 631 589 644
f 686 597 762
f 673 597 686
f 1016 846 728
f 1079 846 1016
f 728 770 1037
f 1037 770 940
f 1037 1016 728
f 948 1016 1037
f 1393 1380 1359
f 1689 1448 1359
f 1079 1016 1134
f 1134 1016 1380
f 1304 1380 1393
f 1304 1134 1380
f 1249 1134 1304
f 1071 1249 1100
f 1325 1071 1100
f 1100 1291 1325
f 1249 1304 1100
f 1393 1291 1100
f 1100 1304 1393
f 901 1003 846
f 901 846 1079
f 1079 1249 901
f 901 1249 1071
f 828 1019 930
f 582 561 446
f 6 1 5
f 1475 1470 1483
f 2441 2509 2318
f 2153 1988 2043
f 1449 1551 1415
f 1415 1716 1449
f 1894 1750 1695
f 1847 1750 1894
f 1894 1792 1724
f 1936 1792 1894
f 1724 1716 1894
f 1716 1847 1894
f 1682 1792 2046
f 2127 1860 2030
f 2030 2004 2127
f 2106 1936 1907
f 2127 2004 1928
f 1881 2101 1868
f 1868 1677 1881
f 1813 1881 1677
f 1682 2046 1813
f 1813 2046 1834
f 1389 1504 1559
f 1559 1491 1389
f 2916 2832 2861
f 2829 2842 2850
f 2863 2829 2850
f 2926 2858 2947
f 2947 2921 2926
f 2926 2921 2913
f 2955 2934 2981
f 2947 2905 2973
f 2973 2934 2947
f 2753 2732 2821
f 2957 2991 2978
f 2996 2991 2957
f 2098 2132 1996
f 1996 2153 2098
f 1920 1797 1996
f 2085 1852 2064
f 2064 1996 2132
f 2064 1852 1920
f 1920 1996 2064
f 2441 2543 2344
f 2344 2509 2441
f 2166 2297 2310
f 2009 2365 2098
f 2009 2179 2365
f 2098 2153 2009
f 2289 2179 2302
f 2289 2302 2200
f 2289 2543 2441
f 2302 2179 2090
f 2593 2640 2742
f 2593 2742 2627
f 2677 2567 2622
f 2732 2567 2677
f 2732 2677 2766
f 2347 2402 2381
f 2590 2467 2556
f 2425 2328 2527
f 2753 2664 2698
f 2698 2732 2753
f 2562 2732 2698
f 2816 2664 2842
f 2842 2829 2816
f 2562 2698 2630
f 2630 2698 2664
f 2507 2418 2533
f 2533 2588 2507
f 2410 2588 2444
f 2342 2444 2533
f 2342 2533 2219
f 2617 2431 2651
f 2473 2431 2617
f 2617 2604 2473
f 2452 2431 2371
f 2371 2274 2452
f 2311 2523 2379
f 2612 2625 2549
f 2468 2392 2583
f 2468 2583 2536
f 2298 2523 2366
f 2408 2366 2544
f 2544 2366 2523
f 2612 2693 2701
f 2625 2557 2489
f 2489 2599 2625
f 2185 2274 2447
f 2447 2392 2185
f 2583 2392 2447
f 2383 2299 2252
f 2383 2307 2388
f 2252 2265 2383
f 2736 2812 2621
f 2485 2587 2574
f 2998 2999 2988
f 2988 2993 2998
f 2943 2930 2964
f 2956 2930 2943
f 2943 2964 2956
f 2956 2964 2969
f 2820 2846 2867
f 2710 2689 2778
f 2895 2793 2916
f 2916 2861 2895
f 2830 2673 2741
f 2822 2775 2898
f 2898 2856 2932
f 2932 2877 2898
f 2898 2877 2822
f 2864 2775 2822
f 2702 2592 2626
f 2654 2539 2463
f 2408 2429 2463
f 2327 2238 2149
f 2068 2128 2280
f 2382 2327 2162
f 2162 2327 2149
f 2319 2416 2382
f 2628 2497 2539
f 2628 2539 2654
f 1636 1670 1712
f 1848 1699 1801
f 1704 1636 1712
f 1704 1657 1890
f 1890 1738 1704
f 1712 1670 1403
f 2466 2636 2691
f 2691 2610 2466
f 2521 2377 2411
f 2526 2450 2369
f 2246 2450 2526
f 2194 2461 2474
f 2474 2461 2495
f 2715 2770 2660
f 2529 2610 2707
f 2741 2673 2644
f 2665 2529 2707
f 2500 2529 2665
f 2034 2068 2060
f 2060 2233 2170
f 2060 2068 2280
f 1583 1761 1515
f 1583 1740 1575
f 1515 1740 1583
f 1570 1761 1727
f 1905 1646 1727
f 1727 1646 1570
f 1727 1761 1884
f 1617 1562 1604
f 1515 1562 1617
f 1604 1405 1617
f 2015 1981 1952
f 2227 2083 1952
f 711 732 719
f 711 575 567
f 567 732 711
f 876 986 1143
f 1143 1172 1219
f 1342 1562 1350
f 1350 1316 1342
f 1604 1562 1342
f 2452 2274 2397
f 2219 2418 2363
f 2363 2418 2452
f 1842 1774 1664
f 1664 1960 1842
f 1850 1774 2020
f 1774 1842 2020
f 2020 1842 1960
f 1541 1706 1664
f 1664 1774 1541
f 1774 1609 1541
f 1939 1609 1774
f 1939 1774 1850
f 1939 1863 1575
f 1575 1609 1939
f 1939 1816 1863
f 1745 1711 1910
f 1910 1711 1889
f 1889 2088 1910
f 1991 2088 1889
f 1779 1677 1868
f 1868 2033 1779
f 1779 2033 1991
f 1991 1889 1779
f 1287 1368 1410
f 1423 1478 1512
f 1512 1520 1423
f 1753 1520 1512
f 1821 1672 1795
f 1795 1876 1821
f 1973 1960 1821
f 1960 1672 1821
f 1732 1588 1719
f 1643 1588 1732
f 1732 1787 1643
f 1923 1787 1732
f 1732 1745 1923
f 1478 1588 1376
f 1512 1478 1376
f 1546 1368 1287
f 1546 1588 1368
f 1287 1376 1546
f 1546 1376 1588
f 1923 1829 1808
f 1808 1787 1923
f 1795 1787 1808
f 1808 1876 1795
f 1829 1999 1808
f 1999 1876 1808
f 1020 1054 1206
f 1405 1418 1693
f 1693 1418 1596
f 1596 1541 1693
f 1693 1541 1609
f 1074 1158 1006
f 1006 1158 849
f 862 1006 849
f 917 1006 862
f 1137 1006 917
f 1074 1006 1137
f 1124 1158 1294
f 1035 1158 1281
f 1281 1158 1124
f 1281 1069 1035
f 896 807 972
f 896 862 849
f 849 802 896
f 802 807 896
f 1239 1286 1315
f 1341 1286 1239
f 930 1019 1040
f 880 791 982
f 982 901 880
f 1071 1058 880
f 880 901 1071
f 791 880 867
f 867 880 1058
f 1095 1286 1341
f 1341 1370 1095
f 1566 1697 1650
f 1650 1485 1566
f 1705 1485 1841
f 1705 1587 1582
f 1417 1527 1396
f 1417 1370 1341
f 1396 1370 1417
f 2040 2150 1917
f 2163 2150 2040
f 2129 2192 2163
f 2040 2184 2163
f 1501 1700 1637
f 1412 1328 1404
f 1412 1404 1446
f 1446 1514 1412
f 1637 1700 1713
f 1713 1700 1857
f 1459 1577 1548
f 1577 1522 1548
f 1666 1645 1459
f 1459 1548 1666
f 1666 1548 1522
f 1666 1391 1472
f 1522 1391 1666
f 1815 2048 1870
f 2006 2048 1896
f 2048 1773 1896
f 1878 2111 1721
f 1967 2111 1878
f 1933 1776 1831
f 1721 1776 1933
f 1755 1797 1865
f 1865 1776 1755
f 1959 2001 1993
f 1993 2001 1857
f 1857 1700 1993
f 2221 2111 1967
f 2077 1878 1954
f 1967 1878 2077
f 1857 2001 1836
f 2001 1912 1836
f 826 1148 873
f 873 1148 1025
f 873 839 826
f 397 562 389
f 499 614 669
f 376 423 444
f 622 507 376
f 813 1216 1012
f 1486 1376 1287
f 1512 1376 1486
f 1143 986 999
f 999 884 1020
f 999 986 884
f 753 884 973
f 884 986 973
f 719 732 698
f 698 795 719
f 651 897 554
f 554 643 651
f 651 677 897
f 795 677 651
f 562 795 651
f 651 643 562
f 685 863 850
f 850 863 596
f 473 520 431
f 465 643 473
f 693 520 727
f 693 528 431
f 431 520 693
f 289 438 315
f 747 535 561
f 1357 1454 1577
f 5 1 9
f 1 17 9
f 674 771 805
f 745 894 881
f 881 894 813
f 826 839 784
f 1038 813 936
f 813 894 936
f 745 792 779
f 792 627 779
f 352 242 441
f 441 462 352
f 200 255 187
f 187 234 200
f 187 263 234
f 593 504 462
f 449 572 593
f 313 211 258
f 292 394 313
f 352 305 373
f 373 305 394
f 394 292 373
f 1824 1871 1782
f 1646 1871 1824
f 1782 1735 1824
f 1824 1735 1646
f 1782 1871 1900
f 1905 1994 1837
f 1714 1790 1735
f 1735 1803 1714
f 1908 1832 2086
f 1908 2183 2209
f 2086 1976 1908
f 1976 2183 1908
f 1997 2005 1908
f 1908 2005 1832
f 1989 1879 1866
f 1866 1879 1845
f 1866 1845 1688
f 1989 2057 2201
f 2201 2052 1989
f 2201 2222 2052
f 2243 2222 2201
f 2201 2031 2243
f 2201 2057 2031
f 1942 1879 1989
f 1989 2052 1942
f 2052 1976 1942
f 1942 1976 2086
f 1916 1785 1764
f 1764 1882 1916
f 1895 1882 1764
f 1615 1785 1916
f 1471 1463 1382
f 1518 1463 1471
f 1518 1772 1560
f 1560 1463 1518
f 1696 1764 1798
f 1895 1764 1696
f 1950 2005 1696
f 1696 1654 1950
f 1861 2005 1997
f 1895 1696 1861
f 1861 1696 2005
f 1929 2081 1895
f 1895 1861 1929
f 2149 2238 2094
f 2094 2162 2149
f 1455 1264 1400
f 1264 1476 1400
f 1366 1196 1455
f 1455 1400 1366
f 1416 1471 1382
f 1675 1471 1416
f 1416 1366 1675
f 1188 1311 1455
f 1455 1196 1188
f 1188 1141 1311
f 1798 1764 1751
f 1751 1696 1798
f 1654 1696 1751
f 1853 1950 1963
f 1950 1654 1963
f 1081 1251 1204
f 942 971 853
f 1039 1107 984
f 984 1018 1039
f 1039 921 1107
f 1010 1018 1141
f 426 384 557
f 269 201 261
f 1319 1264 1222
f 1222 1230 1319
f 1319 1230 1264
f 1031 900 1044
f 1298 1264 1209
f 1264 1230 1209
f 764 887 963
f 887 824 963
f 1175 1230 963
f 963 824 790
f 963 1230 1222
f 1222 1107 963
f 963 1107 764
f 578 654 730
f 544 654 578
f 620 531 544
f 544 578 620
f 790 824 845
f 845 824 887
f 557 384 460
f 1044 900 1125
f 900 1099 1125
f 1125 1099 1154
f 735 748 1023
f 790 845 735
f 1371 1337 1324
f 1324 1413 1371
f 1269 1337 1371
f 1180 1413 1167
f 1379 1413 1426
f 1379 1434 1565
f 1426 1434 1379
f 1487 1547 1665
f 1500 1547 1487
f 1665 1492 1487
f 1699 1848 1903
f 1903 1848 1869
f 1919 1856 2131
f 1102 1034 1094
f 1128 1335 1102
f 1013 1259 1123
f 665 835 775
f 890 835 665
f 649 704 725
f 725 704 526
f 526 704 767
f 746 945 767
f 767 704 746
f 704 649 746
f 945 937 877
f 1144 974 1076
f 1076 1233 1144
f 1144 1233 1165
f 1356 1432 1309
f 2032 1948 2037
f 2084 1856 1919
f 1694 1550 1626
f 1278 1545 1443
f 1545 1464 1443
f 1477 1354 1320
f 1320 1354 1278
f 1278 1147 1320
f 1794 1904 1849
f 1849 1587 1794
f 1587 1705 1794
f 1849 1904 1972
f 1972 1904 2108
f 2108 1896 1972
f 1972 1773 1849
f 1972 1896 1773
f 1854 1909 1799
f 1867 1909 1854
f 2011 2142 1867
f 1867 2142 2024
f 1663 1833 1621
f 1655 1634 1409
f 1655 1684 1697
f 1655 1697 1566
f 1566 1634 1655
f 1393 1359 1524
f 1524 1359 1448
f 1477 1320 1456
f 1456 1320 1147
f 1409 1545 1435
f 1545 1354 1435
f 1880 1592 1812
f 1812 1969 1880
f 1880 1969 1998
f 1684 1744 1710
f 1697 1684 1710
f 1710 1650 1697
f 1710 1875 1650
f 1985 1676 1820
f 1935 1969 1914
f 1914 2037 1935
f 1935 2037 1948
f 1922 1969 2100
f 2100 1948 1922
f 1969 1935 2100
f 2100 1935 1948
f 1990 1948 2032
f 1943 1948 1990
f 1867 1943 1990
f 1990 2011 1867
f 453 461 474
f 453 639 618
f 618 461 453
f 605 461 681
f 605 681 668
f 668 550 605
f 783 660 893
f 660 770 893
f 893 770 728
f 626 592 681
f 626 694 592
f 626 681 618
f 618 694 626
f 576 419 330
f 165 186 199
f 474 461 385
f 474 385 364
f 283 194 228
f 652 597 673
f 673 707 652
f 741 589 631
f 741 788 762
f 466 576 521
f 576 589 521
f 589 741 521
f 521 741 762
f 762 542 521
f 521 542 466
f 1055 1165 1220
f 1055 1144 1165
f 1000 835 1076
f 1076 974 1000
f 775 835 1000
f 1000 974 775
f 775 974 754
f 1173 1228 1503
f 1380 1016 1181
f 1181 1016 948
f 1236 1338 1228
f 1168 1249 1079
f 1079 1134 1168
f 1168 1134 1249
f 982 715 749
f 749 901 982
f 1003 901 749
f 846 1003 749
f 728 846 749
f 749 893 728
f 715 893 749
f 982 791 872
f 872 715 982
f 791 689 872
f 757 592 872
f 872 689 757
f 684 553 608
f 459 446 514
f 972 807 836
f 836 684 972
f 553 684 836
f 1019 828 833
f 773 828 930
f 930 765 773
f 765 684 710
f 828 773 710
f 710 773 765
f 273 438 289
f 289 328 273
f 5 13 8
f 8 6 5
f 27 8 3
f 6 8 27
f 620 751 696
f 743 730 929
f 578 730 743
f 620 578 743
f 929 764 798
f 764 921 798
f 785 1039 942
f 921 1039 785
f 942 853 785
f 785 798 921
f 2488 2318 2509
f 2310 2365 2488
f 2365 2318 2488
f 2365 2179 2187
f 2187 2318 2365
f 2441 2318 2187
f 2187 2289 2441
f 2179 2289 2187
f 1695 1750 1805
f 1784 1852 1818
f 1475 1483 1517
f 1525 1292 1457
f 1457 1389 1525
f 1457 1504 1389
f 1572 1504 1457
f 1457 1292 1572
f 1428 1580 1436
f 1436 1580 1572
f 1572 1292 1436
f 1025 1148 1195
f 1593 1580 1606
f 1606 1449 1716
f 1606 1716 1724
f 1724 1593 1606
f 1606 1580 1428
f 1428 1258 1606
f 1606 1258 1551
f 1551 1449 1606
f 1737 1750 1847
f 1674 1538 1737
f 1538 1805 1737
f 1737 1805 1750
f 1737 1716 1674
f 1737 1847 1716
f 1826 1792 1936
f 1826 2046 1792
f 1826 1936 2106
f 2106 2046 1826
f 2051 1860 1886
f 1886 1941 2051
f 2051 1941 2195
f 2195 2305 2038
f 2038 2051 2195
f 2004 2051 2038
f 1962 1907 1771
f 1771 1907 1936
f 1771 1894 1695
f 1936 1894 1771
f 1839 1860 2127
f 2127 1928 1839
f 1839 1771 1695
f 1839 1928 1962
f 1962 1771 1839
f 1695 1805 1839
f 1839 1805 1860
f 2148 1928 2004
f 2004 2038 2148
f 1957 1978 2101
f 2101 1881 1957
f 1957 1881 1915
f 1949 1957 1915
f 1682 1813 1648
f 1677 1601 1648
f 1648 1813 1677
f 1915 1881 1970
f 1881 1813 1970
f 1970 1949 1915
f 1970 1813 1834
f 1834 1949 1970
f 1504 1601 1635
f 2937 2945 2874
f 2832 2879 2866
f 2913 2921 2845
f 2845 2811 2913
f 2845 2879 2811
f 2921 2866 2845
f 2845 2866 2879
f 2528 2604 2536
f 2473 2604 2528
f 2536 2583 2528
f 2583 2447 2528
f 2740 2659 2664
f 2748 2604 2575
f 2604 2617 2575
f 2693 2735 2824
f 2824 2701 2693
f 2803 2701 2824
f 2855 2800 2847
f 2779 2800 2855
f 2947 2858 2897
f 2897 2905 2947
f 2829 2863 2884
f 2884 2897 2858
f 2863 2897 2884
f 2902 2855 2847
f 2910 2855 2902
f 2984 2963 2997
f 2808 2821 2732
f 2954 2933 2886
f 2868 2902 2847
f 2242 1941 2085
f 2085 2072 2242
f 2195 1941 2242
f 1988 2153 2056
f 2153 1996 2056
f 2056 1996 1797
f 1755 1988 2056
f 2056 1797 1755
f 2174 2064 2132
f 2174 2132 2140
f 2140 2072 2174
f 2433 2509 2407
f 2509 2344 2407
f 2407 2420 2433
f 2250 2242 2072
f 2140 2297 2250
f 2250 2072 2140
f 2496 2488 2509
f 2496 2572 2598
f 2593 2598 2577
f 2598 2572 2577
f 2577 2640 2593
f 2577 2564 2640
f 2585 2598 2593
f 2585 2606 2598
f 2347 2381 2373
f 2373 2381 2292
f 2543 2289 2522
f 2522 2289 2200
f 2179 2009 2208
f 2208 2090 2179
f 2043 2090 2208
f 2208 2153 2043
f 2208 2009 2153
f 2687 2734 2674
f 2640 2564 2708
f 2619 2734 2839
f 2674 2734 2619
f 2619 2708 2564
f 2475 2344 2543
f 2543 2420 2475
f 2475 2407 2344
f 2420 2407 2475
f 2653 2420 2543
f 2839 2734 2776
f 2839 2784 2818
f 2818 2619 2839
f 2708 2619 2818
f 2729 2627 2682
f 2682 2627 2742
f 2826 2834 2813
f 2719 2808 2732
f 2779 2808 2719
f 2284 2402 2347
f 2711 2766 2677
f 1938 2192 2006
f 2006 1896 1938
f 1938 1896 2108
f 1938 2163 2192
f 1938 2108 2150
f 2150 2163 1938
f 2362 2192 2129
f 1925 2006 1980
f 2006 2192 1980
f 1980 2158 1925
f 2158 1980 2205
f 2205 1980 2192
f 2412 2378 2590
f 2590 2556 2412
f 2412 2556 2632
f 2632 2653 2412
f 2412 2653 2543
f 2543 2522 2412
f 2412 2522 2378
f 2446 2425 2315
f 2590 2378 2480
f 2378 2522 2480
f 2480 2522 2399
f 2145 2357 2323
f 2357 2399 2323
f 2774 2816 2829
f 2651 2418 2643
f 2562 2630 2643
f 2664 2659 2554
f 2554 2630 2664
f 2596 2567 2562
f 2562 2507 2596
f 2596 2507 2588
f 2219 2075 2279
f 2279 2342 2219
f 2486 2431 2473
f 2486 2371 2431
f 2570 2591 2460
f 2235 2324 2345
f 2345 2277 2235
f 2235 2277 2188
f 2277 2133 2188
f 2379 2133 2332
f 2332 2133 2277
f 2646 2604 2748
f 2748 2735 2646
f 2646 2735 2693
f 2646 2693 2612
f 2612 2549 2646
f 2185 2392 2329
f 2392 2468 2329
f 2416 2319 2264
f 2387 2429 2408
f 2408 2544 2387
f 2510 2544 2523
f 2743 2654 2531
f 2743 2751 2654
f 2667 2557 2625
f 2625 2599 2481
f 2599 2591 2481
f 2481 2591 2570
f 2481 2549 2625
f 2570 2549 2481
f 2476 2434 2565
f 2311 2434 2476
f 2565 2510 2476
f 2523 2311 2476
f 2476 2510 2523
f 2358 2434 2311
f 2358 2332 2277
f 2358 2311 2379
f 2379 2332 2358
f 2599 2489 2502
f 2565 2434 2502
f 2502 2489 2565
f 2527 2519 2561
f 2519 2506 2561
f 2561 2506 2574
f 2574 2731 2561
f 2527 2328 2472
f 2472 2519 2527
f 2252 2299 2294
f 2299 2506 2294
f 2294 2506 2519
f 2294 2265 2252
f 2294 2184 2265
f 2755 2781 2721
f 2666 2556 2747
f 2747 2467 2569
f 2747 2556 2467
f 2548 2425 2527
f 2899 2823 2810
f 2810 2844 2899
f 2823 2844 2810
f 2865 2823 2713
f 2865 2844 2823
f 2713 2721 2865
f 2736 2621 2676
f 2676 2681 2736
f 2647 2681 2676
f 2676 2532 2647
f 2765 2621 2812
f 2765 2812 2820
f 2710 2587 2744
f 2744 2689 2710
f 2744 2697 2689
f 2600 2676 2621
f 2574 2587 2684
f 2684 2731 2574
f 2760 2658 2726
f 2658 2705 2726
f 2993 2988 2980
f 2977 2993 2980
f 2977 2959 2972
f 2917 2964 2930
f 2786 2778 2689
f 2786 2765 2820
f 2689 2765 2786
f 2875 2778 2799
f 2778 2786 2799
f 2820 2867 2799
f 2799 2786 2820
f 2710 2778 2854
f 2854 2778 2875
f 2731 2684 2718
f 2710 2854 2718
f 2718 2854 2862
f 2718 2587 2710
f 2718 2684 2587
f 2649 2670 2581
f 2772 2670 2649
f 2725 2670 2772
f 2848 2874 2945
f 2861 2874 2848
f 2848 2895 2861
f 2848 2869 2895
f 2911 2856 2738
f 2932 2856 2911
f 2738 2725 2827
f 2793 2895 2827
f 2827 2725 2793
f 2948 2940 2885
f 2969 2940 2948
f 2948 2956 2969
f 2977 2956 2948
f 2647 2532 2566
f 2566 2532 2270
f 2736 2681 2579
f 2613 2804 2579
f 2579 2681 2613
f 2890 2877 2932
f 2932 2903 2890
f 2924 2945 2937
f 2715 2720 2817
f 2817 2720 2838
f 2783 2830 2843
f 2843 2830 2775
f 2843 2720 2783
f 2838 2720 2843
f 2775 2864 2843
f 2872 2906 2885
f 2885 2940 2872
f 2872 2864 2906
f 2838 2843 2872
f 2872 2843 2864
f 2767 2898 2775
f 2775 2809 2767
f 2733 2856 2767
f 2856 2898 2767
f 2919 2864 2822
f 2906 2864 2919
f 2822 2877 2919
f 2728 2812 2736
f 2728 2791 2901
f 2762 2791 2728
f 2927 2940 2969
f 2927 2872 2940
f 2935 2964 2833
f 2969 2964 2935
f 2382 2416 2518
f 2361 2497 2547
f 2547 2458 2361
f 2382 2518 2361
f 2361 2518 2497
f 2374 2327 2382
f 2382 2361 2374
f 2102 2068 2034
f 2128 2068 2102
f 2191 2314 2348
f 2280 2314 2191
f 2191 2060 2280
f 2233 2060 2191
f 2120 2319 2285
f 2285 2094 2120
f 2120 2264 2319
f 2120 2209 2018
f 2120 2094 2209
f 2772 2649 2696
f 2696 2649 2683
f 2654 2751 2662
f 1801 1699 1589
f 1589 1636 1801
f 1767 1848 1801
f 1801 1636 1767
f 1767 1704 1738
f 1636 1704 1767
f 1505 1136 1369
f 1505 1369 1539
f 2581 2759 2746
f 2746 2759 2636
f 2746 2602 2581
f 2636 2602 2746
f 2788 2759 2699
f 2733 2788 2699
f 2610 2691 2555
f 2335 2411 2390
f 2411 2377 2390
f 2445 2521 2411
f 2466 2610 2445
f 2610 2521 2445
f 2445 2589 2466
f 2348 2589 2445
f 2445 2191 2348
f 2411 2191 2445
f 2534 2471 2602
f 2534 2602 2636
f 2534 2589 2348
f 2348 2471 2534
f 2534 2636 2466
f 2466 2589 2534
f 2424 2471 2568
f 2369 2424 2568
f 2568 2526 2369
f 2568 2471 2348
f 2246 2526 2568
f 2568 2314 2246
f 2348 2314 2568
f 2602 2471 2615
f 2615 2471 2424
f 2683 2649 2615
f 2364 2432 2288
f 2356 2390 2377
f 2356 2521 2479
f 2377 2521 2356
f 2296 2089 2254
f 2254 2089 2309
f 2228 2254 2309
f 2228 2029 2110
f 2110 2254 2228
f 2317 2474 2283
f 2317 2194 2474
f 2309 2194 2317
f 2317 2228 2309
f 2571 2495 2461
f 2639 2516 2550
f 2550 2660 2639
f 2283 2474 2385
f 2474 2495 2385
f 2385 2495 2516
f 2516 2427 2385
f 2605 2427 2516
f 2605 2516 2639
f 2427 2605 2482
f 2694 2720 2715
f 2720 2694 2754
f 2783 2720 2754
f 2754 2830 2783
f 2673 2830 2754
f 2639 2660 2757
f 2757 2660 2770
f 2757 2626 2639
f 2702 2626 2757
f 2613 2702 2757
f 2757 2804 2613
f 2757 2770 2804
f 2440 2500 2508
f 2440 2419 2500
f 2461 2419 2440
f 2508 2571 2440
f 2440 2571 2461
f 2461 2194 2322
f 2322 2288 2275
f 2500 2419 2487
f 2487 2529 2500
f 2610 2529 2487
f 2563 2644 2673
f 2673 2665 2563
f 2563 2665 2707
f 1890 1814 2047
f 2026 1814 1890
f 2034 2060 2013
f 2013 2026 2034
f 1814 2026 2013
f 2055 2047 2013
f 2013 2047 1814
f 2170 2233 2301
f 2301 2411 2335
f 2301 2191 2411
f 2233 2191 2301
f 1822 1720 1678
f 1575 1863 1748
f 1748 1583 1575
f 1748 1863 1884
f 1884 1761 1748
f 1761 1583 1748
f 2002 1727 1884
f 2002 1816 1994
f 2002 1994 1905
f 1905 1727 2002
f 1638 1617 1405
f 1638 1740 1515
f 1515 1617 1638
f 1884 1863 1918
f 1863 1816 1918
f 1918 2002 1884
f 1816 2002 1918
f 2015 1952 2117
f 2117 1952 2083
f 2083 2049 2117
f 740 769 646
f 646 528 740
f 646 418 528
f 1214 1193 1269
f 1248 1371 1413
f 871 863 685
f 1070 1138 960
f 918 1070 960
f 876 1070 918
f 1473 1481 1536
f 1473 1350 1481
f 1447 1316 1350
f 1447 1070 1316
f 1138 1070 1447
f 1269 1193 1261
f 1193 1138 1261
f 1431 1418 1604
f 1604 1342 1431
f 1172 1418 1431
f 2287 2130 2143
f 1897 1829 2067
f 1897 1999 1829
f 1897 1876 1999
f 2308 2054 2164
f 2007 2020 2109
f 1850 2020 2007
f 2104 1939 1850
f 1816 1939 2104
f 2104 1981 2015
f 2015 2117 2104
f 2104 2117 1816
f 1850 2007 2104
f 2104 2007 1981
f 1719 1753 1855
f 1855 1732 1719
f 1745 1732 1855
f 1910 1923 1766
f 1766 1745 1910
f 1923 1745 1766
f 1164 1368 1507
f 1164 1410 1368
f 1397 1300 1452
f 1300 1211 1452
f 1478 1423 1444
f 1444 1423 1520
f 1719 1478 1444
f 1444 1753 1719
f 1520 1753 1444
f 1355 1300 1397
f 1397 1253 1355
f 1274 1172 1143
f 1274 1185 1172
f 1405 1693 1549
f 1549 1638 1405
f 1740 1638 1549
f 1549 1609 1740
f 1549 1693 1609
f 1611 1865 1556
f 917 862 883
f 883 896 972
f 862 896 883
f 1315 1286 1163
f 1163 1137 1315
f 1074 1137 1163
f 1163 1095 1074
f 1404 1328 1273
f 1273 1370 1425
f 1074 1095 1273
f 1273 1095 1370
f 1103 1069 1349
f 1069 1281 1349
f 1124 1328 1349
f 1349 1281 1124
f 1349 1412 1472
f 1328 1412 1349
f 1108 1087 1244
f 930 1040 938
f 938 917 930
f 938 1137 917
f 778 1053 752
f 1011 1210 1024
f 1197 1032 1024
f 2265 2184 2095
f 1841 1485 1752
f 1485 1650 1752
f 1752 1875 1841
f 1650 1875 1752
f 1451 1561 1527
f 1307 1485 1383
f 1658 1501 1679
f 1700 1501 1658
f 1658 1993 1700
f 1739 1993 1658
f 1472 1412 1590
f 1590 1412 1514
f 1590 1514 1679
f 1739 1815 2082
f 2082 1993 1739
f 2116 1993 2082
f 2082 1815 1870
f 1870 1946 2082
f 2082 1946 2116
f 1883 1815 1739
f 1883 1760 1574
f 1574 2048 1883
f 2048 1815 1883
f 1870 2158 2069
f 2069 1946 1870
f 2116 1946 2035
f 1959 1993 2035
f 2035 1993 2116
f 1946 2069 2035
f 2035 2069 2281
f 1954 1878 1891
f 1891 1878 1721
f 1891 1802 1954
f 1721 1802 1891
f 1831 1776 1742
f 1776 1865 1742
f 1742 1577 1459
f 2200 2302 2276
f 2276 2234 2200
f 2276 2221 2234
f 2111 2221 2276
f 2043 2111 2276
f 2276 2090 2043
f 2302 2090 2276
f 2234 2221 2103
f 2103 2221 1967
f 1912 2077 2022
f 1857 1836 2022
f 2022 1836 1912
f 1967 2077 2014
f 2014 2077 1912
f 326 381 266
f 635 499 601
f 601 499 669
f 669 567 601
f 567 575 601
f 614 368 588
f 478 381 559
f 559 368 478
f 559 588 368
f 614 588 559
f 376 444 546
f 546 622 376
f 635 622 546
f 478 368 410
f 410 444 478
f 368 444 410
f 719 562 609
f 507 622 609
f 562 397 609
f 609 397 507
f 1334 1292 1525
f 1347 1292 1334
f 1334 1114 1347
f 1038 1347 1135
f 1347 1114 1135
f 1101 1135 1114
f 1101 1216 1038
f 1038 1135 1101
f 1177 1190 1203
f 970 978 944
f 923 978 970
f 970 1182 923
f 813 1012 970
f 1012 1182 970
f 991 944 889
f 991 970 944
f 991 792 745
f 745 881 991
f 991 881 813
f 813 970 991
f 1041 766 889
f 787 842 1041
f 889 944 1033
f 944 1177 1033
f 1313 1203 1198
f 1198 1410 1313
f 1287 1410 1198
f 1198 1486 1287
f 1402 1203 1321
f 1321 1512 1402
f 1512 1486 1402
f 1402 1198 1203
f 1486 1198 1402
f 1020 1206 1096
f 1206 1274 1096
f 1096 1274 1143
f 664 677 795
f 753 973 664
f 664 973 677
f 800 732 787
f 800 698 732
f 389 465 452
f 371 418 481
f 481 646 384
f 418 646 481
f 431 528 494
f 528 418 494
f 549 863 740
f 596 863 549
f 740 528 549
f 528 596 549
f 774 850 604
f 604 850 596
f 604 596 727
f 554 774 604
f 727 520 604
f 520 473 630
f 554 604 630
f 630 604 520
f 630 643 554
f 630 473 643
f 617 693 727
f 528 693 617
f 727 596 617
f 617 596 528
f 179 328 289
f 179 137 328
f 535 603 493
f 603 370 493
f 645 747 561
f 535 747 522
f 1577 1454 1247
f 1247 1522 1577
f 1247 1454 1302
f 1336 1391 1247
f 1247 1391 1522
f 1302 1454 1289
f 1454 1357 1289
f 1420 1289 1344
f 1344 1289 1357
f 1323 1611 1352
f 1352 1344 1323
f 674 805 729
f 729 784 674
f 826 784 729
f 729 1004 826
f 729 805 1004
f 1025 936 860
f 860 873 1025
f 839 873 860
f 894 839 860
f 860 936 894
f 716 771 674
f 674 784 716
f 703 784 839
f 758 640 703
f 703 716 784
f 640 716 703
f 394 305 360
f 360 402 394
f 572 491 517
f 517 491 525
f 627 491 496
f 496 491 572
f 475 501 666
f 276 208 195
f 250 441 242
f 250 263 357
f 708 653 632
f 483 585 462
f 462 441 483
f 213 187 255
f 213 179 289
f 289 315 213
f 213 315 336
f 357 263 344
f 263 187 344
f 462 585 648
f 648 593 462
f 449 593 648
f 156 258 190
f 156 161 313
f 313 258 156
f 96 83 109
f 88 33 20
f 96 33 88
f 140 318 174
f 174 169 140
f 161 169 174
f 313 161 174
f 174 292 313
f 284 373 292
f 352 373 284
f 284 242 352
f 284 318 242
f 127 114 106
f 135 67 80
f 80 67 106
f 106 114 80
f 106 98 182
f 182 127 106
f 1620 1434 1769
f 1769 1468 1620
f 1523 1434 1620
f 1769 1790 1633
f 1633 1468 1769
f 1633 1790 1845
f 1667 1468 1633
f 1442 1332 1612
f 1688 1790 1680
f 1790 1714 1680
f 1680 1803 1688
f 1680 1714 1803
f 1782 1900 1858
f 1858 1900 2023
f 1858 1735 1782
f 1858 1803 1735
f 1858 2044 1803
f 1845 1879 1709
f 1709 1756 1845
f 2031 2057 2065
f 2065 1866 1688
f 2065 2057 1989
f 1989 1866 2065
f 2052 2222 2175
f 2175 2222 2243
f 1921 1942 2086
f 2086 1832 1921
f 1785 1615 1827
f 1641 1615 1759
f 1759 1615 1916
f 1641 1971 1793
f 1793 1971 1924
f 1793 1772 1641
f 1793 1628 1772
f 1657 1628 1793
f 1924 2026 1793
f 1890 1657 1793
f 1793 2026 1890
f 1874 1882 1840
f 1916 1882 1874
f 1874 1759 1916
f 1874 1971 1641
f 1641 1759 1874
f 1568 1704 1712
f 1657 1704 1568
f 1539 1560 1594
f 1594 1560 1772
f 1594 1568 1712
f 1712 1403 1594
f 1997 1908 1984
f 1984 1908 2209
f 1984 1861 1997
f 1984 1929 1861
f 2238 1929 2073
f 2073 2094 2238
f 2209 2094 2073
f 2073 1984 2209
f 1929 1984 2073
f 2196 2094 2285
f 2162 2094 2196
f 2382 2162 2196
f 2196 2319 2382
f 2285 2319 2196
f 2081 1929 2259
f 2259 1929 2238
f 2246 2314 2306
f 2280 2128 2306
f 2306 2314 2280
f 2204 2306 2136
f 2204 2458 2369
f 2369 2450 2204
f 2204 2450 2246
f 2246 2306 2204
f 1408 1400 1476
f 1408 1366 1400
f 1196 1366 1353
f 1366 1416 1353
f 1251 1217 1395
f 1348 1369 1395
f 1395 1369 1251
f 1348 1437 1484
f 1463 1560 1484
f 1683 1764 1785
f 1683 1751 1764
f 1683 1471 1675
f 1238 1217 1005
f 997 1251 1081
f 997 1217 1251
f 971 1005 997
f 997 1005 1217
f 1293 1170 1128
f 1293 1136 1170
f 1251 1369 1361
f 1369 1136 1361
f 1136 1293 1361
f 806 853 751
f 806 785 853
f 942 1039 1065
f 1065 1039 1018
f 1018 1010 1065
f 1052 1005 971
f 384 426 447
f 447 426 324
f 447 481 384
f 371 481 447
f 324 426 290
f 290 201 324
f 557 460 599
f 167 256 175
f 175 78 167
f 1057 1031 1044
f 934 1023 900
f 900 1031 934
f 790 735 934
f 934 735 1023
f 934 963 790
f 934 1031 1175
f 1175 963 934
f 1277 1230 1175
f 1277 1209 1230
f 1175 1031 1277
f 819 730 654
f 819 845 887
f 819 887 929
f 929 730 819
f 1154 1099 989
f 989 1201 1154
f 1180 1201 989
f 1078 989 968
f 968 989 1099
f 981 1099 900
f 900 1023 981
f 1023 748 981
f 1290 1332 1358
f 1421 1332 1442
f 1421 1442 1298
f 1298 1209 1421
f 1421 1209 1146
f 1146 1332 1421
f 688 599 659
f 659 599 460
f 701 659 460
f 777 735 845
f 845 819 777
f 1049 1201 1180
f 1180 1167 1049
f 1049 1167 1201
f 1159 1167 1413
f 1413 1379 1159
f 1201 1167 1159
f 1290 1358 1159
f 306 348 183
f 251 306 183
f 49 33 96
f 75 49 96
f 15 49 75
f 7 4 20
f 17 4 7
f 15 2 7
f 7 9 17
f 5 9 7
f 1466 1547 1500
f 1500 1424 1466
f 1123 1259 1314
f 1314 1089 1123
f 2021 1903 1992
f 1992 1903 1869
f 2144 1945 2199
f 2144 2131 2021
f 2097 2131 2144
f 2063 2131 2097
f 1335 1458 1225
f 1534 1403 1670
f 1534 1505 1403
f 1183 1335 1170
f 1183 1458 1335
f 1183 1534 1458
f 1505 1534 1183
f 1170 1136 1183
f 1136 1505 1183
f 924 1034 1191
f 1034 1102 1191
f 1128 1102 1157
f 1157 1102 1094
f 1157 1204 1128
f 1094 1204 1157
f 1094 1034 903
f 903 1060 1094
f 903 882 1060
f 903 1034 717
f 717 848 903
f 848 882 903
f 992 1204 1094
f 1094 1060 992
f 1081 1204 992
f 992 916 1081
f 992 1060 916
f 1068 1034 924
f 1068 746 1034
f 937 1068 966
f 966 1068 924
f 1500 1487 1555
f 1555 1487 1492
f 615 492 319
f 725 526 539
f 657 665 775
f 945 869 843
f 767 945 843
f 479 581 636
f 581 526 636
f 759 746 649
f 759 848 717
f 717 1034 759
f 1034 746 759
f 759 649 725
f 822 869 945
f 945 877 822
f 890 869 822
f 1288 1280 979
f 1076 835 979
f 979 1233 1076
f 1356 1165 979
f 1165 1233 979
f 911 835 890
f 911 979 835
f 1288 979 911
f 1047 1280 1288
f 1123 1089 1047
f 1089 1314 1301
f 1254 1377 1301
f 1301 1377 1280
f 1301 1047 1089
f 1280 1047 1301
f 1301 1424 1254
f 1301 1314 1424
f 1296 1576 1330
f 1859 2037 1914
f 1914 1969 1859
f 2071 1859 1901
f 2037 1859 2071
f 2210 2168 2346
f 1966 1796 1822
f 1626 1639 1817
f 1398 1343 1372
f 1822 1796 1754
f 1754 1576 1822
f 1330 1576 1754
f 1754 1495 1330
f 1385 1296 1330
f 1309 1296 1385
f 1618 1495 1516
f 1330 1495 1618
f 1469 1338 1414
f 1503 1228 1469
f 1228 1338 1469
f 1846 1579 1689
f 1749 1791 1770
f 1189 1443 1464
f 1765 1705 1841
f 1765 1794 1705
f 1977 1990 2032
f 2011 1990 1977
f 2176 2375 2396
f 2176 2210 2346
f 2032 2210 2176
f 2176 1977 2032
f 1888 2155 2087
f 2024 2155 1888
f 1888 1909 1867
f 1867 2024 1888
f 1828 1744 1930
f 1828 2053 1786
f 1828 1956 2053
f 1930 1956 1828
f 1718 1744 1684
f 1833 1663 1718
f 1718 1663 1799
f 1930 1744 1718
f 1799 1909 1718
f 1909 1930 1718
f 2053 1956 2019
f 2019 2197 2040
f 2040 1917 2019
f 2019 1917 2053
f 2074 1930 1909
f 2074 1956 1930
f 1909 1888 2074
f 2087 1956 2074
f 2074 1888 2087
f 1731 1663 1621
f 1684 1655 1642
f 1642 1718 1684
f 1833 1718 1642
f 1621 1757 1778
f 1778 1731 1621
f 1558 1592 1778
f 1778 1757 1558
f 1422 1448 1558
f 1422 1524 1448
f 1498 1757 1511
f 1592 1880 1723
f 1723 1880 1998
f 1723 1998 1867
f 1867 1854 1723
f 1951 1985 1820
f 1951 1820 1786
f 1951 1917 2150
f 1786 2053 1951
f 2053 1917 1951
f 2150 1904 1951
f 1904 1985 1951
f 1676 1985 1862
f 1794 1765 1862
f 1904 1794 1862
f 1862 1985 1904
f 1862 1765 1841
f 1841 1875 1862
f 1862 1875 1676
f 508 453 474
f 419 453 508
f 529 542 516
f 516 495 529
f 529 419 542
f 529 453 419
f 529 495 639
f 639 453 529
f 406 605 550
f 461 605 406
f 406 550 668
f 668 634 406
f 398 330 296
f 199 186 296
f 157 251 136
f 325 406 359
f 359 406 634
f 825 778 723
f 233 89 170
f 68 157 170
f 131 301 186
f 131 89 233
f 233 301 131
f 440 406 325
f 440 385 461
f 461 406 440
f 249 364 228
f 249 194 199
f 228 194 249
f 351 330 419
f 474 364 351
f 364 249 351
f 351 508 474
f 419 508 351
f 351 249 199
f 199 296 351
f 351 296 330
f 241 364 385
f 228 364 241
f 241 283 228
f 275 194 288
f 199 194 275
f 288 165 275
f 275 165 199
f 257 241 317
f 283 241 257
f 207 257 173
f 283 257 207
f 571 707 516
f 516 597 571
f 445 343 335
f 398 343 445
f 563 589 445
f 445 589 576
f 445 330 398
f 576 330 445
f 1372 1351 1275
f 1097 1186 1275
f 1275 1398 1372
f 1186 1398 1275
f 1008 1160 1021
f 1021 1160 1118
f 775 754 885
f 859 1037 940
f 948 1037 906
f 1037 859 906
f 906 859 1063
f 1063 859 1126
f 1270 1173 1503
f 1461 1359 1380
f 1380 1173 1461
f 1173 1270 1461
f 1461 1270 1503
f 1283 1236 1215
f 1215 1173 1380
f 1380 1181 1215
f 1228 1173 1215
f 1215 1236 1228
f 1092 1236 1283
f 1092 1008 1241
f 715 872 736
f 736 872 592
f 972 684 705
f 705 684 765
f 705 883 972
f 705 765 930
f 930 917 705
f 917 883 705
f 582 446 624
f 446 459 624
f 443 553 519
f 671 807 904
f 671 836 807
f 828 710 964
f 964 833 828
f 247 273 328
f 247 226 514
f 281 247 328
f 226 247 281
f 35 17 1
f 1 6 35
f 6 27 35
f 35 4 17
f 11 27 3
f 56 153 77
f 195 208 119
f 195 119 64
f 77 153 64
f 132 255 200
f 200 111 132
f 40 45 66
f 50 16 37
f 3 16 50
f 827 607 696
f 827 696 751
f 848 759 670
f 895 848 670
f 670 827 895
f 667 798 832
f 667 743 929
f 929 798 667
f 667 806 751
f 832 806 667
f 667 751 620
f 620 743 667
f 832 798 840
f 798 785 840
f 1462 1483 1470
f 1462 1470 1415
f 1415 1551 1462
f 915 1127 996
f 1763 1805 1687
f 1687 1818 1763
f 1886 1860 1763
f 1860 1805 1763
f 1653 1640 1708
f 1653 1708 1784
f 1399 1640 1394
f 1394 1517 1399
f 1394 1640 1538
f 1394 1538 1475
f 1475 1517 1394
f 1399 1517 1305
f 1025 1195 1080
f 1038 936 1080
f 1080 936 1025
f 1873 2030 1860
f 1860 2051 1873
f 2004 2030 1873
f 1873 2051 2004
f 2520 2410 2444
f 1902 2017 2106
f 2106 1907 1902
f 1902 1907 1962
f 1983 1949 1834
f 1834 2046 1983
f 1928 2148 2080
f 1682 1648 1627
f 1627 1648 1601
f 1627 1661 1682
f 1504 1661 1627
f 1627 1601 1504
f 2887 2874 2861
f 2887 2861 2832
f 2832 2866 2929
f 2659 2740 2782
f 2748 2575 2782
f 2782 2575 2659
f 2664 2816 2761
f 2761 2740 2664
f 2837 2740 2761
f 2761 2774 2837
f 2816 2774 2761
f 2659 2575 2706
f 2651 2554 2706
f 2706 2554 2659
f 2706 2617 2651
f 2706 2575 2617
f 2858 2926 2871
f 2871 2884 2858
f 2978 2910 2949
f 2910 2902 2949
f 2989 2997 2963
f 2989 2963 2955
f 2955 2981 2989
f 2992 2999 2998
f 2994 2999 2976
f 2976 2981 2994
f 2999 2992 2976
f 2976 2992 2997
f 2976 2989 2981
f 2997 2989 2976
f 2960 2952 2973
f 2960 2973 2905
f 2905 2939 2960
f 2944 2897 2863
f 2905 2897 2944
f 2944 2939 2905
f 2986 2910 2978
f 2978 2991 2986
f 2973 2952 2965
f 2965 2981 2934
f 2934 2973 2965
f 2994 2981 2965
f 2952 2986 2965
f 2965 2991 2994
f 2965 2986 2991
f 2779 2855 2876
f 2876 2808 2779
f 2876 2787 2808
f 2850 2842 2876
f 2842 2787 2876
f 2967 2959 2977
f 2977 2980 2967
f 2996 2957 2983
f 2915 2886 2983
f 2983 2886 2933
f 2847 2800 2889
f 2889 2868 2847
f 2889 2800 2826
f 2784 2852 2771
f 2729 2818 2771
f 2771 2818 2784
f 2695 2771 2805
f 2805 2771 2852
f 2085 2064 2119
f 2064 2174 2119
f 2119 2072 2085
f 2119 2174 2072
f 2242 2250 2331
f 2331 2263 2195
f 2195 2242 2331
f 2572 2496 2454
f 2454 2509 2433
f 2454 2496 2509
f 2598 2606 2483
f 2564 2577 2551
f 2433 2420 2551
f 2551 2454 2433
f 2551 2577 2572
f 2572 2454 2551
f 2216 2373 2292
f 2305 2373 2216
f 2292 2148 2216
f 2216 2038 2305
f 2216 2148 2038
f 2632 2556 2611
f 2611 2556 2666
f 2734 2687 2789
f 2789 2776 2734
f 2763 2742 2640
f 2640 2708 2763
f 2708 2818 2763
f 2420 2653 2530
f 2674 2619 2530
f 2530 2619 2564
f 2564 2551 2530
f 2530 2551 2420
f 2750 2627 2729
f 2750 2771 2695
f 2729 2771 2750
f 2661 2750 2695
f 2690 2834 2669
f 2669 2834 2766
f 2766 2834 2745
f 2779 2719 2745
f 2745 2800 2779
f 2732 2766 2745
f 2745 2719 2732
f 2826 2800 2745
f 2745 2834 2826
f 2145 2281 2268
f 2268 2357 2145
f 2268 2239 2357
f 2315 2357 2336
f 2357 2239 2336
f 2501 2467 2590
f 2590 2514 2501
f 2404 2514 2590
f 2404 2357 2315
f 2315 2425 2404
f 2425 2514 2404
f 2404 2399 2357
f 2590 2480 2404
f 2404 2480 2399
f 2328 2425 2349
f 2425 2446 2349
f 2200 2234 2255
f 2892 2774 2829
f 2829 2884 2892
f 2884 2871 2892
f 2562 2643 2609
f 2609 2643 2418
f 2609 2507 2562
f 2418 2507 2609
f 2630 2554 2638
f 2651 2643 2638
f 2638 2554 2651
f 2541 2596 2588
f 2567 2596 2541
f 2622 2567 2541
f 2337 2447 2274
f 2274 2371 2337
f 2371 2486 2337
f 2337 2486 2473
f 2473 2528 2337
f 2337 2528 2447
f 2494 2468 2536
f 2303 2345 2324
f 2256 2345 2303
f 2439 2269 2303
f 2303 2269 2256
f 2426 2256 2400
f 2426 2345 2256
f 2400 2413 2426
f 2413 2434 2426
f 2434 2358 2426
f 2277 2345 2426
f 2426 2358 2277
f 2125 2049 2083
f 2324 2049 2125
f 2125 2083 2227
f 2439 2303 2125
f 2125 2303 2324
f 2028 2049 2324
f 2146 2188 2133
f 2091 1955 2146
f 2154 2133 2379
f 2379 2298 2154
f 2154 2298 2243
f 2185 2329 2384
f 2439 2125 2384
f 2384 2227 2185
f 2384 2125 2227
f 2230 2052 2251
f 2052 2264 2251
f 2264 2120 2251
f 2018 2230 2251
f 2251 2120 2018
f 2340 2264 2052
f 2052 2175 2340
f 2340 2175 2366
f 2340 2366 2408
f 2578 2387 2544
f 2429 2387 2578
f 2654 2463 2578
f 2578 2463 2429
f 2675 2489 2557
f 2565 2489 2675
f 2675 2510 2565
f 2811 2879 2790
f 2790 2879 2832
f 2714 2701 2803
f 2714 2803 2811
f 2751 2743 2709
f 2709 2662 2751
f 2756 2743 2688
f 2557 2667 2688
f 2531 2557 2688
f 2688 2743 2531
f 2599 2502 2421
f 2421 2502 2434
f 2421 2591 2599
f 2400 2591 2421
f 2421 2413 2400
f 2421 2434 2413
f 2223 2024 2142
f 2223 2155 2024
f 2142 2011 2223
f 2011 1977 2223
f 1977 2176 2223
f 2312 2341 2286
f 2443 2506 2299
f 2574 2506 2443
f 2443 2383 2388
f 2299 2383 2443
f 2527 2561 2650
f 2650 2548 2527
f 2540 2561 2731
f 2637 2650 2540
f 2540 2650 2561
f 2438 2362 2129
f 2438 2472 2362
f 2519 2472 2438
f 2184 2294 2451
f 2129 2163 2451
f 2451 2163 2184
f 2451 2438 2129
f 2451 2294 2519
f 2519 2438 2451
f 2645 2781 2755
f 2645 2747 2781
f 2666 2747 2645
f 2768 2705 2658
f 2781 2747 2671
f 2671 2768 2781
f 2705 2768 2671
f 2671 2747 2569
f 2569 2705 2671
f 2679 2514 2425
f 2425 2548 2679
f 2679 2705 2569
f 2857 2768 2658
f 2781 2768 2857
f 2857 2721 2781
f 2857 2865 2721
f 2689 2697 2668
f 2697 2600 2668
f 2621 2765 2668
f 2668 2600 2621
f 2553 2600 2697
f 2485 2498 2663
f 2587 2485 2663
f 2663 2744 2587
f 2637 2540 2629
f 2977 2972 2985
f 2985 2972 2930
f 2985 2956 2977
f 2930 2956 2985
f 2875 2799 2841
f 2841 2883 2875
f 2917 2883 2841
f 2739 2718 2862
f 2869 2848 2835
f 2835 2911 2869
f 2835 2848 2945
f 2945 2903 2835
f 2835 2903 2932
f 2932 2911 2835
f 2869 2911 2882
f 2895 2869 2882
f 2882 2827 2895
f 2882 2911 2738
f 2738 2827 2882
f 2244 2312 2396
f 2396 2375 2244
f 2422 2380 2291
f 2160 2291 2236
f 2236 2291 2380
f 2236 2380 2270
f 2270 2346 2236
f 2346 2168 2236
f 2647 2566 2511
f 2414 2380 2422
f 2270 2380 2414
f 2414 2566 2270
f 2338 2524 2406
f 2503 2524 2592
f 2503 2406 2524
f 2545 2406 2503
f 2503 2592 2613
f 2613 2681 2503
f 2503 2681 2647
f 2647 2511 2503
f 2987 2982 2961
f 2961 2982 2977
f 2977 2948 2961
f 2966 2903 2945
f 2945 2924 2966
f 2966 2890 2903
f 2796 2817 2762
f 2715 2817 2796
f 2796 2770 2715
f 2877 2890 2953
f 2953 2919 2877
f 2953 2948 2885
f 2885 2906 2953
f 2906 2919 2953
f 2812 2728 2723
f 2723 2728 2901
f 2723 2901 2846
f 2723 2846 2820
f 2820 2812 2723
f 2825 2728 2736
f 2736 2579 2825
f 2825 2579 2804
f 2804 2770 2825
f 2770 2796 2825
f 2762 2728 2825
f 2825 2796 2762
f 2901 2791 2859
f 2762 2817 2893
f 2872 2927 2893
f 2927 2859 2893
f 2893 2817 2838
f 2838 2872 2893
f 2880 2935 2833
f 2846 2901 2880
f 2539 2497 2395
f 2497 2518 2395
f 2395 2518 2416
f 2416 2463 2395
f 2395 2463 2539
f 2505 2458 2403
f 2505 2361 2458
f 2505 2374 2361
f 2772 2696 2586
f 2586 2696 2628
f 2497 2628 2552
f 2628 2696 2552
f 2547 2497 2552
f 2552 2696 2683
f 2552 2560 2547
f 2683 2594 2552
f 2594 2560 2552
f 1835 1738 1890
f 1835 1767 1738
f 1890 2047 1835
f 1479 1505 1539
f 1403 1505 1479
f 1539 1594 1479
f 1479 1594 1403
f 2581 2670 2814
f 2814 2725 2738
f 2670 2725 2814
f 2738 2856 2814
f 2636 2759 2657
f 2657 2759 2788
f 2657 2691 2636
f 2657 2555 2691
f 2707 2610 2678
f 2610 2555 2678
f 2678 2563 2707
f 2644 2563 2678
f 2741 2644 2678
f 2678 2555 2741
f 2547 2560 2607
f 2513 2607 2560
f 2513 2424 2369
f 2369 2458 2513
f 2513 2458 2547
f 2547 2607 2513
f 2573 2615 2424
f 2424 2513 2573
f 2573 2594 2683
f 2683 2615 2573
f 2573 2560 2594
f 2573 2513 2560
f 2581 2602 2623
f 2602 2615 2623
f 2623 2649 2581
f 2623 2615 2649
f 2390 2356 2212
f 2199 2390 2212
f 2212 2432 2364
f 2212 2356 2432
f 2212 2063 2097
f 2309 2089 2165
f 2165 2194 2309
f 2165 2322 2194
f 2288 2322 2165
f 2364 2288 2186
f 2186 2089 2296
f 2288 2165 2186
f 2186 2165 2089
f 2296 2254 1974
f 1974 2063 2296
f 1919 2131 1974
f 2131 2063 1974
f 2105 2317 2076
f 2228 2317 2105
f 2516 2495 2597
f 2597 2550 2516
f 2495 2571 2597
f 2597 2571 2508
f 2508 2550 2597
f 2508 2500 2631
f 2631 2550 2508
f 2749 2550 2631
f 2584 2605 2639
f 2639 2626 2584
f 2584 2626 2592
f 2584 2482 2605
f 2283 2385 2359
f 2359 2385 2427
f 2592 2524 2469
f 2469 2584 2592
f 2482 2584 2469
f 2427 2482 2469
f 2469 2359 2427
f 2715 2660 2686
f 2686 2694 2715
f 2686 2550 2749
f 2660 2550 2686
f 2652 2686 2749
f 2694 2686 2652
f 2343 2419 2461
f 2461 2322 2343
f 2225 2178 2199
f 1869 2055 2225
f 2055 2013 2225
f 2225 2013 2060
f 2060 2178 2225
f 2123 2390 2199
f 2199 2178 2123
f 2335 2390 2123
f 2123 2301 2335
f 1856 1911 1932
f 1932 2131 1856
f 2021 2131 1932
f 1788 1555 1492
f 1733 1678 1746
f 1856 1733 1746
f 1746 1911 1856
f 1746 1788 1911
f 1555 1788 1746
f 583 460 384
f 384 646 583
f 570 460 583
f 583 769 816
f 583 646 769
f 1227 1214 1235
f 1345 1413 1180
f 1345 1248 1413
f 1345 1235 1248
f 1117 1214 1269
f 1269 1371 1117
f 1371 1248 1117
f 1117 1235 1214
f 1248 1235 1117
f 1227 1235 1015
f 816 769 706
f 706 879 816
f 1193 1104 1062
f 871 1062 1083
f 1083 1062 1104
f 1227 1015 1083
f 1036 1214 1227
f 1227 1083 1036
f 1036 1083 1104
f 1193 1214 1036
f 1036 1104 1193
f 1028 1070 876
f 1028 876 1143
f 1143 1219 1028
f 1316 1070 1028
f 876 918 1007
f 918 782 1007
f 1007 808 876
f 782 808 1007
f 685 850 926
f 926 850 774
f 926 871 685
f 829 973 986
f 897 677 829
f 677 973 829
f 986 876 931
f 876 808 931
f 931 829 986
f 897 829 931
f 1350 1473 1384
f 1384 1447 1350
f 1439 1528 1269
f 1269 1261 1439
f 1303 1528 1439
f 1536 1303 1439
f 1439 1473 1536
f 1439 1261 1138
f 1109 1219 1172
f 1172 1431 1109
f 1109 1431 1342
f 2151 2172 2397
f 2308 2172 2151
f 2405 2363 2452
f 2452 2397 2405
f 2397 2172 2405
f 1986 2287 2054
f 1986 1897 2067
f 2054 1897 1986
f 2067 2130 1986
f 2130 2287 1986
f 2363 2405 2321
f 2321 2405 2172
f 2295 2287 2143
f 2054 2287 2295
f 2295 2164 2054
f 2138 2007 2109
f 1876 1897 1965
f 1965 1821 1876
f 1973 1821 1965
f 1965 1960 1973
f 1965 2020 1960
f 2109 2020 1965
f 1965 2096 2109
f 2062 1897 2054
f 2062 2054 2308
f 2062 1965 1897
f 2096 1965 2062
f 2308 2109 2062
f 2109 2096 2062
f 1711 1745 1931
f 1745 1855 1931
f 1308 1211 1300
f 1507 1211 1308
f 1308 1164 1507
f 1363 1643 1630
f 1643 1499 1630
f 1800 1855 1753
f 1711 1931 1800
f 1800 1931 1855
f 1944 1889 1711
f 1944 1779 1889
f 1295 1206 1054
f 1397 1185 1295
f 1295 1253 1397
f 1185 1274 1295
f 1295 1274 1206
f 1226 1192 988
f 959 1226 988
f 1171 1226 959
f 1585 1852 1784
f 1920 1852 1585
f 1585 1797 1920
f 1585 1865 1797
f 1386 1365 1433
f 1530 1611 1556
f 1530 1488 1433
f 1286 1095 1116
f 1116 1163 1286
f 1095 1163 1116
f 1218 1273 1425
f 1404 1273 1218
f 1446 1404 1218
f 1074 1273 1150
f 1150 1158 1074
f 1150 1294 1158
f 1150 1273 1328
f 1150 1328 1124
f 1124 1294 1150
f 1103 1349 1234
f 1388 1087 1142
f 1388 1244 1087
f 1155 1244 1388
f 1315 1137 1061
f 1137 938 1061
f 1061 1239 1315
f 1231 1239 1061
f 1061 938 1040
f 1061 1184 1231
f 1040 1184 1061
f 1231 1184 1121
f 1108 1244 985
f 985 1244 1155
f 985 998 1108
f 1184 998 985
f 951 1040 1019
f 951 1184 1040
f 951 998 1184
f 1019 833 951
f 1108 998 1045
f 1045 998 1053
f 1053 998 922
f 922 752 1053
f 922 951 833
f 998 951 922
f 909 752 922
f 922 964 909
f 833 964 922
f 786 778 825
f 799 786 825
f 956 1053 778
f 778 786 956
f 956 1045 1053
f 2265 2095 2121
f 2121 2095 2197
f 2273 2184 2040
f 2273 2095 2184
f 2040 2197 2273
f 2197 2095 2273
f 1341 1239 1260
f 1260 1417 1341
f 1561 1451 1362
f 1485 1705 1629
f 1535 1501 1637
f 1637 1734 1535
f 1747 1844 1645
f 1624 1658 1679
f 1679 1514 1624
f 1624 1514 1446
f 1493 1760 1506
f 1493 1370 1396
f 1425 1370 1493
f 1493 1218 1425
f 1506 1624 1493
f 1446 1218 1493
f 1493 1624 1446
f 1768 1802 1844
f 1844 1747 1768
f 1844 1802 1823
f 1645 1844 1823
f 1823 1802 1721
f 1831 1742 1823
f 1823 1933 1831
f 1721 1933 1823
f 1459 1645 1823
f 1823 1742 1459
f 2061 2268 2281
f 2239 2268 2061
f 2158 2239 2061
f 1959 2035 2027
f 2027 2035 2281
f 2027 1912 1959
f 2234 2103 2027
f 1865 1611 1632
f 1632 1742 1865
f 1632 1611 1323
f 1577 1742 1632
f 1632 1357 1577
f 1323 1344 1632
f 1632 1344 1357
f 423 266 300
f 478 444 300
f 300 444 423
f 300 381 478
f 300 266 381
f 224 258 211
f 190 258 224
f 237 211 326
f 237 203 211
f 326 266 237
f 237 266 423
f 423 203 237
f 541 622 635
f 635 601 541
f 541 609 622
f 719 609 541
f 541 601 575
f 334 559 381
f 334 381 394
f 394 402 334
f 334 517 525
f 402 517 334
f 614 559 512
f 512 792 614
f 512 334 525
f 559 334 512
f 525 491 512
f 512 627 792
f 512 491 627
f 533 546 444
f 614 499 533
f 533 368 614
f 533 444 368
f 1525 1389 1381
f 1381 1334 1525
f 1381 1389 1321
f 1321 1203 1381
f 1203 1190 1381
f 1114 1334 1237
f 1237 1190 1114
f 1334 1381 1237
f 1237 1381 1190
f 1216 1101 1046
f 1046 1101 1114
f 1114 1190 1046
f 944 978 1245
f 1245 1177 944
f 1190 1177 1245
f 847 991 889
f 847 724 792
f 792 991 847
f 690 1041 842
f 766 1041 690
f 957 1067 1075
f 1075 1054 957
f 957 1054 884
f 957 884 787
f 787 1041 957
f 889 1033 965
f 965 1033 1067
f 1067 957 965
f 965 1041 889
f 965 957 1041
f 1266 1033 1177
f 1266 1203 1313
f 1266 1177 1203
f 1088 999 1020
f 1020 1096 1088
f 1143 999 1088
f 1088 1096 1143
f 795 698 910
f 910 664 795
f 753 664 910
f 321 452 329
f 431 494 439
f 329 452 355
f 355 452 465
f 347 203 423
f 185 227 143
f 164 198 329
f 216 318 140
f 140 169 216
f 169 208 216
f 904 739 650
f 739 713 650
f 548 603 535
f 535 522 548
f 548 522 509
f 509 370 548
f 548 370 603
f 925 645 946
f 946 789 925
f 988 1192 1048
f 1048 946 988
f 1048 789 946
f 747 645 590
f 645 925 590
f 1302 1289 1255
f 1255 1289 1420
f 1221 1022 1090
f 1433 1365 1496
f 1365 1352 1496
f 1496 1352 1611
f 1496 1530 1433
f 1611 1530 1496
f 818 653 708
f 771 653 818
f 818 805 771
f 771 716 695
f 737 779 627
f 737 551 758
f 758 703 737
f 627 496 737
f 737 496 551
f 737 894 745
f 745 779 737
f 737 839 894
f 737 703 839
f 682 572 449
f 449 470 682
f 682 470 572
f 606 640 758
f 606 470 449
f 415 305 352
f 415 360 305
f 402 360 339
f 339 517 402
f 572 470 580
f 580 496 572
f 551 496 580
f 750 763 899
f 954 941 899
f 501 475 687
f 234 263 166
f 263 276 166
f 166 276 195
f 195 64 166
f 166 64 153
f 153 111 166
f 200 234 166
f 166 111 200
f 229 276 263
f 378 250 357
f 742 653 771
f 771 695 742
f 619 763 750
f 619 750 708
f 708 632 619
f 619 632 666
f 543 483 632
f 543 632 653
f 653 742 543
f 666 632 433
f 632 483 433
f 433 483 441
f 187 213 302
f 302 213 336
f 302 467 310
f 161 156 101
f 101 156 114
f 101 127 161
f 114 127 101
f 114 156 122
f 135 80 122
f 122 80 114
f 104 227 185
f 62 109 83
f 227 109 62
f 318 284 271
f 271 284 292
f 271 174 318
f 292 174 271
f 20 4 46
f 46 4 38
f 85 208 169
f 169 182 85
f 85 182 98
f 85 119 208
f 85 98 77
f 77 64 85
f 85 64 119
f 161 127 93
f 127 182 93
f 93 169 161
f 93 182 169
f 1845 1756 1586
f 1586 1633 1845
f 1667 1633 1586
f 1544 1468 1667
f 1442 1612 1544
f 1510 1620 1468
f 1468 1544 1510
f 1510 1544 1612
f 1523 1620 1510
f 1442 1730 1387
f 1387 1476 1298
f 1298 1442 1387
f 1756 1709 1811
f 2023 1900 1913
f 1913 1947 2023
f 1926 1837 2112
f 1926 1947 1837
f 2023 1947 1926
f 1837 1947 1892
f 1892 1900 1871
f 1892 1913 1900
f 1947 1913 1892
f 1892 1871 1905
f 1905 1837 1892
f 2010 1858 2023
f 2044 1858 2010
f 2243 2298 2353
f 2353 2175 2243
f 2298 2366 2353
f 2366 2175 2353
f 1879 1942 1819
f 1942 1921 1819
f 1819 1709 1879
f 1819 1921 1832
f 1717 1615 1641
f 1717 1827 1615
f 1641 1518 1717
f 1518 1471 1717
f 1924 1971 1937
f 1971 2115 1937
f 1937 2115 2128
f 2128 2102 1937
f 1937 2102 2034
f 2034 2026 1937
f 1937 2026 1924
f 1958 2115 1971
f 1971 1874 1958
f 2128 2115 2217
f 2115 1958 2217
f 2081 2259 2217
f 1725 1628 1657
f 1657 1568 1725
f 1772 1628 1725
f 1725 1594 1772
f 1568 1594 1725
f 2238 2327 2141
f 2141 2259 2238
f 2327 2204 2141
f 2136 2259 2141
f 2141 2204 2136
f 2293 2306 2128
f 2136 2306 2293
f 2128 2217 2293
f 2484 2204 2327
f 1675 1366 1607
f 1366 1408 1607
f 1463 1484 1450
f 1450 1484 1437
f 1437 1285 1450
f 1149 1285 1437
f 1348 1484 1374
f 1374 1484 1560
f 1374 1560 1539
f 1539 1369 1374
f 1374 1369 1348
f 1649 1683 1785
f 1471 1683 1649
f 1785 1827 1649
f 1649 1717 1471
f 1827 1717 1649
f 1552 1683 1675
f 1751 1683 1552
f 1073 853 971
f 971 997 1073
f 1081 916 1073
f 1073 997 1081
f 1115 1204 1251
f 1251 1361 1115
f 1128 1204 1115
f 1115 1293 1128
f 1115 1361 1293
f 942 1065 1120
f 1120 1065 1010
f 1120 971 942
f 1120 1052 971
f 1141 1188 976
f 976 1010 1141
f 976 1120 1010
f 1052 1120 976
f 1086 1188 1196
f 1005 1052 1086
f 1086 976 1188
f 1052 976 1086
f 1285 1149 1086
f 1238 1005 1086
f 1086 1149 1238
f 337 290 303
f 201 290 337
f 261 201 337
f 1209 1277 1133
f 1031 1057 1133
f 1133 1277 1031
f 1154 1201 1256
f 1201 1159 1256
f 1256 1159 1358
f 1243 1332 1146
f 1146 1057 1243
f 1243 1057 1044
f 591 460 570
f 591 701 460
f 570 756 515
f 515 591 570
f 701 591 515
f 709 819 654
f 709 777 819
f 858 680 748
f 748 735 858
f 735 777 858
f 688 680 858
f 1290 1159 1489
f 1489 1159 1379
f 1489 1379 1565
f 1565 1523 1489
f 230 209 238
f 162 128 230
f 230 238 162
f 162 238 196
f 162 196 293
f 222 209 175
f 175 256 222
f 222 238 209
f 196 238 222
f 374 277 340
f 374 379 277
f 146 167 78
f 78 86 146
f 20 33 28
f 33 49 28
f 10 7 2
f 10 13 5
f 5 7 10
f 2021 1992 1877
f 1877 1992 1945
f 1877 2144 2021
f 1945 2144 1877
f 2241 2144 2199
f 2097 2144 2241
f 2199 2212 2241
f 2241 2212 2097
f 1581 1589 1665
f 1581 1322 1589
f 1665 1547 1581
f 1547 1466 1581
f 1581 1466 1267
f 1267 1322 1581
f 1267 1466 1246
f 1246 1466 1424
f 1246 1314 1259
f 1424 1314 1246
f 1212 1225 1458
f 1212 1322 1267
f 1267 1225 1212
f 1390 1191 1102
f 1390 1102 1335
f 1335 1225 1390
f 1390 1225 1267
f 1267 1246 1390
f 1259 1191 1390
f 1390 1246 1259
f 772 848 895
f 772 882 848
f 945 746 958
f 746 1068 958
f 958 937 945
f 958 1068 937
f 1026 1013 1123
f 1288 877 1026
f 1026 877 937
f 937 966 1026
f 1026 1047 1288
f 1123 1047 1026
f 1199 966 924
f 1259 1013 1199
f 1013 1026 1199
f 1199 1026 966
f 924 1191 1199
f 1199 1191 1259
f 1720 1576 1623
f 1623 1678 1720
f 1623 1746 1678
f 1555 1746 1623
f 581 382 390
f 390 369 348
f 602 492 471
f 471 539 602
f 471 492 615
f 615 539 471
f 733 885 788
f 733 741 631
f 788 741 733
f 186 301 309
f 309 296 186
f 309 343 398
f 398 296 309
f 623 636 526
f 623 526 767
f 814 720 623
f 890 822 856
f 856 822 877
f 856 911 890
f 856 877 1288
f 1288 911 856
f 1356 979 1364
f 1364 979 1280
f 1364 1432 1356
f 1280 1377 1364
f 1513 1424 1500
f 1500 1555 1513
f 1254 1424 1513
f 1513 1377 1254
f 1453 1296 1309
f 1555 1623 1453
f 1576 1296 1453
f 1453 1623 1576
f 2037 2071 2045
f 2037 2045 2278
f 2032 2037 2278
f 2278 2210 2032
f 1995 1783 1851
f 1851 1783 1796
f 1796 1966 1953
f 2110 2029 1987
f 1906 2084 2110
f 2110 1987 1906
f 1906 1987 2042
f 1516 1639 1660
f 1660 1618 1516
f 1770 1791 1940
f 1131 1186 1220
f 1131 1398 1186
f 1220 1165 1131
f 1309 1385 1131
f 1131 1165 1356
f 1356 1309 1131
f 1610 1754 1796
f 1610 1639 1516
f 1343 1398 1521
f 1521 1385 1330
f 1330 1618 1521
f 1398 1131 1521
f 1521 1131 1385
f 1414 1694 1762
f 1605 1846 1689
f 1579 1846 1647
f 1812 1579 1647
f 1647 1969 1812
f 1647 1859 1969
f 2215 2249 2393
f 2393 2338 2372
f 2393 2249 2338
f 2325 2249 2215
f 2202 2181 2215
f 2202 2393 2372
f 2215 2393 2202
f 2160 2181 2202
f 2202 2291 2160
f 2147 2181 2160
f 2147 2045 2071
f 2147 2071 1901
f 1901 1859 2126
f 2126 2147 1901
f 1995 1851 1961
f 1961 1906 2042
f 1953 1906 1961
f 1961 1851 1796
f 1796 1953 1961
f 1961 2118 1995
f 1961 2220 2118
f 2207 2317 2283
f 2076 2317 2207
f 2207 2220 2076
f 2118 2220 2207
f 1681 1846 1668
f 1443 1189 1252
f 1142 1087 1252
f 1252 1189 1142
f 1147 1210 1257
f 1210 1011 1257
f 1257 1011 1325
f 1325 1333 1257
f 1456 1333 1223
f 1325 1291 1223
f 1223 1333 1325
f 1807 1710 1744
f 1820 1676 1807
f 1676 1875 1807
f 1875 1710 1807
f 1663 1731 1702
f 1702 1854 1799
f 1799 1663 1702
f 1731 1778 1702
f 1702 1778 1592
f 1592 1723 1702
f 1702 1723 1854
f 1524 1422 1401
f 1456 1223 1401
f 1477 1498 1600
f 1498 1511 1600
f 1600 1354 1477
f 1600 1435 1354
f 1600 1511 1435
f 1409 1435 1608
f 1435 1490 1608
f 1435 1511 1430
f 1430 1490 1435
f 1430 1511 1757
f 1621 1833 1430
f 1430 1757 1621
f 1833 1642 1430
f 1430 1642 1655
f 1430 1655 1409
f 1409 1608 1430
f 1430 1608 1490
f 136 178 212
f 254 212 178
f 254 301 233
f 233 212 254
f 183 348 217
f 217 178 136
f 217 251 183
f 136 251 217
f 411 259 335
f 246 259 280
f 335 259 246
f 401 304 317
f 312 239 231
f 231 244 312
f 312 307 239
f 236 244 231
f 778 752 841
f 841 723 778
f 524 592 757
f 668 592 524
f 524 634 668
f 812 867 825
f 825 655 812
f 791 867 812
f 812 689 791
f 757 689 812
f 812 655 757
f 545 723 600
f 825 723 545
f 545 655 825
f 244 236 333
f 37 16 76
f 37 76 71
f 110 89 97
f 110 170 89
f 186 165 123
f 123 131 186
f 123 165 288
f 89 131 123
f 97 89 123
f 123 152 97
f 262 401 317
f 385 440 372
f 372 241 385
f 317 304 168
f 168 257 317
f 194 283 220
f 283 207 220
f 288 194 220
f 220 207 139
f 220 123 288
f 152 123 220
f 584 652 707
f 707 571 584
f 597 652 584
f 584 571 597
f 432 644 563
f 563 445 432
f 673 686 919
f 686 817 919
f 940 707 919
f 919 707 673
f 1118 1160 927
f 1160 1105 927
f 987 851 953
f 788 851 987
f 762 788 987
f 987 686 762
f 1084 1055 1220
f 932 1021 1118
f 1008 1021 1317
f 1241 1008 1317
f 788 885 796
f 796 885 754
f 796 851 788
f 754 851 796
f 830 754 974
f 830 851 754
f 830 974 953
f 953 851 830
f 809 1105 864
f 817 927 809
f 809 927 1105
f 961 906 1063
f 961 1092 1283
f 948 906 961
f 1063 1126 961
f 1126 1092 961
f 1105 1126 995
f 995 1126 859
f 864 1105 995
f 995 940 864
f 995 859 940
f 1113 1215 1181
f 1113 1181 948
f 948 969 1113
f 1283 1215 1113
f 1113 969 1283
f 1207 1092 1241
f 1236 1092 1207
f 1241 1427 1207
f 1338 1236 1207
f 1207 1427 1338
f 1042 1160 1008
f 1008 1092 1042
f 1042 1092 1126
f 1042 1105 1160
f 1042 1126 1105
f 783 893 702
f 702 592 783
f 702 736 592
f 485 459 514
f 574 692 459
f 459 485 574
f 574 485 519
f 574 519 553
f 553 836 574
f 836 692 574
f 391 247 514
f 273 247 391
f 391 404 425
f 514 446 391
f 446 404 391
f 425 404 472
f 226 281 286
f 176 286 218
f 218 286 281
f 38 4 43
f 4 35 43
f 43 30 38
f 124 111 153
f 153 56 124
f 124 56 69
f 179 213 260
f 137 179 260
f 260 158 137
f 184 210 252
f 252 286 176
f 40 66 87
f 79 66 45
f 121 210 184
f 184 66 121
f 231 239 121
f 239 252 121
f 121 252 210
f 340 353 298
f 463 353 340
f 683 607 573
f 387 353 429
f 429 476 387
f 615 319 497
f 450 683 573
f 387 476 450
f 476 683 450
f 641 738 573
f 573 607 641
f 780 759 725
f 725 539 780
f 827 670 594
f 662 738 594
f 738 641 594
f 785 806 955
f 955 840 785
f 955 806 832
f 832 840 955
f 915 996 983
f 983 1148 915
f 983 1195 1148
f 1085 996 1127
f 1127 1093 1085
f 1085 1093 996
f 962 941 1119
f 708 750 831
f 831 818 708
f 805 818 831
f 1004 805 831
f 928 907 949
f 1004 831 928
f 928 831 907
f 1119 1132 920
f 920 962 1119
f 1174 962 920
f 954 878 810
f 810 941 954
f 1886 1763 1975
f 1975 1763 1818
f 1975 1818 1852
f 1975 1941 1886
f 1975 1852 1941
f 1810 1653 1784
f 1687 1653 1810
f 1784 1818 1810
f 1810 1818 1687
f 1538 1640 1598
f 1640 1653 1598
f 1598 1805 1538
f 1687 1805 1598
f 1598 1653 1687
f 1250 1174 1106
f 1360 1462 1551
f 1331 1305 1517
f 1331 1517 1483
f 1483 1462 1331
f 1399 1305 1072
f 1072 1284 1399
f 1072 1250 1106
f 1399 1284 1297
f 1326 1258 1428
f 1428 1436 1326
f 1326 1436 1292
f 1326 1292 1347
f 1347 1271 1326
f 1551 1258 1263
f 1258 1326 1263
f 1263 1326 1271
f 1263 1360 1551
f 1373 1360 1263
f 1169 1347 1038
f 1169 1271 1347
f 1195 1271 1169
f 1038 1080 1169
f 1169 1080 1195
f 2101 2224 2177
f 2177 2088 2101
f 2075 2088 2177
f 2177 2279 2075
f 2198 2279 2177
f 2266 2224 2059
f 2101 1978 2059
f 2059 2224 2101
f 2245 2177 2224
f 2410 2520 2601
f 1978 1957 2156
f 1957 1949 2156
f 2017 1902 2169
f 2169 1902 1962
f 1962 1928 2169
f 1928 2080 2169
f 2339 2148 2292
f 2339 2080 2148
f 2292 2381 2339
f 2339 2381 2402
f 2402 2203 2339
f 2339 2203 2080
f 2853 2887 2832
f 2832 2929 2853
f 2837 2774 2727
f 2727 2740 2837
f 2727 2782 2740
f 2727 2824 2735
f 2727 2892 2824
f 2774 2892 2727
f 2727 2735 2748
f 2748 2782 2727
f 2894 2949 2902
f 2915 2949 2894
f 2998 2993 2995
f 2995 2992 2998
f 2997 2992 3000
f 2952 2960 2931
f 2910 2986 2931
f 2931 2986 2952
f 2931 2960 2939
f 2939 2944 2931
f 2931 2855 2910
f 2931 2944 2855
f 2821 2808 2795
f 2808 2787 2795
f 2753 2821 2795
f 2795 2842 2753
f 2795 2787 2842
f 2855 2944 2918
f 2918 2876 2855
f 2918 2944 2863
f 2918 2863 2850
f 2850 2876 2918
f 2933 2967 2975
f 2996 2983 2975
f 2975 2983 2933
f 2975 2967 2980
f 2975 2980 2988
f 2975 2991 2996
f 2999 2991 2975
f 2975 2988 2999
f 2970 2957 2978
f 2970 2983 2957
f 2978 2949 2970
f 2970 2949 2915
f 2915 2983 2970
f 2828 2946 2878
f 2930 2972 2938
f 2938 2972 2959
f 2959 2967 2938
f 2938 2967 2933
f 2792 2813 2716
f 2826 2813 2792
f 2792 2889 2826
f 2907 2805 2852
f 2852 2873 2907
f 2797 2873 2852
f 2797 2823 2899
f 2839 2776 2797
f 2797 2776 2823
f 2797 2784 2839
f 2797 2852 2784
f 2954 2886 2962
f 2962 2886 2915
f 2263 2331 2229
f 2195 2263 2229
f 2229 2305 2195
f 2229 2373 2305
f 2229 2394 2373
f 2488 2496 2517
f 2517 2496 2598
f 2598 2483 2517
f 2415 2483 2606
f 2394 2462 2415
f 2297 2166 2352
f 2352 2250 2297
f 2624 2611 2666
f 2687 2611 2624
f 2666 2645 2624
f 2755 2687 2624
f 2624 2645 2755
f 2674 2530 2700
f 2700 2530 2653
f 2700 2687 2674
f 2700 2611 2687
f 2700 2653 2632
f 2632 2611 2700
f 2776 2789 2831
f 2713 2823 2831
f 2823 2776 2831
f 2831 2721 2713
f 2755 2721 2831
f 2831 2687 2755
f 2831 2789 2687
f 2737 2682 2742
f 2742 2763 2737
f 2729 2682 2737
f 2737 2818 2729
f 2737 2763 2818
f 2690 2724 2758
f 2703 2661 2716
f 2716 2813 2703
f 2703 2813 2834
f 2703 2758 2661
f 2703 2834 2690
f 2690 2758 2703
f 2606 2585 2470
f 2585 2614 2470
f 2470 2415 2606
f 2766 2711 2635
f 2635 2669 2766
f 2690 2669 2635
f 2538 2724 2690
f 2690 2635 2538
f 2226 2472 2328
f 2362 2472 2226
f 2328 2349 2226
f 2417 2336 2247
f 2467 2501 2493
f 2145 2323 2391
f 2391 2281 2145
f 2391 2027 2281
f 2391 2255 2234
f 2234 2027 2391
f 2769 2892 2871
f 2769 2926 2913
f 2769 2871 2926
f 2913 2803 2769
f 2803 2824 2769
f 2824 2892 2769
f 2685 2643 2630
f 2630 2638 2685
f 2685 2638 2643
f 2588 2410 2478
f 2478 2541 2588
f 2622 2541 2478
f 2478 2601 2622
f 2410 2601 2478
f 2256 2269 2316
f 2316 2269 2460
f 2400 2256 2316
f 2316 2591 2400
f 2316 2460 2591
f 2290 2269 2439
f 2468 2269 2290
f 2290 2329 2468
f 2439 2384 2290
f 2290 2384 2329
f 2468 2494 2515
f 2515 2269 2468
f 2460 2269 2515
f 2570 2460 2515
f 2515 2494 2570
f 2672 2646 2549
f 2672 2549 2570
f 2570 2494 2672
f 2672 2494 2536
f 2536 2604 2672
f 2604 2646 2672
f 2214 2324 2193
f 2214 2028 2324
f 2049 2028 2180
f 2180 2117 2049
f 1994 1816 2180
f 1816 2117 2180
f 2180 1837 1994
f 2044 2010 1887
f 1887 2010 1955
f 2036 2146 2133
f 2091 2146 2036
f 2133 2154 2036
f 2036 2154 2091
f 2188 2146 2099
f 2099 2112 2193
f 2099 1926 2112
f 2235 2188 2099
f 2193 2324 2099
f 2099 2324 2235
f 2264 2340 2442
f 2416 2264 2442
f 2442 2463 2416
f 2531 2654 2620
f 2654 2578 2620
f 2633 2578 2544
f 2544 2510 2633
f 2510 2675 2633
f 2531 2620 2633
f 2633 2620 2578
f 2633 2557 2531
f 2633 2675 2557
f 2832 2777 2840
f 2840 2790 2832
f 2764 2790 2840
f 2777 2756 2840
f 2756 2764 2840
f 2730 2764 2756
f 2701 2714 2722
f 2722 2667 2625
f 2722 2625 2612
f 2612 2701 2722
f 2798 2790 2764
f 2811 2790 2798
f 2798 2714 2811
f 2785 2709 2743
f 2785 2756 2777
f 2785 2743 2756
f 2704 2725 2772
f 2793 2725 2704
f 2396 2312 2134
f 2312 2286 2134
f 2134 2286 2218
f 2155 2223 2134
f 2134 2176 2396
f 2134 2223 2176
f 2320 2383 2265
f 2320 2286 2341
f 2307 2383 2320
f 2320 2341 2307
f 2218 2286 2231
f 2265 2121 2231
f 2231 2320 2265
f 2286 2320 2231
f 2019 2218 2231
f 2197 2019 2231
f 2231 2121 2197
f 2477 2485 2574
f 2574 2443 2477
f 2477 2498 2485
f 2388 2498 2477
f 2477 2443 2388
f 2548 2650 2535
f 2535 2679 2548
f 2582 2501 2514
f 2514 2679 2582
f 2582 2679 2569
f 2582 2493 2501
f 2569 2467 2582
f 2467 2493 2582
f 2752 2765 2689
f 2689 2668 2752
f 2752 2668 2765
f 2634 2553 2490
f 2600 2553 2634
f 2490 2676 2634
f 2676 2600 2634
f 2655 2663 2498
f 2655 2553 2697
f 2655 2608 2490
f 2490 2553 2655
f 2697 2744 2655
f 2744 2663 2655
f 2904 2946 2828
f 2828 2802 2904
f 2946 2904 2951
f 2951 2904 2815
f 2951 2883 2917
f 2951 2917 2930
f 2930 2938 2951
f 2951 2938 2946
f 2807 2799 2867
f 2807 2841 2799
f 2807 2867 2833
f 2964 2917 2909
f 2917 2841 2909
f 2833 2964 2909
f 2909 2807 2833
f 2841 2807 2909
f 2731 2718 2773
f 2718 2739 2773
f 2692 2726 2616
f 2333 2464 2375
f 2333 2176 2346
f 2375 2176 2333
f 2532 2464 2333
f 2333 2346 2270
f 2270 2532 2333
f 2435 2464 2532
f 2532 2676 2435
f 2435 2676 2490
f 2490 2608 2435
f 2464 2435 2430
f 2312 2244 2409
f 2307 2341 2409
f 2409 2341 2312
f 2388 2307 2409
f 2409 2430 2388
f 2545 2503 2558
f 2456 2511 2566
f 2566 2414 2456
f 2456 2414 2422
f 2537 2503 2511
f 2537 2456 2422
f 2511 2456 2537
f 2537 2558 2503
f 2971 2966 2924
f 2890 2966 2974
f 2974 2953 2890
f 2974 2971 2987
f 2966 2971 2974
f 2987 2961 2974
f 2974 2961 2948
f 2948 2953 2974
f 2969 2935 2922
f 2922 2927 2969
f 2922 2859 2927
f 2851 2791 2762
f 2762 2893 2851
f 2851 2859 2791
f 2851 2893 2859
f 2888 2880 2833
f 2846 2880 2888
f 2833 2867 2888
f 2888 2867 2846
f 2662 2709 2717
f 2772 2586 2717
f 2717 2704 2772
f 2709 2704 2717
f 2641 2628 2654
f 2641 2586 2628
f 2654 2662 2641
f 2662 2717 2641
f 2641 2717 2586
f 1780 2047 2055
f 1780 1835 2047
f 1767 1835 1780
f 1780 2055 1869
f 1869 1848 1780
f 1848 1767 1780
f 2581 2814 2712
f 2712 2759 2581
f 2712 2699 2759
f 2712 2814 2856
f 2712 2856 2733
f 2733 2699 2712
f 2555 2657 2801
f 2741 2555 2801
f 2801 2830 2741
f 2775 2830 2801
f 2801 2809 2775
f 2296 2063 2267
f 2267 2186 2296
f 2364 2186 2267
f 2267 2212 2364
f 2063 2212 2267
f 2000 1974 2254
f 2110 2084 2000
f 2000 2254 2110
f 2000 2084 1919
f 1919 1974 2000
f 2228 2105 2008
f 2076 2220 2008
f 2008 2105 2076
f 2749 2631 2618
f 2618 2652 2749
f 2618 2754 2694
f 2694 2652 2618
f 2576 2665 2673
f 2673 2754 2576
f 2500 2665 2576
f 2576 2631 2500
f 2754 2618 2576
f 2576 2618 2631
f 2330 2487 2419
f 2330 2398 2487
f 2419 2343 2330
f 2330 2322 2275
f 2330 2343 2322
f 2432 2398 2262
f 2275 2288 2262
f 2262 2288 2432
f 2262 2330 2275
f 2398 2330 2262
f 2487 2398 2542
f 2610 2487 2542
f 2479 2521 2542
f 2542 2521 2610
f 2199 1945 1979
f 1979 2225 2199
f 1869 2225 1979
f 1979 1992 1869
f 1945 1992 1979
f 2157 2123 2178
f 2157 2060 2170
f 2157 2178 2060
f 2170 2301 2157
f 2301 2123 2157
f 1911 1788 1644
f 816 879 672
f 570 583 803
f 803 756 570
f 803 625 756
f 803 672 625
f 803 583 816
f 816 672 803
f 1078 939 994
f 994 989 1078
f 994 1083 1015
f 939 1083 994
f 1180 989 994
f 994 1345 1180
f 1235 1345 994
f 994 1015 1235
f 879 706 947
f 947 913 879
f 947 939 1078
f 1078 913 947
f 892 1062 871
f 871 926 892
f 892 926 782
f 892 918 960
f 892 782 918
f 871 1083 905
f 905 1083 939
f 939 947 905
f 905 947 706
f 952 931 808
f 952 926 774
f 952 774 897
f 897 931 952
f 952 808 782
f 782 926 952
f 1240 1384 1473
f 1473 1439 1240
f 1447 1384 1240
f 1138 1447 1240
f 1240 1439 1138
f 1219 1109 1282
f 1316 1028 1282
f 1282 1028 1219
f 1282 1342 1316
f 1282 1109 1342
f 2350 2151 2397
f 2350 2274 2185
f 2350 2397 2274
f 2185 2227 2350
f 2350 2138 2253
f 2308 2151 2282
f 2282 2109 2308
f 2151 2350 2282
f 2240 2172 2308
f 2240 2321 2172
f 2308 2164 2240
f 2164 2321 2240
f 2164 2295 2206
f 2363 2321 2206
f 2206 2321 2164
f 2206 2295 2143
f 2206 2143 2219
f 2219 2363 2206
f 2007 2138 2248
f 2227 1952 2248
f 2248 2350 2227
f 2138 2350 2248
f 2248 1952 1981
f 1981 2007 2248
f 1232 1308 1300
f 1232 1300 1075
f 1075 1067 1232
f 1033 1266 1224
f 1224 1266 1313
f 1313 1410 1224
f 1410 1164 1224
f 1397 1452 1554
f 1554 1452 1211
f 1554 1211 1507
f 1554 1507 1363
f 1363 1630 1554
f 1533 1706 1685
f 1685 1499 1533
f 1685 1630 1499
f 1706 1541 1685
f 1559 1703 1698
f 1698 1753 1512
f 1698 1512 1321
f 1122 1355 1253
f 1253 1295 1122
f 1122 1295 1054
f 1300 1355 1122
f 1122 1054 1075
f 1075 1300 1122
f 1103 1171 1027
f 1433 1488 1619
f 1708 1640 1619
f 1619 1488 1708
f 1145 1276 1242
f 1242 1386 1145
f 1729 1530 1556
f 1556 1865 1729
f 1865 1585 1729
f 1784 1708 1509
f 1708 1488 1509
f 1488 1530 1509
f 1509 1585 1784
f 1789 1585 1509
f 1103 1234 1378
f 1378 1171 1103
f 1302 1226 1378
f 1378 1226 1171
f 1200 1391 1336
f 1129 1121 1184
f 1184 985 1129
f 1155 1121 1129
f 1129 985 1155
f 977 786 990
f 786 799 990
f 825 867 854
f 854 799 825
f 1024 1032 1202
f 1202 1011 1024
f 1325 1011 1202
f 1202 1071 1325
f 1202 1058 1071
f 875 786 977
f 875 956 786
f 1045 956 875
f 1231 1121 1176
f 1176 1239 1231
f 1176 1260 1239
f 1307 1362 1375
f 1375 1362 1388
f 1375 1388 1142
f 1375 1464 1566
f 1142 1189 1375
f 1375 1189 1464
f 1566 1485 1375
f 1375 1485 1307
f 1205 1362 1451
f 1451 1176 1205
f 1205 1176 1121
f 1485 1629 1540
f 1540 1629 1561
f 1540 1383 1485
f 1561 1362 1540
f 1307 1383 1540
f 1540 1362 1307
f 1553 1629 1705
f 1595 1629 1553
f 1553 1705 1582
f 1553 1582 1616
f 1616 1595 1553
f 1519 1595 1616
f 1519 1629 1595
f 1616 1396 1519
f 1396 1527 1519
f 1527 1561 1519
f 1561 1629 1519
f 1569 1535 1734
f 1645 1666 1569
f 1569 1666 1472
f 1569 1747 1645
f 1734 1747 1569
f 1739 1658 1603
f 1658 1692 1603
f 1603 1883 1739
f 1506 1760 1671
f 1671 1692 1506
f 1760 1883 1671
f 1883 1603 1671
f 1671 1603 1692
f 1726 1624 1506
f 1658 1624 1726
f 1506 1692 1726
f 1726 1692 1658
f 1760 1493 1438
f 1616 1574 1438
f 1574 1760 1438
f 1438 1396 1616
f 1438 1493 1396
f 1954 1802 1899
f 1802 1768 1899
f 1857 2022 1899
f 1899 1713 1857
f 1899 1768 1713
f 1899 2077 1954
f 1899 2022 2077
f 1781 1768 1747
f 1781 1734 1637
f 1781 1747 1734
f 1637 1713 1781
f 1713 1768 1781
f 2281 2069 2171
f 2171 2061 2281
f 2171 2069 2158
f 2158 2061 2171
f 2137 2014 1912
f 1912 2027 2137
f 1967 2014 2137
f 2137 2103 1967
f 2137 2027 2103
f 203 347 279
f 575 711 656
f 656 541 575
f 656 711 719
f 719 541 656
f 635 546 436
f 546 533 436
f 436 499 635
f 436 533 499
f 1156 1046 1190
f 1190 1245 1156
f 1156 1245 978
f 1156 978 923
f 923 1182 1156
f 1156 1182 1012
f 1156 1012 1216
f 1216 1046 1156
f 792 724 834
f 698 800 855
f 855 910 698
f 855 800 787
f 855 787 753
f 753 910 855
f 253 347 423
f 329 198 245
f 245 321 329
f 347 253 245
f 308 494 418
f 308 439 494
f 308 418 371
f 371 350 308
f 486 355 465
f 295 355 486
f 486 439 295
f 431 439 486
f 486 473 431
f 465 473 486
f 274 164 329
f 329 355 274
f 274 355 295
f 318 216 297
f 208 276 297
f 297 216 208
f 242 318 297
f 637 671 904
f 904 650 637
f 836 671 637
f 637 692 836
f 768 925 776
f 768 590 925
f 721 522 747
f 747 590 721
f 797 1001 878
f 789 1048 891
f 1111 1226 1302
f 1302 1255 1111
f 1192 1226 1111
f 1187 1352 1365
f 1344 1352 1187
f 1420 1344 1187
f 449 648 661
f 661 648 585
f 585 695 661
f 661 606 449
f 640 606 661
f 661 716 640
f 661 695 716
f 428 339 360
f 428 593 572
f 504 593 428
f 572 517 428
f 517 339 428
f 470 606 538
f 538 580 470
f 551 580 538
f 758 551 538
f 538 606 758
f 954 899 865
f 865 899 763
f 949 907 852
f 750 899 852
f 852 831 750
f 907 831 852
f 564 611 763
f 666 501 564
f 501 687 556
f 556 564 501
f 611 564 556
f 556 687 577
f 331 229 263
f 331 250 242
f 263 250 331
f 441 250 386
f 250 378 386
f 386 433 441
f 378 433 386
f 585 483 598
f 483 543 598
f 598 543 742
f 598 695 585
f 598 742 695
f 365 475 666
f 666 433 365
f 365 323 475
f 365 433 378
f 336 315 488
f 488 302 336
f 467 302 488
f 488 315 438
f 438 493 488
f 488 493 370
f 370 467 488
f 268 302 310
f 268 344 187
f 187 302 268
f 454 467 370
f 454 370 509
f 509 577 454
f 577 687 454
f 454 687 475
f 475 323 454
f 399 378 357
f 357 323 399
f 399 365 378
f 323 365 399
f 151 109 227
f 227 104 151
f 96 109 151
f 151 75 96
f 117 75 151
f 172 269 261
f 177 143 227
f 227 62 177
f 130 177 62
f 130 67 135
f 135 177 130
f 130 83 96
f 130 62 83
f 59 46 38
f 72 46 59
f 38 30 59
f 59 30 72
f 12 46 72
f 20 46 12
f 12 88 20
f 67 88 12
f 106 67 25
f 67 12 25
f 25 12 72
f 1591 1510 1612
f 1591 1332 1290
f 1591 1612 1332
f 1290 1489 1591
f 1523 1510 1591
f 1591 1489 1523
f 1578 1387 1730
f 1476 1387 1578
f 1730 1811 1578
f 1722 1586 1756
f 1756 1811 1722
f 1853 1963 1806
f 1806 1963 1654
f 1806 1832 1853
f 1806 1811 1709
f 1806 1819 1832
f 1709 1819 1806
f 2167 2146 1955
f 2167 2099 2146
f 1926 2099 2167
f 2107 1874 1840
f 2107 1958 1874
f 2107 1840 2039
f 2039 2081 2107
f 2081 2217 2107
f 2107 2217 1958
f 2272 2259 2136
f 2272 2217 2259
f 2136 2293 2272
f 2272 2293 2217
f 2204 2484 2492
f 2403 2458 2492
f 2458 2204 2492
f 2327 2374 2437
f 2437 2484 2327
f 2374 2505 2437
f 2437 2505 2403
f 2403 2492 2437
f 2437 2492 2484
f 1382 1463 1429
f 1463 1450 1429
f 1429 1416 1382
f 1327 1149 1437
f 1531 1607 1408
f 1654 1751 1531
f 751 853 908
f 853 1073 908
f 908 827 751
f 895 827 908
f 1306 1086 1196
f 1285 1086 1306
f 1196 1353 1306
f 1353 1285 1306
f 311 337 303
f 167 337 311
f 256 167 311
f 303 366 311
f 311 379 256
f 311 366 379
f 261 337 180
f 180 337 167
f 167 146 180
f 654 544 502
f 544 523 502
f 502 709 654
f 413 426 557
f 1146 1209 1091
f 1209 1133 1091
f 1091 1057 1146
f 1091 1133 1057
f 1002 968 1099
f 1099 981 1002
f 1078 968 1002
f 1002 913 1078
f 1112 1256 1358
f 1112 1358 1332
f 1332 1243 1112
f 1154 1256 1112
f 1112 1125 1154
f 1044 1125 1112
f 1112 1243 1044
f 638 515 756
f 701 515 638
f 688 659 638
f 659 701 638
f 777 709 565
f 688 858 565
f 565 858 777
f 230 128 149
f 149 128 251
f 272 162 306
f 128 162 272
f 306 251 272
f 251 128 272
f 379 374 264
f 264 374 340
f 133 86 78
f 133 120 86
f 36 2 15
f 36 10 2
f 91 146 86
f 91 120 125
f 86 120 91
f 15 7 54
f 54 49 15
f 54 28 49
f 54 7 20
f 20 28 54
f 1322 1212 1526
f 1526 1534 1670
f 1458 1534 1526
f 1526 1212 1458
f 1589 1322 1526
f 1670 1636 1526
f 1636 1589 1526
f 882 772 874
f 280 178 204
f 204 246 280
f 369 246 204
f 178 217 204
f 348 369 204
f 204 217 348
f 403 526 581
f 602 539 403
f 403 539 526
f 314 390 382
f 369 390 314
f 314 246 369
f 416 319 492
f 581 390 416
f 361 390 348
f 319 416 361
f 361 416 390
f 348 306 361
f 361 162 293
f 306 162 361
f 395 353 387
f 387 327 395
f 395 298 353
f 395 327 293
f 293 196 395
f 196 298 395
f 678 657 775
f 678 733 657
f 775 885 678
f 885 733 678
f 555 733 631
f 657 733 555
f 631 644 555
f 644 657 555
f 665 657 691
f 691 720 665
f 479 636 610
f 636 623 610
f 424 500 610
f 814 843 712
f 712 720 814
f 712 843 869
f 343 309 322
f 322 309 301
f 322 411 343
f 699 623 767
f 814 623 699
f 767 843 699
f 699 843 814
f 1178 1513 1555
f 1555 1453 1178
f 1377 1513 1178
f 2079 2147 2160
f 2045 2147 2079
f 2079 2278 2045
f 1741 1966 1822
f 1741 1775 1966
f 1733 1775 1741
f 1822 1678 1741
f 1741 1678 1733
f 2084 1906 1843
f 1966 1775 1843
f 1856 2084 1843
f 1372 1343 1474
f 1474 1351 1372
f 1474 1440 1351
f 1626 1550 1563
f 1563 1639 1626
f 1927 1817 1639
f 1927 1715 1817
f 1817 1715 2003
f 2092 1940 2003
f 2003 1940 1817
f 2003 2139 2092
f 1584 1940 1791
f 1584 1762 1694
f 1791 1762 1584
f 1584 1694 1626
f 1872 1809 1838
f 1838 1927 1872
f 1715 1927 1838
f 1838 1783 1995
f 1838 1809 1783
f 1495 1754 1686
f 1754 1610 1686
f 1516 1495 1686
f 1686 1610 1516
f 1652 1610 1796
f 1796 1783 1652
f 1783 1809 1652
f 1652 1809 1872
f 1639 1610 1652
f 1872 1927 1652
f 1652 1927 1639
f 1529 1469 1414
f 1414 1762 1529
f 1668 1846 1537
f 1846 1605 1537
f 1537 1469 1668
f 1571 1461 1503
f 1503 1469 1571
f 1359 1461 1571
f 1469 1537 1571
f 1571 1537 1605
f 1689 1359 1571
f 1571 1605 1689
f 2338 2249 2351
f 2249 2325 2351
f 2351 2524 2338
f 2351 2469 2524
f 2359 2469 2351
f 2283 2359 2351
f 2351 2325 2283
f 2215 2181 2257
f 2257 2050 2215
f 2181 2147 2257
f 2092 2139 2113
f 2139 2050 2113
f 2050 2257 2113
f 2147 2126 2113
f 2113 2257 2147
f 2283 2325 2152
f 2152 2207 2283
f 2152 2325 2215
f 2215 2050 2152
f 2152 2050 2139
f 1982 1681 1791
f 1278 1443 1346
f 1443 1252 1346
f 1346 1252 1197
f 1346 1197 1024
f 1024 1210 1346
f 1346 1147 1278
f 1346 1210 1147
f 1147 1257 1312
f 1312 1257 1333
f 1312 1456 1147
f 1312 1333 1456
f 1744 1828 1964
f 1964 1807 1744
f 1964 1828 1786
f 1786 1820 1964
f 1820 1807 1964
f 1524 1401 1532
f 1532 1401 1223
f 1532 1223 1291
f 1532 1291 1393
f 1393 1524 1532
f 1613 1498 1477
f 1477 1456 1613
f 1613 1757 1498
f 225 212 233
f 136 212 225
f 233 170 225
f 225 157 136
f 225 170 157
f 335 343 377
f 377 411 335
f 343 411 377
f 21 76 29
f 3 8 29
f 29 8 13
f 29 16 3
f 29 76 16
f 26 42 21
f 21 29 26
f 13 10 18
f 68 42 81
f 81 157 68
f 147 207 173
f 139 207 147
f 100 79 45
f 100 50 37
f 278 401 414
f 414 511 278
f 304 401 380
f 401 278 380
f 731 752 909
f 731 841 752
f 634 524 503
f 655 545 558
f 367 236 270
f 367 333 236
f 84 76 21
f 21 42 84
f 118 71 84
f 84 71 76
f 84 42 97
f 97 152 84
f 139 71 63
f 63 71 118
f 63 220 139
f 152 220 63
f 68 170 102
f 170 110 102
f 393 262 325
f 401 262 393
f 325 359 393
f 359 448 393
f 414 401 393
f 393 448 414
f 317 241 427
f 241 372 427
f 427 262 317
f 534 382 581
f 534 437 382
f 534 581 479
f 479 610 534
f 500 437 534
f 534 610 500
f 568 500 424
f 335 500 568
f 424 691 487
f 487 691 657
f 487 568 424
f 487 657 644
f 644 432 487
f 898 817 686
f 686 987 898
f 898 987 1118
f 1118 927 898
f 898 927 817
f 1351 1440 1406
f 1406 1427 1351
f 1406 1440 1414
f 1414 1338 1406
f 1338 1427 1406
f 1139 932 1118
f 1139 987 953
f 1118 987 1139
f 1351 1427 1194
f 1194 1317 1351
f 1194 1427 1241
f 1241 1317 1194
f 1021 1084 1152
f 1152 1317 1021
f 1152 1275 1351
f 1351 1317 1152
f 838 919 817
f 817 809 838
f 1050 969 948
f 948 961 1050
f 1283 969 1050
f 1050 961 1283
f 715 736 914
f 736 702 914
f 914 893 715
f 914 702 893
f 514 226 383
f 383 485 514
f 519 485 383
f 443 519 383
f 726 713 616
f 616 781 726
f 438 273 349
f 349 472 438
f 273 391 349
f 349 391 425
f 425 472 349
f 438 472 569
f 569 472 404
f 569 493 438
f 535 493 569
f 569 404 446
f 561 535 569
f 569 446 561
f 226 286 294
f 197 150 163
f 163 218 197
f 197 218 281
f 137 150 197
f 328 137 197
f 197 281 328
f 77 30 22
f 30 43 22
f 22 56 77
f 24 11 3
f 3 50 24
f 24 100 45
f 50 100 24
f 27 11 14
f 14 35 27
f 14 43 35
f 158 260 145
f 145 132 111
f 255 132 145
f 145 213 255
f 145 260 213
f 184 252 192
f 163 150 192
f 192 218 163
f 176 218 192
f 192 252 176
f 184 192 108
f 142 66 184
f 142 87 66
f 184 108 142
f 155 223 181
f 66 79 189
f 189 121 66
f 231 121 189
f 189 181 231
f 189 155 181
f 79 155 189
f 696 607 675
f 607 683 675
f 675 531 620
f 620 696 675
f 675 476 531
f 675 683 476
f 353 463 421
f 421 429 353
f 421 463 510
f 510 429 421
f 573 738 484
f 484 450 573
f 484 738 662
f 387 450 518
f 518 450 497
f 518 327 387
f 319 327 518
f 518 497 319
f 628 594 670
f 628 780 539
f 628 670 759
f 759 780 628
f 827 594 793
f 793 594 641
f 607 827 793
f 793 641 607
f 1161 1127 915
f 941 962 1009
f 949 852 1009
f 1009 899 941
f 1009 852 899
f 1229 920 1166
f 1174 920 1229
f 1166 1043 1229
f 1106 1174 1229
f 1229 1072 1106
f 1153 1132 1166
f 1166 920 1153
f 1153 920 1132
f 1056 1001 1022
f 1056 1064 1043
f 1056 1022 1221
f 1221 1064 1056
f 1373 1093 1318
f 1318 1093 1127
f 1127 1250 1318
f 1462 1360 1339
f 1339 1331 1462
f 1339 1360 1373
f 1305 1331 1339
f 1373 1318 1339
f 1140 1072 1305
f 1250 1072 1140
f 1140 1318 1250
f 1305 1339 1140
f 1140 1339 1318
f 1145 1386 1564
f 1564 1386 1433
f 1433 1619 1564
f 1059 1093 1373
f 1373 1263 1059
f 996 1093 1059
f 1195 983 1059
f 1059 983 996
f 1059 1271 1195
f 1059 1263 1271
f 2198 2177 2232
f 2177 2245 2232
f 2232 2279 2198
f 2342 2279 2232
f 2423 2224 2266
f 2423 2245 2224
f 2266 2300 2423
f 2499 2601 2520
f 2520 2300 2499
f 2937 2950 2968
f 2955 2963 2968
f 2968 2934 2955
f 2937 2874 2942
f 2942 2950 2937
f 2874 2887 2942
f 2902 2868 2881
f 2881 2894 2902
f 2923 2894 2881
f 2928 2894 2923
f 2923 2907 2928
f 2928 2907 2873
f 2915 2894 2928
f 2928 2962 2915
f 2979 3000 2982
f 2979 2982 2987
f 2984 2997 2979
f 2997 3000 2979
f 2979 2971 2984
f 2987 2971 2979
f 2992 2995 2990
f 2990 3000 2992
f 2990 2995 2993
f 2982 3000 2990
f 2990 2993 2977
f 2977 2982 2990
f 2828 2878 2836
f 2836 2878 2865
f 2865 2857 2836
f 2760 2802 2836
f 2836 2802 2828
f 2836 2658 2760
f 2836 2857 2658
f 2844 2865 2920
f 2865 2878 2920
f 2936 2792 2805
f 2936 2907 2923
f 2805 2907 2936
f 2889 2792 2936
f 2923 2881 2936
f 2868 2889 2936
f 2936 2881 2868
f 2860 2792 2716
f 2805 2792 2860
f 2695 2805 2860
f 2860 2661 2695
f 2716 2661 2860
f 2873 2797 2941
f 2941 2928 2873
f 2962 2928 2941
f 2941 2797 2899
f 2899 2954 2941
f 2954 2962 2941
f 2428 2229 2331
f 2428 2331 2250
f 2428 2462 2394
f 2394 2229 2428
f 2250 2352 2428
f 2428 2352 2462
f 2310 2488 2386
f 2488 2517 2386
f 2386 2166 2310
f 2386 2352 2166
f 2724 2614 2648
f 2648 2758 2724
f 2648 2614 2585
f 2661 2758 2648
f 2593 2627 2648
f 2648 2585 2593
f 2627 2750 2648
f 2750 2661 2648
f 2491 2470 2614
f 2491 2284 2347
f 2491 2457 2284
f 2580 2635 2711
f 2580 2538 2635
f 2711 2525 2580
f 2459 2349 2446
f 2459 2226 2349
f 2417 2226 2459
f 2459 2446 2315
f 2315 2336 2459
f 2459 2336 2417
f 2213 2205 2192
f 2192 2362 2260
f 2260 2213 2192
f 2247 2213 2260
f 2362 2226 2260
f 2260 2226 2417
f 2417 2247 2260
f 2158 2205 2124
f 2124 2239 2158
f 2205 2213 2124
f 2124 2213 2247
f 2124 2336 2239
f 2124 2247 2336
f 2255 2391 2370
f 2399 2522 2370
f 2370 2323 2399
f 2370 2391 2323
f 2370 2522 2200
f 2200 2255 2370
f 2028 2214 2070
f 2070 2180 2028
f 2070 2214 2193
f 1837 2180 2070
f 2193 2112 2070
f 2112 1837 2070
f 1934 1955 2091
f 1934 1887 1955
f 2455 2340 2408
f 2455 2442 2340
f 2408 2463 2455
f 2463 2442 2455
f 2764 2730 2819
f 2819 2798 2764
f 2709 2785 2806
f 2806 2704 2709
f 2793 2704 2806
f 2916 2793 2806
f 2806 2777 2916
f 2806 2785 2777
f 2066 2134 2218
f 2066 2218 2019
f 2066 2019 1956
f 2603 2535 2650
f 2637 2616 2603
f 2603 2650 2637
f 2679 2535 2603
f 2705 2679 2603
f 2616 2726 2603
f 2603 2726 2705
f 2815 2904 2891
f 2891 2904 2802
f 2891 2802 2760
f 2760 2794 2891
f 2891 2794 2815
f 2875 2883 2896
f 2896 2794 2862
f 2896 2854 2875
f 2862 2854 2896
f 2849 2739 2862
f 2862 2794 2849
f 2849 2794 2760
f 2849 2692 2739
f 2760 2726 2849
f 2726 2692 2849
f 2731 2773 2642
f 2642 2773 2739
f 2375 2464 2367
f 2464 2430 2367
f 2430 2409 2367
f 2367 2244 2375
f 2367 2409 2244
f 2401 2435 2608
f 2401 2430 2435
f 2608 2655 2401
f 2401 2655 2498
f 2401 2498 2388
f 2388 2430 2401
f 2422 2291 2448
f 2448 2537 2422
f 2558 2537 2448
f 2448 2202 2372
f 2291 2202 2448
f 2958 2924 2937
f 2958 2971 2924
f 2984 2971 2958
f 2958 2963 2984
f 2937 2968 2958
f 2958 2968 2963
f 2901 2859 2914
f 2859 2922 2914
f 2914 2922 2935
f 2914 2880 2901
f 2935 2880 2914
f 2809 2801 2780
f 2780 2801 2657
f 2780 2657 2788
f 2780 2788 2733
f 2733 2767 2780
f 2780 2767 2809
f 2029 2228 2016
f 2228 2008 2016
f 2016 2008 2220
f 2220 1961 2016
f 2016 1961 2042
f 2016 1987 2029
f 2042 1987 2016
f 2479 2542 2453
f 2453 2542 2398
f 2453 2398 2432
f 2453 2356 2479
f 2432 2356 2453
f 1699 1903 1631
f 1903 1644 1631
f 1631 1788 1492
f 1631 1644 1788
f 2021 1932 1864
f 1864 1903 2021
f 1864 1644 1903
f 1151 892 960
f 1062 892 1151
f 1193 1062 1151
f 960 1138 1151
f 1151 1138 1193
f 863 871 761
f 871 905 761
f 761 905 706
f 761 706 769
f 761 769 740
f 740 863 761
f 2261 2350 2253
f 2261 2282 2350
f 1130 1232 1067
f 1067 1033 1130
f 1033 1224 1130
f 1130 1224 1164
f 1651 1554 1630
f 1630 1685 1651
f 1651 1185 1397
f 1397 1554 1651
f 1596 1418 1651
f 1651 1418 1185
f 1651 1541 1596
f 1651 1685 1541
f 1567 1703 1559
f 1567 1690 1703
f 1635 1690 1567
f 1567 1559 1504
f 1504 1635 1567
f 1614 1690 1635
f 1614 1601 1677
f 1614 1635 1601
f 1703 1690 1614
f 1491 1559 1465
f 1559 1698 1465
f 1321 1491 1465
f 1465 1698 1321
f 1669 1703 1656
f 1669 1698 1703
f 1753 1698 1669
f 988 946 980
f 980 959 988
f 946 645 980
f 904 802 794
f 794 739 904
f 959 980 1014
f 1014 980 760
f 1530 1729 1543
f 1789 1509 1543
f 1543 1509 1530
f 1543 1585 1789
f 1543 1729 1585
f 1268 1378 1234
f 1234 1200 1268
f 1268 1200 1336
f 1302 1378 1268
f 1336 1247 1268
f 1268 1247 1302
f 1480 1234 1349
f 1480 1200 1234
f 1391 1200 1480
f 1472 1391 1480
f 1480 1349 1472
f 943 875 977
f 1032 943 935
f 977 990 935
f 935 943 977
f 1265 1176 1451
f 1260 1176 1265
f 1417 1260 1265
f 1527 1417 1265
f 1265 1451 1527
f 1362 1205 1299
f 1155 1388 1299
f 1388 1362 1299
f 1299 1121 1155
f 1299 1205 1121
f 1535 1569 1467
f 1467 1590 1679
f 1472 1590 1467
f 1467 1569 1472
f 1679 1501 1467
f 1501 1535 1467
f 203 279 148
f 211 203 148
f 148 224 211
f 190 224 148
f 287 279 347
f 287 245 198
f 347 245 287
f 198 164 287
f 164 279 287
f 232 164 143
f 232 279 164
f 143 177 232
f 232 148 279
f 135 122 232
f 232 177 135
f 190 148 232
f 232 156 190
f 232 122 156
f 766 690 902
f 902 842 567
f 902 690 842
f 321 245 363
f 376 507 363
f 507 397 363
f 363 397 389
f 389 452 363
f 452 321 363
f 185 143 206
f 143 164 206
f 164 274 206
f 405 274 295
f 405 308 350
f 295 439 405
f 439 308 405
f 201 269 248
f 269 316 248
f 248 316 350
f 214 316 269
f 269 172 214
f 214 172 104
f 755 577 509
f 509 522 755
f 776 797 700
f 700 797 878
f 776 891 912
f 912 797 776
f 1001 797 912
f 1022 1001 912
f 776 925 844
f 844 891 776
f 844 925 789
f 789 891 844
f 1208 1187 1365
f 1090 1187 1208
f 1365 1386 1208
f 1386 1242 1208
f 1221 1090 1208
f 1208 1276 1221
f 1208 1242 1276
f 1420 1187 1310
f 1310 1255 1420
f 1310 1187 1090
f 1192 1111 1310
f 1310 1111 1255
f 1310 1048 1192
f 1310 1090 1048
f 360 415 407
f 407 428 360
f 407 415 352
f 352 504 407
f 504 428 407
f 763 611 886
f 886 865 763
f 886 700 878
f 611 700 886
f 886 878 954
f 954 865 886
f 763 619 530
f 530 564 763
f 530 619 666
f 666 564 530
f 611 556 734
f 734 700 611
f 734 755 768
f 734 768 776
f 776 700 734
f 734 556 577
f 577 755 734
f 229 331 221
f 276 229 221
f 221 297 276
f 242 297 221
f 221 331 242
f 344 268 412
f 357 344 412
f 412 323 357
f 310 323 412
f 412 268 310
f 420 323 310
f 420 454 323
f 193 151 104
f 104 172 193
f 193 172 261
f 41 88 67
f 67 130 41
f 96 88 41
f 41 130 96
f 72 30 51
f 51 25 72
f 106 25 51
f 51 98 106
f 77 98 51
f 51 30 77
f 1599 1578 1743
f 1599 1531 1408
f 1743 1531 1599
f 1599 1408 1476
f 1476 1578 1599
f 1573 1578 1811
f 1743 1578 1573
f 1811 1806 1573
f 1573 1806 1654
f 1654 1531 1573
f 1573 1531 1743
f 1667 1586 1497
f 1497 1544 1667
f 1497 1730 1442
f 1442 1544 1497
f 2159 2167 1955
f 2159 2010 2023
f 1955 2010 2159
f 2023 1926 2159
f 1926 2167 2159
f 1340 1429 1450
f 1340 1285 1353
f 1340 1450 1285
f 1340 1353 1416
f 1416 1429 1340
f 1162 1327 1437
f 1395 1327 1162
f 1162 1437 1348
f 1348 1395 1162
f 1272 1395 1217
f 1272 1327 1395
f 1272 1217 1238
f 1238 1149 1272
f 1149 1327 1272
f 1607 1531 1662
f 1675 1607 1662
f 1662 1552 1675
f 1751 1552 1662
f 1662 1531 1751
f 261 180 159
f 159 180 146
f 510 552 345
f 531 476 345
f 345 429 510
f 476 429 345
f 586 523 544
f 586 552 523
f 586 345 552
f 586 544 531
f 531 345 586
f 303 290 358
f 756 625 837
f 837 722 756
f 837 672 879
f 625 672 837
f 879 913 837
f 913 722 837
f 913 1002 714
f 714 722 913
f 714 1002 981
f 714 981 748
f 811 722 680
f 811 680 688
f 688 638 811
f 756 722 811
f 811 638 756
f 99 120 154
f 120 133 154
f 154 133 78
f 154 78 175
f 175 209 154
f 251 157 73
f 73 149 251
f 277 379 400
f 379 243 400
f 523 552 489
f 489 552 510
f 379 366 235
f 235 243 379
f 235 366 303
f 303 358 235
f 188 222 256
f 256 379 188
f 379 264 188
f 196 222 188
f 188 298 196
f 340 298 188
f 188 264 340
f 57 70 125
f 125 120 57
f 23 36 15
f 70 36 23
f 23 75 117
f 15 75 23
f 117 125 23
f 125 70 23
f 65 120 99
f 65 57 120
f 1060 882 861
f 882 874 861
f 916 1060 861
f 861 874 916
f 950 772 895
f 950 874 772
f 895 908 950
f 950 908 1073
f 950 1073 916
f 916 874 950
f 356 314 382
f 246 314 356
f 335 246 356
f 356 500 335
f 382 437 356
f 356 437 500
f 458 416 492
f 458 492 602
f 602 403 458
f 458 403 581
f 581 416 458
f 293 327 285
f 285 361 293
f 285 327 319
f 319 361 285
f 513 623 720
f 513 610 623
f 720 691 513
f 513 691 424
f 424 610 513
f 665 720 801
f 720 712 801
f 890 665 801
f 801 869 890
f 801 712 869
f 301 254 191
f 191 322 301
f 191 178 280
f 191 254 178
f 1377 1178 1445
f 1432 1364 1445
f 1445 1364 1377
f 1419 1453 1309
f 1419 1178 1453
f 1419 1309 1432
f 1419 1445 1178
f 2278 2079 2354
f 2168 2210 2354
f 2210 2278 2354
f 2354 2236 2168
f 2160 2236 2354
f 2354 2079 2160
f 1966 1843 1898
f 1898 1843 1906
f 1898 1953 1966
f 1898 1906 1953
f 1885 1775 1733
f 1885 1843 1775
f 1885 1733 1856
f 1856 1843 1885
f 1542 1474 1343
f 1660 1474 1542
f 1618 1660 1542
f 1343 1521 1542
f 1542 1521 1618
f 1482 1474 1550
f 1440 1474 1482
f 1550 1694 1482
f 1482 1694 1414
f 1414 1440 1482
f 1508 1660 1639
f 1639 1563 1508
f 1707 1474 1660
f 1660 1508 1707
f 1707 1508 1563
f 1550 1474 1707
f 1707 1563 1550
f 1830 2003 1715
f 1715 1838 1830
f 2118 2139 1830
f 2139 2003 1830
f 1995 2118 1830
f 1830 1838 1995
f 1626 1817 1597
f 1597 1584 1626
f 1817 1940 1597
f 1940 1584 1597
f 1728 1762 1791
f 1668 1469 1728
f 1469 1529 1728
f 1728 1681 1668
f 1791 1681 1728
f 2058 1940 2092
f 2092 2113 2058
f 1770 1940 2058
f 2173 2152 2139
f 2207 2152 2173
f 2173 2139 2118
f 2118 2207 2173
f 1791 1749 1736
f 1736 1982 1791
f 1736 1749 1893
f 1456 1401 1367
f 1367 1613 1456
f 1367 1422 1558
f 1367 1401 1422
f 1558 1757 1367
f 1757 1613 1367
f 34 29 13
f 34 26 29
f 13 18 34
f 47 26 34
f 34 18 47
f 60 26 47
f 42 26 60
f 60 81 42
f 157 81 107
f 107 73 157
f 37 71 58
f 490 558 537
f 359 456 490
f 490 448 359
f 490 537 414
f 414 448 490
f 718 731 909
f 909 964 718
f 718 964 710
f 600 723 744
f 723 841 744
f 333 367 409
f 511 469 409
f 482 359 634
f 634 503 482
f 482 456 359
f 482 503 456
f 757 655 613
f 655 558 613
f 613 524 757
f 613 503 524
f 456 503 613
f 613 490 456
f 558 490 613
f 600 744 647
f 566 469 511
f 566 511 414
f 414 537 566
f 537 647 566
f 566 647 469
f 270 278 291
f 291 367 270
f 291 278 511
f 511 409 291
f 291 409 367
f 55 63 118
f 152 63 55
f 118 84 55
f 55 84 152
f 144 110 97
f 144 102 110
f 97 42 144
f 144 42 68
f 68 102 144
f 338 427 372
f 338 440 325
f 338 372 440
f 325 262 338
f 262 427 338
f 215 147 173
f 113 147 215
f 173 257 215
f 181 223 160
f 231 181 160
f 304 380 160
f 547 487 432
f 568 487 547
f 547 432 445
f 547 445 335
f 335 568 547
f 1110 1084 1021
f 1021 932 1110
f 1055 1084 1110
f 1144 1055 1110
f 953 974 1110
f 974 1144 1110
f 1262 1152 1084
f 1262 1084 1220
f 1097 1275 1262
f 1275 1152 1262
f 1220 1186 1262
f 1262 1186 1097
f 919 838 804
f 864 940 804
f 940 919 804
f 804 809 864
f 804 838 809
f 815 650 713
f 713 726 815
f 815 637 650
f 692 637 815
f 815 726 781
f 205 294 286
f 205 252 239
f 286 252 205
f 239 307 205
f 307 294 205
f 417 383 265
f 265 341 417
f 265 383 226
f 226 294 265
f 307 341 265
f 265 294 307
f 11 24 53
f 53 24 45
f 53 45 40
f 61 14 11
f 158 145 90
f 90 82 158
f 111 124 90
f 90 145 111
f 90 124 69
f 69 95 90
f 90 95 82
f 171 192 150
f 171 108 192
f 171 82 103
f 103 108 171
f 129 108 103
f 103 82 129
f 82 95 129
f 87 142 129
f 129 142 108
f 48 22 43
f 48 61 95
f 56 22 48
f 43 14 48
f 14 61 48
f 69 56 48
f 48 95 69
f 126 100 113
f 113 215 126
f 79 100 134
f 134 155 79
f 100 126 134
f 223 155 134
f 134 215 223
f 134 126 215
f 497 450 505
f 450 484 505
f 615 497 505
f 505 484 615
f 662 594 560
f 594 628 560
f 560 628 539
f 560 539 615
f 615 484 560
f 560 484 662
f 975 1161 915
f 915 1004 975
f 1004 928 975
f 1030 1250 1127
f 1127 1161 1030
f 1098 1229 1043
f 1043 1064 1098
f 1145 1284 1098
f 1098 1276 1145
f 1284 1072 1098
f 1072 1229 1098
f 1221 1276 1098
f 1098 1064 1221
f 1166 1132 933
f 933 810 878
f 933 1043 1166
f 933 1056 1043
f 878 1001 933
f 1001 1056 933
f 1441 1297 1284
f 1441 1284 1145
f 1145 1564 1441
f 1441 1564 1619
f 1441 1619 1640
f 1441 1640 1399
f 1399 1297 1441
f 2106 2017 2012
f 2012 2046 2106
f 2012 1983 2046
f 2114 2093 2059
f 2114 2059 1978
f 1978 2156 2114
f 2326 2300 2266
f 2376 2300 2520
f 2376 2423 2300
f 2376 2520 2444
f 2444 2342 2376
f 2622 2601 2465
f 2601 2499 2465
f 2504 2512 2465
f 2465 2677 2622
f 2465 2711 2677
f 2465 2499 2300
f 2465 2326 2504
f 2300 2326 2465
f 2921 2934 2900
f 2934 2968 2900
f 2900 2968 2950
f 2900 2866 2921
f 2908 2853 2929
f 2950 2942 2908
f 2887 2853 2908
f 2908 2942 2887
f 2908 2900 2950
f 2908 2929 2866
f 2866 2900 2908
f 2925 2878 2946
f 2925 2920 2878
f 2925 2954 2899
f 2925 2933 2954
f 2925 2938 2933
f 2946 2938 2925
f 2449 2517 2483
f 2449 2386 2517
f 2483 2415 2449
f 2449 2415 2462
f 2462 2352 2449
f 2352 2386 2449
f 2360 2491 2347
f 2470 2491 2360
f 2415 2470 2360
f 2394 2415 2360
f 2347 2373 2360
f 2373 2394 2360
f 2457 2491 2559
f 2504 2457 2559
f 2559 2491 2614
f 2559 2512 2504
f 2559 2614 2724
f 2724 2538 2559
f 2525 2512 2559
f 1887 1934 2078
f 2031 2065 2078
f 2078 2065 1688
f 1688 1803 2078
f 1803 2044 2078
f 2044 1887 2078
f 2091 2154 1968
f 1968 1934 2091
f 2243 2031 1968
f 1968 2154 2243
f 2031 2078 1968
f 1968 2078 1934
f 2680 2819 2730
f 2756 2688 2680
f 2680 2730 2756
f 2680 2688 2667
f 2667 2722 2680
f 2680 2722 2714
f 2714 2798 2680
f 2798 2819 2680
f 2189 1956 2087
f 2189 2066 1956
f 2087 2155 2189
f 2155 2134 2189
f 2134 2066 2189
f 2815 2794 2870
f 2794 2896 2870
f 2870 2896 2883
f 2870 2951 2815
f 2883 2951 2870
f 2595 2642 2739
f 2739 2692 2595
f 2595 2629 2540
f 2595 2692 2616
f 2595 2540 2731
f 2731 2642 2595
f 2595 2616 2637
f 2637 2629 2595
f 2545 2558 2304
f 2558 2448 2304
f 2304 2406 2545
f 2338 2406 2304
f 2372 2338 2304
f 2304 2448 2372
f 1602 1631 1492
f 1699 1631 1602
f 1602 1492 1665
f 1665 1589 1602
f 1602 1589 1699
f 1911 1644 1691
f 1644 1864 1691
f 1691 1932 1911
f 1691 1864 1932
f 2109 2282 2041
f 2282 2261 2041
f 2041 2138 2109
f 2253 2138 2041
f 2041 2261 2253
f 1308 1232 1279
f 1232 1130 1279
f 1164 1308 1279
f 1279 1130 1164
f 1758 1614 1677
f 1758 1944 1656
f 1656 1703 1758
f 1703 1614 1758
f 1677 1779 1758
f 1779 1944 1758
f 1622 1669 1656
f 1656 1944 1622
f 1622 1800 1753
f 1753 1669 1622
f 1711 1800 1622
f 1622 1944 1711
f 857 980 645
f 760 980 857
f 857 645 561
f 739 760 857
f 857 713 739
f 561 616 857
f 616 713 857
f 1082 794 802
f 1082 802 1035
f 1035 1069 1082
f 959 1014 1179
f 1171 959 1179
f 1179 1027 1171
f 993 1014 760
f 993 760 739
f 739 794 993
f 1045 875 1066
f 875 943 1066
f 1108 1045 1066
f 1066 1087 1108
f 1066 943 1032
f 1066 1252 1087
f 1032 1197 1066
f 1197 1252 1066
f 888 990 799
f 888 935 990
f 888 1202 1032
f 1032 935 888
f 888 854 867
f 799 854 888
f 888 867 1058
f 1058 1202 888
f 766 902 868
f 868 902 834
f 868 834 724
f 889 766 868
f 868 847 889
f 724 847 868
f 834 902 821
f 669 792 821
f 792 834 821
f 821 567 669
f 821 902 567
f 457 245 253
f 457 363 245
f 376 363 457
f 457 423 376
f 457 253 423
f 282 206 274
f 274 405 282
f 282 405 350
f 324 201 240
f 201 248 240
f 240 447 324
f 371 447 240
f 240 350 371
f 240 248 350
f 219 104 185
f 219 214 104
f 185 206 219
f 350 316 219
f 316 214 219
f 590 768 658
f 658 721 590
f 823 912 891
f 1048 1090 823
f 823 891 1048
f 823 1090 1022
f 1022 912 823
f 467 454 480
f 454 420 480
f 310 467 480
f 480 420 310
f 117 151 138
f 151 193 138
f 138 159 117
f 138 193 261
f 261 159 138
f 1586 1722 1701
f 1701 1497 1586
f 146 91 112
f 112 159 146
f 117 159 112
f 112 125 117
f 112 91 125
f 408 358 523
f 523 489 408
f 243 235 408
f 408 235 358
f 408 400 243
f 277 400 408
f 442 502 523
f 442 455 502
f 502 455 612
f 709 502 612
f 612 565 709
f 866 714 748
f 722 714 866
f 748 680 866
f 680 722 866
f 44 36 70
f 70 57 44
f 57 65 44
f 65 52 44
f 115 52 65
f 115 107 81
f 115 65 99
f 280 259 267
f 267 191 280
f 259 411 267
f 411 322 267
f 322 191 267
f 1432 1445 1411
f 1411 1419 1432
f 1445 1419 1411
f 1673 1529 1762
f 1762 1728 1673
f 1673 1728 1529
f 1825 2058 2113
f 1825 2126 1893
f 1825 2113 2126
f 1893 1749 1825
f 1825 1749 1770
f 1770 2058 1825
f 1893 2126 1804
f 1804 1736 1893
f 1804 2126 1859
f 1982 1736 1804
f 1859 1647 1804
f 1681 1982 1804
f 1804 1647 1846
f 1846 1681 1804
f 39 60 47
f 81 60 39
f 39 115 81
f 139 147 92
f 147 58 92
f 92 71 139
f 92 58 71
f 105 147 113
f 105 58 147
f 113 100 105
f 105 100 37
f 37 58 105
f 375 341 307
f 375 312 244
f 307 312 375
f 697 718 710
f 697 684 608
f 697 710 684
f 731 718 540
f 718 697 540
f 642 553 443
f 608 553 642
f 629 540 621
f 621 697 608
f 621 540 697
f 587 744 841
f 600 647 676
f 676 647 537
f 537 558 676
f 676 545 600
f 676 558 545
f 477 647 744
f 469 647 477
f 257 168 202
f 202 215 257
f 223 215 202
f 202 168 304
f 304 160 202
f 202 160 223
f 299 160 380
f 299 278 270
f 299 380 278
f 932 1139 1029
f 1029 1110 932
f 1029 1139 953
f 953 1110 1029
f 692 815 527
f 527 815 781
f 582 624 527
f 527 616 582
f 527 781 616
f 527 624 459
f 459 692 527
f 19 61 11
f 11 53 19
f 19 53 74
f 95 61 32
f 32 19 74
f 61 19 32
f 40 87 32
f 87 129 32
f 32 129 95
f 32 53 40
f 74 53 32
f 116 150 137
f 116 171 150
f 137 158 116
f 158 82 116
f 82 171 116
f 1051 1009 1161
f 1161 975 1051
f 949 1009 1051
f 1051 928 949
f 1051 975 928
f 1250 1030 1017
f 1017 962 1174
f 1174 1250 1017
f 1017 1009 962
f 1161 1009 1017
f 1017 1030 1161
f 1077 933 1132
f 810 933 1077
f 941 810 1077
f 1119 941 1077
f 1077 1132 1119
f 2093 2114 2211
f 2017 2169 2135
f 2080 2203 2135
f 2135 2169 2080
f 2182 2012 2017
f 2017 2135 2182
f 2182 2135 2271
f 2182 2211 2012
f 2182 2271 2093
f 2093 2211 2182
f 2161 2203 2402
f 2245 2423 2389
f 2423 2376 2389
f 2389 2232 2245
f 2342 2232 2389
f 2389 2376 2342
f 2656 2525 2711
f 2656 2512 2525
f 2711 2465 2656
f 2656 2465 2512
f 2844 2920 2912
f 2920 2925 2912
f 2899 2844 2912
f 2912 2925 2899
f 2546 2580 2525
f 2525 2559 2546
f 2538 2580 2546
f 2546 2559 2538
f 1103 1027 1213
f 1027 1179 1213
f 1213 1179 1014
f 870 993 794
f 1014 993 870
f 206 282 342
f 342 219 206
f 342 282 350
f 350 219 342
f 721 658 679
f 522 721 679
f 679 755 522
f 768 755 679
f 679 658 768
f 1730 1497 1777
f 1497 1701 1777
f 1777 1701 1722
f 1777 1811 1730
f 1777 1722 1811
f 277 408 332
f 332 408 489
f 332 489 510
f 510 463 332
f 340 277 332
f 332 463 340
f 523 358 434
f 434 442 523
f 633 612 455
f 633 599 688
f 688 565 633
f 565 612 633
f 141 154 209
f 99 154 141
f 141 115 99
f 141 209 230
f 230 149 141
f 52 115 31
f 115 39 31
f 31 39 47
f 47 18 31
f 31 18 10
f 31 44 52
f 10 36 31
f 36 44 31
f 333 409 388
f 341 375 430
f 320 388 409
f 320 375 244
f 244 333 320
f 333 388 320
f 629 621 532
f 841 731 820
f 820 587 841
f 731 540 820
f 540 587 820
f 663 540 629
f 663 587 540
f 663 532 579
f 629 532 663
f 744 587 422
f 422 477 744
f 587 663 422
f 422 663 579
f 346 299 270
f 160 299 346
f 270 236 346
f 346 236 231
f 231 160 346
f 2025 2211 2114
f 2012 2211 2025
f 2368 2135 2203
f 2203 2161 2368
f 2271 2135 2368
f 2368 2161 2271
f 2059 2093 2237
f 2093 2271 2237
f 2271 2161 2237
f 2266 2059 2258
f 2059 2355 2258
f 2258 2326 2266
f 2284 2457 2313
f 2402 2284 2313
f 2313 2161 2402
f 967 1213 1014
f 1014 870 967
f 967 1069 1103
f 1103 1213 967
f 967 1082 1069
f 794 1082 967
f 967 870 794
f 455 442 536
f 442 434 536
f 557 599 536
f 536 413 557
f 599 633 536
f 536 633 455
f 107 115 94
f 115 141 94
f 94 141 149
f 149 73 94
f 73 107 94
f 417 341 362
f 341 430 362
f 579 532 498
f 498 409 579
f 498 320 409
f 595 532 621
f 595 498 532
f 579 409 435
f 435 422 579
f 477 422 435
f 435 409 469
f 469 477 435
f 2122 2025 2114
f 2122 2114 2156
f 1983 2012 2122
f 2012 2025 2122
f 1949 1983 2122
f 2122 2156 1949
f 2190 2355 2059
f 2059 2237 2190
f 2190 2237 2161
f 2436 2258 2355
f 2326 2258 2436
f 2504 2326 2436
f 2436 2457 2504
f 2436 2313 2457
f 392 434 358
f 392 536 434
f 413 536 392
f 392 358 290
f 375 320 396
f 320 498 396
f 396 430 375
f 396 498 430
f 506 595 621
f 608 642 506
f 506 621 608
f 417 362 354
f 354 362 430
f 2161 2313 2334
f 2334 2190 2161
f 2355 2190 2334
f 2334 2436 2355
f 2313 2436 2334
f 468 392 290
f 413 392 468
f 468 290 426
f 426 413 468
f 417 354 464
f 464 642 443
f 464 506 642
f 443 383 464
f 464 383 417
f 451 354 430
f 430 498 451
f 498 595 451
f 595 506 451
f 506 464 451
f 451 464 354

