# https://github.com/mikedh/trimesh
v -0.03347833 0.99084547 0.13078400
v -0.03456940 0.98973582 0.13866494
v -0.03417434 0.99006046 0.13642729
v -0.03316527 0.99106408 0.12919777
v -0.03501805 0.98916919 0.14254138
v -0.03548812 0.98873500 0.14540874
v -0.03396378 0.99018456 0.13557657
v -0.03301260 0.99111977 0.12880901
v -0.03571087 0.98793404 0.15070193
v -0.03517862 0.98841504 0.14764202
v -0.03435382 0.98946545 0.14063405
v -0.03505917 0.98877273 0.14525615
v -0.03826171 0.98436810 0.17191709
v -0.04033910 0.98143955 0.18748110
v -0.04083162 0.98025994 0.19345084
v -0.03838804 0.98387102 0.17471167
v -0.04092551 0.98152022 0.18693088
v -0.04156739 0.98039232 0.19262150
v -0.04052335 0.98193566 0.18482483
v -0.04006874 0.98273452 0.18063044
v -0.04014984 0.98287747 0.17983287
v -0.03947390 0.98379347 0.17490634
v -0.03941442 0.98399861 0.17376201
v -0.04009322 0.98308478 0.17870886
v -0.04175406 0.98032500 0.19292354
v -0.04261854 0.97880535 0.20030913
v -0.04039708 0.98239971 0.18237020
v -0.04096127 0.98161470 0.18642626
v -0.04169107 0.98073496 0.19084234
v -0.04128149 0.98131221 0.18794198
v -0.04123049 0.98149400 0.18700154
v -0.04161357 0.98093149 0.18984658
v -0.04184032 0.98029821 0.19304092
v -0.04147535 0.98091945 0.18993901
v -0.04193313 0.98029435 0.19304042
v -0.04238143 0.97954626 0.19670520
v -0.04066697 0.98217231 0.18353132
v -0.04065320 0.98231372 0.18277602
v -0.04074879 0.98227879 0.18294238
v -0.04127741 0.98151236 0.18689478
v -0.04289834 0.97779113 0.20514444
v -0.04224442 0.97912401 0.19882551
v -0.04323793 0.97756551 0.20614594
v -0.04376895 0.97642395 0.21137772
v -0.04281159 0.97875213 0.20052787
v -0.04506868 0.97471314 0.21886779
v -0.04447831 0.97579562 0.21411348
v -0.04447853 0.97603300 0.21302876
v -0.04497222 0.97514591 0.21695151
v -0.04449144 0.97434944 0.22059844
v -0.04526519 0.97318589 0.22552224
v -0.04636581 0.97070322 0.23576571
v -0.04580143 0.97138573 0.23304935
v -0.04757578 0.96799662 0.24641244
v -0.04761199 0.96706263 0.25004594
v -0.05139677 0.95760423 0.28346517
v -0.04948379 0.96254424 0.26657072
v -0.04895858 0.96493046 0.25789974
v -0.05027930 0.96212775 0.26792198
v -0.04973616 0.96471610 0.25855204
v -0.05014071 0.96420913 0.26035871
v -0.05199350 0.95905141 0.27841888
v -0.05142057 0.95986836 0.27569668
v -0.04614522 0.97256208 0.22802110
v -0.04606629 0.97252327 0.22820252
v -0.04567762 0.97332823 0.22482375
v -0.04561675 0.97366653 0.22336652
v -0.04592299 0.97262245 0.22780838
v -0.04585448 0.97267367 0.22760340
v -0.04565190 0.97311834 0.22573567
v -0.04582201 0.97284356 0.22688269
v -0.04600016 0.97257375 0.22800061
v -0.04631146 0.97199998 0.23037208
v -0.04609289 0.97231216 0.22909497
v -0.04662179 0.97157606 0.23209129
v -0.04727919 0.97087324 0.23488259
v -0.04716089 0.97095621 0.23456320
v -0.04640974 0.97250469 0.22821209
v -0.04644945 0.97255562 0.22798689
v -0.04544932 0.97362186 0.22359523
v -0.04504269 0.97431493 0.22063900
v -0.04475412 0.97504480 0.21745047
v -0.04525271 0.97412857 0.22141751
v -0.04456910 0.97510339 0.21722565
v -0.04533562 0.97363901 0.22354364
v -0.04498069 0.97419232 0.22119238
v -0.04615021 0.97208760 0.23003445
v -0.04625969 0.97168860 0.23169224
v -0.04579869 0.97264784 0.22772498
v -0.04691990 0.97039457 0.23692382
v -0.04654621 0.97139691 0.23285511
v -0.04701009 0.97065520 0.23583582
v -0.04750382 0.96993716 0.23867403
v -0.04826825 0.96803304 0.24613452
v -0.04763337 0.96907865 0.24211077
v -0.04406737 0.97624239 0.21215291
v -0.04560365 0.97281800 0.22703621
v -0.04432648 0.97521256 0.21678474
v -0.04641967 0.97106168 0.23427428
v -0.04726989 0.96927317 0.24140233
v -0.04826226 0.96729023 0.24903889
v -0.04914227 0.96567267 0.25507124
v -0.05375970 0.95316391 0.29763814
v -0.05292535 0.95439375 0.29382219
v -0.03595004 0.98819297 0.14893706
v -0.03561931 0.98849534 0.14699740
v -0.03605629 0.98793572 0.15060862
v -0.03580335 0.98822955 0.14872956
v -0.03597048 0.98808946 0.14961730
v -0.03618871 0.98782042 0.15133138
v -0.03553520 0.98831891 0.14819915
v -0.03580087 0.98808259 0.14970334
v -0.03602936 0.98777429 0.15167014
v -0.03594081 0.98777688 0.15167433
v -0.03725903 0.98633194 0.16050252
v -0.03683121 0.98680430 0.15767286
v -0.03646575 0.98735747 0.15425783
v -0.03673128 0.98707178 0.15601316
v -0.03701614 0.98676791 0.15785722
v -0.03725910 0.98651294 0.15938627
v -0.03775277 0.98584786 0.16333623
v -0.03757863 0.98599084 0.16251128
v -0.03622536 0.98785754 0.15108013
v -0.03663168 0.98742650 0.15377593
v -0.03671936 0.98729859 0.15457422
v -0.03639213 0.98763631 0.15247996
v -0.03761265 0.98623670 0.16100453
v -0.03743765 0.98645667 0.15969242
v -0.03749330 0.98642097 0.15989974
v -0.03777641 0.98605673 0.16206501
v -0.03793066 0.98583367 0.16338068
v -0.03767904 0.98614459 0.16155228
v -0.03252091 0.99183921 0.12327762
v -0.03372569 0.99068290 0.13194682
v -0.03223898 0.99201736 0.12191065
v -0.03207240 0.99208777 0.12138050
v -0.03194063 0.99211623 0.12118247
v -0.04297929 0.97683972 0.20961139
v -0.04412539 0.97420452 0.22131087
v -0.04125838 0.97902725 0.19950786
v -0.04312041 0.97504732 0.21776902
v -0.04628285 0.96918951 0.24192891
v -0.05193140 0.95327422 0.29760946
v -0.04912477 0.96166044 0.26980724
v -0.04551614 0.96889458 0.24325207
v -0.03893263 0.98143340 0.18781038
v -0.03872076 0.98245010 0.18246235
v -0.03261313 0.99013016 0.13630354
v -0.03884446 0.98023600 0.19398063
v -0.03056995 0.99201365 0.12236995
v -0.04929713 0.93324459 0.35584313
v -0.04554514 0.91353072 0.40421192
v -0.04198525 0.95086032 0.30676031
v -0.04268573 0.96292858 0.26635780
v -0.03814320 0.98379765 0.17517785
v -0.03303637 0.99087898 0.13064243
v -0.03396088 0.98999617 0.13694616
v -0.03340983 0.99037024 0.13435241
v -0.02981763 0.99399107 0.10532174
v -0.03091618 0.99309825 0.11313730
v -0.03082296 0.99309506 0.11319071
v -0.02970710 0.99401184 0.10515675
v -0.03001112 0.99398119 0.10535998
v -0.03122434 0.99298850 0.11401267
v -0.03109012 0.99303433 0.11364953
v -0.02991825 0.99399077 0.10529598
v -0.02880165 0.99469496 0.09875427
v -0.02783258 0.99537839 0.09190867
v -0.02766940 0.99554349 0.09015299
v -0.02876351 0.99478775 0.09782636
v -0.02759241 0.99565515 0.08893521
v -0.02874328 0.99487057 0.09698650
v -0.02912433 0.99275883 0.11654047
v -0.02680108 0.99523388 0.09376155
v -0.04165653 0.97247718 0.22924412
v -0.03199297 0.98870438 0.14642436
v -0.02756597 0.99572533 0.08815429
v -0.02880360 0.99488732 0.09679660
v -0.02457638 0.99730862 0.06907618
v -0.02564693 0.99675988 0.07623634
v -0.02607579 0.99645981 0.07992437
v -0.02503820 0.99701607 0.07302091
v -0.02418870 0.99754740 0.06568176
v -0.02537043 0.99696095 0.07365598
v -0.02050838 0.99887117 0.04284624
v -0.01860613 0.99933899 0.03123137
v -0.01695867 0.99968837 0.01831825
v -0.01930747 0.99925813 0.03332269
v -0.03478602 0.98934833 0.14134998
v -0.03536688 0.98872445 0.14550996
v -0.03528203 0.98875284 0.14533753
v -0.03472410 0.98933483 0.14145967
v -0.03390551 0.99015666 0.13579471
v -0.03293591 0.99109382 0.12902818
v -0.03067349 0.99314272 0.11281254
v -0.02954680 0.99406941 0.10465651
v -0.02774743 0.99538542 0.09185825
v -0.02868055 0.99472349 0.09850181
v -0.02618768 0.99634151 0.08134992
v -0.02561940 0.99663986 0.07779872
v -0.02359165 0.99736402 0.06861818
v -0.02302085 0.99733798 0.06918810
v -0.01898696 0.99909077 0.03817232
v -0.02082890 0.99863150 0.04797178
v -0.01410092 0.99990050 0.00039698
v -0.01647881 0.99968845 0.01874721
v -0.02187704 0.99678263 0.07710886
v -0.01892090 0.99739262 0.06964169
v -0.00677974 0.99954472 -0.02940037
v -0.01312270 0.99988108 0.00810028
v 0.00129139 0.99568101 -0.09283131
v 0.00657751 0.99075133 -0.13553061
v -0.00247007 0.99717803 -0.07503250
v -0.00676322 0.99912582 -0.04125350
v -0.05428782 0.87856091 0.47453509
v -0.04663797 0.85019845 0.52439250
v -0.03964256 0.86321319 0.50328069
v -0.04899318 0.88795994 0.45730385
v -0.01202213 0.99931735 0.03493282
v 0.00063002 0.99722550 -0.07443726
v -0.02206168 0.99825898 0.05470191
v -0.02348715 0.99757969 0.06544553
v 0.00919119 0.98967607 -0.14302724
v -0.01267072 0.99990893 -0.00464693
v -0.01613733 0.99960880 0.02284354
v -0.01266676 0.99985083 -0.01174192
v -0.01578113 0.99983694 0.00877817
v -0.03972461 0.98333461 0.17741195
v -0.03793092 0.98574872 0.16389234
v -0.03750283 0.98630426 0.16061582
v -0.03761307 0.98620175 0.16121836
v -0.03798965 0.98572187 0.16404020
v -0.03539735 0.98901841 0.14349081
v -0.03659336 0.98765102 0.15233643
v -0.03594481 0.98830319 0.14820518
v -0.03501043 0.98935508 0.14124731
v -0.03959994 0.98287881 0.17994748
v -0.03963162 0.98306717 0.17890855
v -0.04097480 0.98107605 0.18923753
v -0.04144975 0.98009656 0.19414594
v -0.03595508 0.98795146 0.15052956
v -0.03568835 0.98826253 0.14853795
v -0.03592709 0.98801274 0.15013353
v -0.04359792 0.97633122 0.21184090
v -0.04227267 0.97845464 0.20208794
v -0.03428852 0.98926605 0.14204572
v -0.03478031 0.98918891 0.14246276
v -0.03014253 0.99393954 0.10571480
v -0.03140364 0.99290398 0.11469739
v -0.02759846 0.99575112 0.08785232
v -0.02887141 0.99489082 0.09674037
v -0.02517130 0.99710985 0.07168233
v -0.02392297 0.99771679 0.06315770
v -0.02375810 0.99783552 0.06131740
v -0.02513532 0.99717372 0.07080110
v -0.01860697 0.99945551 0.02724813
v 0.00849433 0.98799237 -0.15426902
v -0.00032593 0.99554610 -0.09427547
v -0.03271495 0.99172908 0.12410945
v -0.03406627 0.99041811 0.13383365
v -0.03172464 0.99221486 0.12042933
v -0.03672565 0.98663610 0.15874642
v -0.03660592 0.98692229 0.15698535
v -0.03740266 0.98592872 0.16292822
v -0.03796882 0.98501556 0.16823413
v -0.03663886 0.98654829 0.15931125
v -0.03587053 0.98723963 0.15514901
v -0.03419546 0.98894111 0.14431267
v -0.03380311 0.98905457 0.14362591
v -0.02690083 0.99598403 0.08539416
v -0.02663182 0.99620185 0.08290129
v -0.02647234 0.99634750 0.08118422
v -0.02637024 0.99645346 0.07990689
v -0.02692567 0.99592595 0.08606112
v -0.02637647 0.99649605 0.07937193
v -0.04380132 0.97721612 0.20767789
v -0.04358761 0.97733386 0.20716815
v -0.04318840 0.97830039 0.20264035
v -0.04777522 0.96958844 0.24003290
v -0.04800490 0.96932630 0.24104366
v -0.04901473 0.96701009 0.24997807
v -0.04871569 0.96735044 0.24871652
v -0.05573081 0.94429670 0.32434214
v -0.05435513 0.94677598 0.31727082
v -0.05761084 0.90222460 0.42740117
v -0.05355094 0.90957391 0.41207717
v -0.04200865 0.98027700 0.19311207
v -0.04209384 0.98017186 0.19362655
v -0.04226711 0.97988438 0.19503870
v -0.04218549 0.97997721 0.19458942
v -0.04577583 0.97302475 0.22611369
v -0.04510356 0.97507494 0.21724303
v -0.04520437 0.97497612 0.21766517
v -0.04582971 0.97378790 0.22279310
v -0.04571754 0.97389423 0.22235095
v -0.04897364 0.95683800 0.28646575
v -0.04983366 0.94748296 0.31589975
v -0.03343552 0.97864674 0.20281178
v -0.03300665 0.98493218 0.16976207
v -0.02297002 0.99694389 0.07466767
v -0.01015470 0.99963025 -0.02522396
v -0.00791960 0.99902761 -0.04337174
v -0.00691194 0.99842047 -0.05575660
v -0.01139444 0.99963411 -0.02453201
v -0.01141763 0.99968958 -0.02214450
v -0.00672124 0.99848571 -0.05459948
v -0.05472552 0.93689979 0.34528813
v -0.05725828 0.93208135 0.35769519
v -0.05747588 0.92111718 0.38501905
v -0.05429892 0.93006341 0.36336440
v -0.04239593 0.97975883 0.19564054
v -0.04243017 0.97974806 0.19568704
v -0.04280245 0.97913006 0.19867633
v -0.04257299 0.97943519 0.19721625
v -0.04238235 0.97962223 0.19632633
v -0.04254987 0.97939863 0.19740271
v -0.04278564 0.97900169 0.19931149
v -0.04187427 0.98046856 0.19216646
v -0.04210375 0.98007295 0.19412441
v -0.04187521 0.98057125 0.19164158
v -0.04178761 0.98065702 0.19122134
v -0.04170240 0.98086936 0.19014787
v -0.04234390 0.97980166 0.19543722
v -0.04245979 0.97959533 0.19644377
v -0.04232689 0.97974525 0.19572347
v -0.04238779 0.97967685 0.19605241
v -0.04195644 0.98042410 0.19237528
v -0.04193453 0.98042572 0.19237177
v -0.04014682 0.98312489 0.17847599
v -0.04025865 0.98304868 0.17887014
v -0.04084095 0.98221327 0.18327332
v -0.04130329 0.98153051 0.18679372
v -0.04170551 0.98092244 0.18987314
v -0.05974960 0.91946621 0.38860247
v -0.06052390 0.89959523 0.43251043
v -0.03436147 0.99020327 0.13533951
v -0.03569159 0.98879063 0.14497998
v -0.04595136 0.97262495 0.22779198
v -0.03639088 0.98774247 0.15179102
v -0.03817262 0.98500917 0.16822538
v -0.03924225 0.98389641 0.17437863
v -0.03945179 0.98348260 0.17665088
v -0.03849693 0.98482849 0.16920645
v -0.03846889 0.98496306 0.16842776
v -0.03700256 0.98707702 0.15591587
v -0.03766579 0.98637239 0.16015865
v -0.03758008 0.98638241 0.16011710
v -0.03804469 0.98577678 0.16369708
v -0.03854241 0.98524632 0.16674581
v -0.03878342 0.98480714 0.16926530
v -0.03829990 0.98539051 0.16594779
v -0.03597634 0.98799471 0.15024033
v -0.03570690 0.98829352 0.14832713
v -0.03888710 0.98457094 0.17061026
v -0.03905368 0.98425532 0.17238412
v -0.03843769 0.98508537 0.16771810
v -0.03839480 0.98520637 0.16701570
v -0.03845681 0.98476480 0.16958587
v -0.03531710 0.98864468 0.14606303
v -0.03638209 0.98733732 0.15440647
v -0.02481784 0.99690144 0.07464309
v -0.02517051 0.99658908 0.07859172
v -0.02912911 0.99375487 0.10771603
v -0.02977525 0.99310766 0.11336055
v -0.02837142 0.99425609 0.10319831
v -0.02810650 0.99455590 0.10034234
v -0.02721252 0.99559334 0.08974058
v -0.02702616 0.99577135 0.08780090
v -0.02770380 0.99531260 0.09265700
v -0.02756889 0.99535746 0.09221439
v -0.02817632 0.99494402 0.09639762
v -0.02849847 0.99473020 0.09848684
v -0.02860970 0.99459608 0.09980037
v -0.02820258 0.99489521 0.09689242
v -0.02856318 0.99474668 0.09830147
v -0.02945908 0.99405763 0.10479306
v -0.02929785 0.99411100 0.10433099
v -0.03173434 0.99206296 0.12167179
v -0.03067706 0.99289479 0.11497330
v -0.02993329 0.99357304 0.10916325
v -0.03043985 0.99324368 0.11198396
v -0.03059932 0.99246142 0.11867609
v -0.03134946 0.99190843 0.12302388
v -0.02678107 0.99546253 0.09130788
v -0.02390818 0.99781405 0.06160782
v -0.02533733 0.99711489 0.07155352
v -0.02339013 0.99785079 0.06121036
v -0.02286183 0.99812510 0.05677695
v -0.02405530 0.99748641 0.06664979
v -0.02493306 0.99698028 0.07354361
v -0.02260347 0.99827140 0.05425216
v -0.02226047 0.99844476 0.05111287
v -0.03232120 0.99136102 0.12711677
v -0.03113408 0.99238297 0.11919190
v -0.02208457 0.99836368 0.05274696
v -0.02133129 0.99868799 0.04655408
v -0.02298408 0.99793581 0.05996538
v -0.02401305 0.99740831 0.06782357
v -0.02095384 0.99885480 0.04301189
v -0.01793789 0.99960887 0.02145542
v -0.02029514 0.99908842 0.03755573
v -0.02951479 0.99358041 0.10921007
v -0.03019411 0.99297026 0.11444815
v -0.02992947 0.99314302 0.11300957
v -0.02941639 0.99360249 0.10903563
v -0.03293535 0.99057008 0.13298940
v -0.03123075 0.99216701 0.12095147
v -0.03945940 0.98405896 0.17340969
v -0.03874298 0.98511178 0.16749256
v -0.03959248 0.98397421 0.17385970
v -0.03781146 0.98630392 0.16054553
v -0.02905870 0.99480475 0.09756587
v -0.03035597 0.99382544 0.10672162
v -0.02655620 0.99643739 0.08004554
v -0.02776503 0.99569006 0.08848958
v -0.05027380 0.96417078 0.26047505
v -0.05227947 0.95876835 0.27933870
v -0.04393753 0.97716433 0.20789269
v -0.04411021 0.97694678 0.20887623
v -0.04472605 0.97585567 0.21378796
v -0.04457127 0.97604959 0.21293332
v -0.03710468 0.98688925 0.15707591
v -0.01521121 0.99987870 0.00334856
v 0.00077481 0.99435508 -0.10610076
v 0.00912581 0.98624775 -0.16502148
v 0.01409807 0.98266177 -0.18487049
v 0.01627271 0.97786551 -0.20860066
v -0.04343315 0.97810612 0.20352392
v -0.04327880 0.97829147 0.20266413
v -0.04212925 0.98015449 0.19370675
v -0.04564851 0.97385700 0.22252809
v -0.04288624 0.97892851 0.19964905
v -0.04258312 0.97938463 0.19746501
v -0.04292544 0.97897661 0.19940461
v -0.04356163 0.97792914 0.20434527
v -0.03785668 0.98578684 0.16368012
v -0.03738831 0.98639795 0.16006620
v -0.04205288 0.98034323 0.19276593
v -0.04211204 0.98022116 0.19337285
v -0.04211431 0.98028711 0.19303775
v -0.03581079 0.89061899 0.45333807
v -0.03645594 0.93387912 0.35572566
v -0.04526618 0.97492310 0.21788970
v -0.04591217 0.97370725 0.22312834
v -0.03162440 0.99277620 0.11573810
v -0.01735908 0.99971430 0.01643115
v -0.01993209 0.99921855 0.03413223
v -0.03003116 0.99336900 0.11097819
v -0.02949184 0.99377412 0.10743940
v -0.02911296 0.99412242 0.10427389
v -0.02960807 0.99376860 0.10745851
v -0.05876133 0.87624218 0.47827476
v -0.02864087 0.97822881 0.20554342
v 0.01710761 0.97438881 -0.22421814
v -0.03606612 0.98781124 0.15142060
v -0.03627630 0.98756662 0.15295818
v -0.03712207 0.98683600 0.15740604
v -0.02215903 0.99852815 0.04950271
v -0.04695387 0.97117705 0.23368883
v -0.04629687 0.97253162 0.22812026
v 0.00008185 0.99443733 -0.10532991
v -0.05894991 0.93024839 0.36216411
v -0.04249823 0.97965912 0.19611708
v -0.01486801 0.99988930 -0.00056976
v -0.02843459 0.99465786 0.09923316
v -0.02857137 0.99455793 0.10019086
v -0.02864966 0.99448705 0.10086976
v -0.02855149 0.99455970 0.10017894
v -0.02873107 0.99446539 0.10105991
v -0.02868148 0.99448211 0.10090935
v -0.02849038 0.99463644 0.09943162
v -0.02839498 0.99472909 0.09852798
v -0.02914097 0.99417183 0.10379393
v -0.02899553 0.99424107 0.10316958
v -0.02829383 0.99478743 0.09796642
v -0.02823291 0.99484502 0.09739762
v -0.02812762 0.99493402 0.09651492
v -0.02788318 0.99513253 0.09451862
v -0.02802285 0.99499620 0.09590248
v -0.02781141 0.99516036 0.09424645
v -0.02775811 0.99517803 0.09407541
v -0.02750686 0.99537033 0.09209382
v -0.02742344 0.99539101 0.09189505
v -0.02723157 0.99554037 0.09032065
v -0.03026158 0.99299328 0.11423040
v -0.02938369 0.99374963 0.10769523
v -0.02721999 0.99551034 0.09065448
v -0.02700862 0.99566512 0.08900282
v -0.02710259 0.99556455 0.09009264
v -0.02688079 0.99572057 0.08841927
v -0.02701751 0.99559672 0.08976206
v -0.02683590 0.99571767 0.08846554
v -0.02702396 0.99556933 0.09006344
v -0.02687772 0.99566195 0.08907783
v -0.02727359 0.99535564 0.09232174
v -0.02712071 0.99544478 0.09140111
v -0.02776882 0.99516142 0.09424781
v -0.02755136 0.99529853 0.09285338
v -0.02684967 0.99582307 0.08726687
v -0.02803786 0.99497536 0.09611410
v -0.02829293 0.99472652 0.09858323
v -0.02844292 0.99462049 0.09960463
v -0.02851986 0.99455755 0.10020931
v -0.02842302 0.99462387 0.09957651
v -0.02962515 0.99361135 0.10889827
v -0.02926107 0.99391170 0.10622298
v -0.02920799 0.99398348 0.10556392
v -0.02918184 0.99394582 0.10592509
v -0.02906969 0.99404821 0.10499096
v -0.02908838 0.99405300 0.10494048
v -0.02904258 0.99411070 0.10440523
v -0.02892937 0.99415147 0.10404784
v -0.02889563 0.99416091 0.10396698
v -0.02888702 0.99419529 0.10364007
v -0.02896911 0.99413436 0.10420013
v -0.02891674 0.99418668 0.10371433
v -0.02878193 0.99430810 0.10258166
v -0.03029950 0.99305988 0.11363988
v -0.02578190 0.99634424 0.08144603
v -0.02600451 0.99612219 0.08404967
v -0.02767934 0.99503442 0.09560521
v -0.02760436 0.99505244 0.09543918
v -0.02871163 0.99415699 0.10405534
v -0.02814771 0.99461710 0.09972229
v -0.02653184 0.99600912 0.08521671
v -0.02623505 0.99616292 0.08349345
v -0.02696391 0.99541656 0.09175409
v -0.02593883 0.99630259 0.08190437
v -0.02751431 0.99520615 0.09384928
v -0.02786791 0.99493059 0.09662560
v -0.02723241 0.99543102 0.09151769
v -0.02886922 0.99414989 0.10407960
v -0.02886648 0.99410126 0.10454385
v -0.02823905 0.99460140 0.09985299
v -0.02832719 0.99457659 0.10007484
v -0.02775113 0.99505242 0.09539683
v -0.02812013 0.99476555 0.09823825
v -0.02803527 0.99486386 0.09726214
v -0.02838205 0.99458904 0.09993549
v -0.02866673 0.99436188 0.10209149
v -0.02852491 0.99445227 0.10124726
v -0.02859335 0.99444541 0.10129533
v -0.02837263 0.99463094 0.09952026
v -0.02875862 0.99430391 0.10262883
v -0.02781100 0.99504198 0.09548829
v -0.02766344 0.99516287 0.09426348
v -0.02792106 0.99499157 0.09598013
v -0.02811220 0.99484343 0.09744873
v -0.02718381 0.99548521 0.09094083
v -0.02741489 0.99533045 0.09255120
v -0.02751908 0.99523844 0.09350477
v -0.02741504 0.99535112 0.09232860
v -0.02727749 0.99544607 0.09134030
v -0.02762582 0.99520561 0.09382220
v -0.02779845 0.99508836 0.09500740
v -0.02765805 0.99521607 0.09370173
v -0.02751498 0.99530101 0.09283758
v -0.02736211 0.99541327 0.09167187
v -0.02768430 0.99517927 0.09408398
v -0.02778904 0.99511691 0.09471061
v -0.02788856 0.99504051 0.09548092
v -0.02777702 0.99511286 0.09475668
v -0.02832800 0.99475158 0.09832000
v -0.02848519 0.99463094 0.09948818
v -0.02811667 0.99490579 0.09680867
v -0.02830289 0.99476563 0.09818492
v -0.02819073 0.99484155 0.09744523
v -0.02836087 0.99471930 0.09863653
v -0.02825206 0.99479088 0.09794352
v -0.02835697 0.99470493 0.09878249
v -0.01353565 0.76983834 0.63809538
v -0.03308867 0.81355760 0.58054213
v -0.04330015 0.80034649 0.59797207
v -0.03018769 0.75378911 0.65642264
v -0.02805072 0.99493077 0.09657084
v -0.02796328 0.99500026 0.09587773
v -0.02787176 0.99507690 0.09510591
v -0.02816098 0.99483368 0.09753411
v -0.02799796 0.99494738 0.09641490
v -0.02795244 0.99498728 0.09601544
v -0.02813001 0.99486578 0.09721516
v -0.02905191 0.99413488 0.10417214
v -0.02889799 0.99424308 0.10317754
v -0.02863661 0.99443626 0.10137293
v 0.08026042 0.76379970 0.64044382
v 0.09801220 0.82085523 0.56266357
v 0.04312187 0.87012205 0.49094615
v 0.04181107 0.80537170 0.59129372
v 0.14681517 0.64722401 0.74802834
v 0.16210125 0.56778638 0.80705751
v 0.21741841 0.60021298 0.76972308
v 0.23994840 0.66509120 0.70716226
v 0.21608572 0.52693986 0.82197406
v 0.17133552 0.49207038 0.85352849
v 0.20907886 0.34927490 0.91339645
v 0.21450388 0.40225594 0.89004395
v 0.17359449 0.36578435 0.91436686
v 0.16823940 0.31253365 0.93488942
v 0.24547400 0.24176281 0.93877221
v 0.21448595 0.21307953 0.95320139
v 0.19466625 0.17700631 0.96476620
v 0.23074800 0.20629444 0.95089325
v 0.47021431 0.43532903 0.76771553
v 0.55212067 0.38459604 0.73976256
v 0.57535154 0.38120895 0.72363689
v 0.50737640 0.42970897 0.74694002
v 0.10606719 0.98439102 0.14044240
v 0.04001322 0.99771236 0.05448842
v 0.15432369 0.86739180 0.47309160
v 0.33436224 0.72877496 0.59756920
v 0.43667176 0.37486175 0.81779976
v 0.38845308 0.37966609 0.83961769
v 0.36585985 0.35674268 0.85958201
v 0.40069569 0.35886855 0.84300435
v 0.35951805 0.24621443 0.90006957
v 0.28335130 0.18273487 0.94144570
v 0.27563992 0.16144784 0.94760605
v 0.35435165 0.22583207 0.90743308
v 0.96865010 0.20023111 0.14705264
v 0.97520710 0.19766458 0.09949786
v 0.75161251 0.25821509 -0.60696260
v 0.74644767 0.28172852 -0.60286393
v 0.28382955 0.41127863 0.86619321
v 0.29380483 0.45276147 0.84183476
v 0.25350976 0.43272186 0.86515004
v 0.24694757 0.38448979 0.88948552
v 0.94182304 0.33498207 -0.02750230
v 0.94460347 0.32821256 -0.00089674
v 0.94586753 0.32449107 0.00633778
v 0.94263276 0.33296925 -0.02397831
v 0.80980053 0.17722530 0.55929804
v 0.74836217 0.19016588 0.63544552
v 0.95161927 0.19128994 -0.24047646
v 0.93757166 0.19501286 -0.28797460
v 0.86232798 0.28077498 0.42137378
v 0.89492149 0.30207902 0.32842623
v 0.86969821 0.31327935 0.38141982
v 0.82491143 0.29274170 0.48355292
v 0.48250739 0.40234068 0.77801581
v 0.51453579 0.39602646 0.76053663
v 0.43950165 0.43557489 0.78556528
v 0.41692778 0.42853487 0.80157912
v 0.72686820 0.34066324 -0.59633143
v 0.70796502 0.37672888 -0.59737834
v 0.94783467 0.25325557 -0.19357440
v 0.96400443 0.23509649 -0.12419786
v 0.97576529 0.21811390 -0.01756222
v 0.74038492 0.30894932 -0.59697612
v 0.36758433 0.43676503 0.82104694
v 0.38479725 0.45673264 0.80207629
v 0.33710387 0.46122240 0.82075263
v 0.32242625 0.42938000 0.84360780
v 0.18050495 0.15092467 0.97192577
v 0.22464126 0.18384076 0.95694246
v 0.49877548 0.24806312 0.83047439
v 0.52739998 0.25637280 0.81001373
v 0.38225716 0.20189965 0.90172945
v 0.36532242 0.18083833 0.91314677
v 0.23247491 0.15756920 0.95975380
v 0.29158567 0.20743222 0.93378245
v 0.27745744 0.21341329 0.93673483
v 0.22377445 0.16662086 0.96029292
v 0.27137169 0.10881230 0.95630397
v 0.28462157 0.12687113 0.95020749
v 0.20840618 0.07141432 0.97543163
v 0.19881793 0.05779241 0.97833096
v 0.21683717 0.46101577 0.86049178
v 0.17513090 0.42525989 0.88796576
v 0.30252392 0.29623496 0.90593826
v 0.27552693 0.27032762 0.92250089
v 0.26551902 0.23827651 0.93419696
v 0.29993454 0.27068605 0.91475042
v 0.75716781 0.25445135 0.60162399
v 0.77996867 0.24931396 0.57401343
v 0.66485963 0.31692682 0.67640155
v 0.65101876 0.31810365 0.68919129
v 0.97341597 0.18691053 -0.13238505
v 0.70436356 0.20252798 0.68033403
v 0.26213797 0.09383731 0.96045731
v 0.19213870 0.04555345 0.98030995
v 0.93473930 0.31117848 -0.17155288
v 0.96192626 0.26583995 0.06345858
v 0.96246612 0.26658685 0.05089615
v 0.92846043 0.31535620 -0.19624396
v 0.12708165 0.14524438 0.98120045
v 0.14565196 0.13471505 0.98012110
v 0.16830452 0.16504387 0.97182000
v 0.15687078 0.17819107 0.97141109
v 0.30598585 0.25666883 0.91678447
v 0.26728289 0.22111621 0.93790590
v 0.32441910 0.25618769 0.91056033
v 0.09581760 0.11156631 0.98912686
v 0.12324123 0.10355676 0.98695876
v 0.13177784 0.38540938 0.91328758
v 0.13072601 0.32703697 0.93592603
v 0.12849907 0.44951992 0.88397954
v 0.11715742 0.52177923 0.84499738
v 0.07510273 0.48303878 0.87237212
v 0.08455568 0.41033920 0.90800445
v 0.09901330 0.60183212 0.79246102
v 0.06074971 0.55919278 0.82680887
v 0.05076066 0.71920916 0.69293689
v 0.02727188 0.75912120 0.65037777
v 0.60981267 0.33614229 0.71773036
v 0.57202408 0.35161136 0.74105189
v 0.35143430 0.16191928 0.92210416
v 0.13361554 0.82236135 -0.55305398
v 0.13369937 0.85873199 -0.49467549
v 0.15753546 0.80772776 -0.56811833
v 0.15764326 0.75750926 -0.63350479
v 0.49989258 0.59699373 0.62745987
v 0.26188100 0.93235981 0.24924593
v 0.30520441 0.74856508 -0.58864300
v 0.33618820 0.72909668 -0.59615058
v 0.32394156 0.71108119 -0.62403959
v 0.29241807 0.73193435 -0.61543787
v 0.66412991 0.53917180 -0.51790466
v 0.55521077 0.62140369 -0.55280961
v 0.63490959 0.57929046 -0.51118723
v 0.71699355 0.50966975 -0.47555966
v 0.62499176 0.13316894 -0.76918875
v 0.60630206 0.13797440 -0.78317359
v 0.30746487 0.18247451 -0.93389957
v 0.34963942 0.26026641 -0.90000760
v 0.43108563 0.28298377 -0.85678782
v 0.40538201 0.21865440 -0.88761235
v 0.02833133 0.55889232 -0.82875612
v 0.06479355 0.59587525 -0.80045892
v 0.05963421 0.51420075 -0.85559415
v 0.02121763 0.48167611 -0.87609242
v 0.10855872 0.78228573 -0.61338735
v 0.09523061 0.72184962 -0.68546645
v 0.08714636 0.78038390 -0.61919826
v 0.09259357 0.83595556 -0.54092951
v 0.13202516 0.77268644 -0.62090662
v 0.15012566 0.69610913 -0.70206436
v 0.54961196 0.37836696 -0.74482558
v 0.55233578 0.43832182 -0.70908333
v 0.57262029 0.51874158 -0.63483319
v 0.62253552 0.51884619 -0.58587385
v 0.80380893 0.38123140 -0.45667694
v 0.74700505 0.40393298 -0.52803560
v 0.01824640 0.99978614 -0.00973391
v 0.03115714 0.98699228 -0.15771961
v 0.02342248 0.98540712 -0.16859477
v 0.04782118 0.91840180 -0.39274835
v 0.04503016 0.93311309 -0.35675237
v 0.05068949 0.92265847 -0.38227206
v 0.05285177 0.90343598 -0.42545284
v 0.05164492 0.21382599 -0.97550564
v 0.05379300 0.15452892 -0.98652275
v 0.01154036 0.15554085 -0.98776205
v 0.01273504 0.20443573 -0.97879715
v 0.51407002 0.61365474 -0.59929948
v 0.41022934 0.67090400 -0.61773757
v 0.42941260 0.67874303 -0.59574552
v 0.53698414 0.61098457 -0.58167507
v 0.40935048 0.63635770 -0.65382036
v 0.49031628 0.60100126 -0.63117939
v 0.47898289 0.56210011 -0.67425430
v 0.41730439 0.58106609 -0.69872687
v 0.38512944 0.34588410 -0.85559307
v 0.39996962 0.42659596 -0.81119677
v 0.46717942 0.44345133 -0.76491458
v 0.45234808 0.36099256 -0.81551554
v 0.01150971 0.05125560 -0.99861924
v 0.01146887 0.07876245 -0.99682744
v 0.04876865 0.07277170 -0.99615556
v 0.04705430 0.04443315 -0.99790360
v 0.92837086 0.24278539 0.28139439
v 0.94621760 0.25903871 0.19383292
v 0.91684798 0.24828750 0.31263892
v 0.89132394 0.23807702 0.38582504
v 0.64535056 0.59676302 -0.47686114
v 0.63318730 0.61017607 -0.47619219
v 0.73838958 0.53408953 -0.41173923
v 0.73857999 0.53065223 -0.41582184
v 0.95188470 0.30601260 -0.01648682
v 0.94353390 0.32568457 -0.06060808
v 0.95214642 0.30423850 0.02925983
v 0.95379899 0.28159637 0.10474239
v 0.13574289 0.98341420 -0.12029287
v 0.07078139 0.98702685 -0.14411103
v 0.52253705 0.76186820 0.38276869
v 0.91208795 0.35086174 -0.21211226
v 0.86103130 0.40102734 -0.31273340
v 0.88638724 0.38943186 -0.25032079
v 0.91502070 0.35824704 -0.18546208
v 0.94062700 0.33773206 -0.03402812
v 0.94298938 0.33263136 -0.01128711
v 0.93422171 0.34375319 -0.09520261
v 0.93319386 0.34186763 -0.11079594
v 0.92121453 0.35795730 -0.15241512
v 0.92692292 0.35480451 -0.12217881
v 0.38469687 0.16339429 -0.90846609
v 0.28236604 0.12681067 -0.95088825
v 0.25927943 -0.01458362 -0.96569224
v 0.24977204 -0.00348829 -0.96829838
v 0.37699924 0.03172487 -0.92567008
v 0.38869567 0.02133993 -0.92111904
v 0.63550107 0.12479440 -0.76194800
v 0.26892628 -0.02582580 -0.96281446
v 0.40294163 0.01203832 -0.91514650
v 0.01368638 0.98917211 -0.14612056
v 0.01915524 0.98569046 -0.16747356
v 0.02505986 0.97272612 -0.23059901
v 0.02079858 0.97699136 -0.21226232
v 0.62529466 0.03616909 -0.77955011
v 0.98471626 0.16696605 0.04956037
v 0.94103359 0.16267507 -0.29663548
v 0.60288508 -0.00357369 -0.79782004
v 0.03506812 0.93979165 -0.33994393
v 0.02878876 0.95389527 -0.29875579
v 0.02547588 0.96589623 -0.25767315
v 0.03069993 0.95786513 -0.28557294
v 0.68793482 0.09704390 -0.71925528
v 0.96783907 0.16481940 0.19005814
v 0.00106508 0.99992755 -0.01199008
v 0.00884457 0.99973076 -0.02145164
v -0.00942104 0.97001508 0.24286207
v 0.00724500 0.96547351 0.26040049
v 0.00591239 0.89300991 0.44999816
v 0.71921761 0.17053545 0.67353077
v 0.76198565 0.15323001 0.62920460
v 0.01572248 0.98283934 -0.18379238
v 0.02050019 0.97345006 -0.22797966
v 0.02321303 0.96550922 -0.25933203
v 0.02369915 0.96072862 -0.27647580
v 0.02283698 0.95791159 -0.28615356
v 0.01628185 0.97358489 -0.22774408
v 0.98248605 0.18234693 -0.03835053
v 0.65628660 0.12362439 -0.74431506
v 0.25335629 -0.23770257 -0.93771428
v 0.29070298 -0.26188393 -0.92027636
v 0.22243970 -0.26707125 -0.93765320
v 0.20282676 -0.24365563 -0.94841617
v 0.07922208 -0.22873119 -0.97026074
v 0.15441297 -0.24477813 -0.95720442
v 0.16345703 -0.27348976 -0.94788456
v 0.08988557 -0.26973481 -0.95873026
v 0.04698271 -0.08550593 -0.99522930
v 0.04231403 -0.06959823 -0.99667728
v 0.08386134 -0.07705450 -0.99349377
v 0.08612924 -0.09200675 -0.99202647
v 0.41885566 0.00511856 -0.90803840
v 0.27997653 -0.03525885 -0.95935914
v 0.67480056 0.20974940 0.70756582
v 0.76592641 0.08639199 0.63709744
v 0.82392362 0.07650705 0.56151273
v 0.90529373 0.09328895 -0.41441577
v 0.93599706 0.12506075 -0.32904303
v 0.39129770 -0.28819452 -0.87397370
v 0.31486849 -0.31587901 -0.89502976
v 0.30212048 -0.28873466 -0.90849079
v 0.38496834 -0.26273848 -0.88474169
v 0.13774412 0.01353754 0.99037533
v 0.13324367 0.00328984 0.99107785
v 0.18718669 0.03423501 0.98172761
v 0.03105860 -0.03418485 0.99893281
v 0.02412673 -0.04390356 0.99874440
v 0.05584371 -0.03238419 0.99791420
v 0.06275708 -0.02210145 0.99778408
v 0.03245322 -0.11438243 0.99290657
v 0.04359172 -0.09046409 0.99494523
v 0.01458527 -0.10117951 0.99476127
v 0.00499749 -0.12407436 0.99226034
v 0.51056259 0.17276025 0.84230620
v 0.48288257 0.18231957 0.85649518
v 0.35810252 0.10055814 0.92825139
v 0.37375661 0.08935554 0.92321264
v 0.17049314 -0.29838909 -0.93909320
v 0.11514994 -0.32956708 -0.93708379
v 0.56384934 0.01421699 0.82575529
v 0.60989814 -0.01096441 0.79240396
v 0.46972542 -0.11545419 0.87523046
v 0.43588680 -0.08388988 0.89608325
v 0.32687292 -0.16339326 0.93083658
v 0.35837136 -0.20113966 0.91165388
v 0.00746678 -0.28447969 0.95865299
v 0.01762153 -0.31397021 0.94926929
v 0.05616327 -0.22210229 0.97340447
v 0.02712335 -0.21567326 0.97608881
v 0.05857569 -0.16852206 -0.98395590
v 0.10949672 -0.17958981 -0.97762875
v 0.12591192 -0.21024800 -0.96950604
v 0.07065254 -0.19799290 -0.97765384
v 0.19421424 -0.04447557 -0.97995038
v 0.18540031 -0.03452690 -0.98205632
v 0.12878677 -0.03362684 -0.99110201
v 0.12347986 -0.02299778 -0.99208055
v 0.17829488 -0.02338224 -0.98369925
v 0.14824879 0.10363895 -0.98350458
v 0.16690990 0.15591449 -0.97356651
v 0.22479795 0.15711542 -0.96165515
v 0.20593723 0.10848040 -0.97253373
v 0.09946629 0.64971815 -0.75363969
v 0.09972811 0.56595468 -0.81838231
v 0.25010796 -0.33002323 -0.91023660
v 0.28348487 -0.35923695 -0.88914855
v 0.23933980 -0.38461954 -0.89150674
v 0.18427693 -0.35626932 -0.91603176
v 0.39045449 -0.31641252 -0.86453942
v 0.54093356 -0.20160014 -0.81654655
v 0.51800419 -0.24477338 -0.81960823
v 0.85194941 0.05996085 0.52017969
v 0.85318937 0.03191774 -0.52062381
v 0.49571640 -0.14967520 0.85548967
v 0.38671281 -0.23591175 0.89151492
v 0.10747525 -0.44362491 0.88974491
v 0.10231844 -0.51149012 0.85317571
v 0.18272678 -0.41781768 0.88996590
v 0.17843205 -0.35892433 0.91615246
v 0.10386759 -0.10076569 0.98947350
v 0.14252821 -0.11105380 0.98354093
v 0.21419983 -0.05599408 0.97518362
v 0.19171584 -0.03864643 0.98068929
v 0.06839540 -0.01257509 0.99757904
v 0.04011369 -0.02413628 0.99890356
v 0.14217112 0.02351599 0.98956272
v 0.09913782 0.00132444 0.99507283
v 0.09535894 -0.00788349 0.99541174
v 0.09334717 0.02940213 0.99519939
v 0.08224342 0.01626344 0.99647956
v 0.12183364 0.03547412 0.99191640
v 0.13659026 0.05201671 0.98926102
v 0.15267620 0.07241667 0.98561950
v 0.10133824 0.04335063 0.99390708
v 0.12083044 0.08177557 0.98929913
v 0.17638835 0.11548336 0.97752276
v 0.17118307 0.12780086 0.97691519
v 0.08717774 0.34802614 0.93342265
v 0.08667663 0.29135931 0.95267881
v 0.54393679 0.15966939 0.82379516
v 0.14905259 -0.45073109 -0.88012772
v 0.19754143 -0.44258234 -0.87469895
v 0.13955854 -0.59811926 -0.78916206
v 0.06739271 -0.92973036 -0.36202166
v 0.66516868 0.19232767 0.72149892
v 0.47288187 0.23508700 0.84918598
v 0.45775057 0.22151659 0.86104286
v 0.64546443 0.26457149 0.71650373
v 0.68308419 0.23820465 0.69040172
v 0.19225259 0.19861616 0.96103619
v 0.18994908 0.21364482 0.95826679
v 0.55098331 -0.16481752 -0.81807859
v 0.50763215 -0.19339279 0.83958849
v 0.39619153 -0.28544566 0.87267006
v 0.38360118 -0.35274791 0.85347469
v 0.49569054 -0.25976932 0.82874048
v 0.00774028 -0.70912902 0.70503625
v 0.02489244 -0.81750383 0.57538497
v 0.05813150 -0.65841858 0.75040369
v 0.08050309 -0.58537874 0.80675336
v 0.09294193 -0.94601159 0.31052192
v 0.20102497 -0.97454870 -0.09921586
v 0.11993178 -0.78854893 0.60316412
v 0.07780954 -0.70272023 0.70719867
v 0.62963156 -0.04988623 0.77529057
v 0.84498597 -0.02586819 0.53416248
v 0.85164834 0.02628605 0.52345406
v 0.64104368 -0.09222828 0.76194287
v 0.63305551 -0.15510482 0.75840834
v 0.32931336 -0.34255414 -0.87989168
v 0.04139074 -0.54086120 0.84009283
v 0.02307117 -0.62285663 0.78199574
v 0.23513055 -0.53643425 -0.81052571
v 0.19080127 -0.54586237 -0.81586099
v 0.23629735 -0.45102828 -0.86066083
v 0.27191366 -0.46321467 -0.84350171
v 0.44681886 -0.34274738 -0.82636380
v 0.41782245 -0.33072908 -0.84619305
v 0.56715852 -0.23931525 -0.78807324
v 0.60379947 -0.24468547 -0.75865356
v 0.90651241 0.03685779 -0.42056717
v 0.93266978 0.00297876 -0.36071902
v 0.78441520 -0.24102245 0.57149013
v 0.82848374 -0.11041664 0.54901991
v 0.60650030 -0.24424713 0.75663778
v 0.56010012 -0.35849306 0.74684040
v 0.95757502 -0.18370456 -0.22204216
v 0.95196714 -0.06613101 -0.29897366
v 0.68515039 -0.29519663 -0.66590381
v 0.64408475 -0.25921255 -0.71969694
v 0.53417639 -0.36569803 -0.76218144
v 0.48678219 -0.35185217 -0.79952683
v 0.45052608 -0.40566823 -0.79527325
v 0.40823844 -0.39273528 -0.82407547
v 0.36595817 -0.41676419 -0.83209508
v 0.40583548 -0.43076748 -0.80606262
v 0.37447508 -0.45614005 -0.80728227
v 0.33496109 -0.44098758 -0.83266501
v 0.31670401 -0.55917675 -0.76617226
v 0.27574906 -0.54374548 -0.79265586
v 0.30786904 -0.47783943 -0.82273090
v 0.34691352 -0.49383113 -0.79735928
v 0.52240156 -0.72193056 -0.45377624
v 0.46643078 -0.66903137 -0.57865305
v 0.48423852 -0.61184709 -0.62542481
v 0.53589482 -0.67935738 -0.50128864
v 0.55522827 -0.65198242 -0.51637243
v 0.50877742 -0.57875605 -0.63732799
v 0.53902327 -0.55825455 -0.63071846
v 0.58040289 -0.63867900 -0.50519464
v 0.64561445 -0.55628578 -0.52319031
v 0.66057352 -0.65527023 -0.36641991
v 0.61478258 -0.63853357 -0.46294411
v 0.57939970 -0.54863778 -0.60273757
v 0.73046438 -0.59904973 -0.32796526
v 0.70330875 -0.68870311 -0.17619540
v 0.76449135 -0.64410963 0.02599533
v 0.69766715 -0.71250849 0.07478103
v 0.65867613 -0.64625731 0.38535340
v 0.63040540 -0.71388876 0.30488009
v 0.43255865 -0.90156219 -0.00886756
v 0.45115891 -0.84064800 -0.29961073
v 0.50968329 -0.82402123 -0.24741051
v 0.49893665 -0.86614370 -0.02927989
v 0.38751417 -0.77474586 0.49960147
v 0.47608456 -0.81477524 0.33088487
v 0.46957916 -0.75693971 0.45446418
v 0.40569249 -0.70491237 0.58181798
v 0.72781671 -0.39823956 0.55829033
v 0.92877622 -0.35205347 -0.11590119
v 0.71806392 -0.36779735 -0.59085474
v 0.57883099 -0.39980784 -0.71070977
v 0.36141455 -0.58314889 -0.72754168
v 0.38937184 -0.51704923 -0.76226614
v 0.21215617 -0.87655964 0.43201036
v 0.29245011 -0.91815067 -0.26734298
v 0.42547938 -0.60715722 0.67106438
v 0.51979845 -0.57340253 0.63326070
v 0.52133190 -0.47486730 0.70902334
v 0.40243556 -0.53543923 0.74252977
v 0.85061120 -0.52529839 -0.02285131
v 0.73413292 -0.47969330 -0.48056549
v 0.61533427 -0.46516251 -0.63638634
v 0.49601343 -0.49373319 -0.71428160
v 0.54184150 -0.47516809 -0.69326985
v 0.46359239 -0.51754552 -0.71918615
v 0.41123618 -0.62045651 -0.66777131
v 0.43564267 -0.55562690 -0.70816256
v 0.33418621 -0.92462498 0.18272443
v 0.37846337 -0.86270126 -0.33542810
v 0.49858551 -0.71965001 0.48323529
v 0.55922991 -0.71187887 0.42484159
v 0.53760379 -0.65386649 0.53239157
v 0.45960968 -0.66916253 0.58393531
v 0.54334142 -0.76314922 0.34983335
v 0.51891982 -0.78807254 0.33115539
v 0.61130081 -0.71689104 -0.33522911
v 0.59264718 -0.72644967 -0.34790832
v 0.63365863 -0.71654182 -0.29162400
v 0.65283924 -0.75145643 0.09546804
v 0.66928149 -0.73890109 -0.07802231
v 0.61233244 -0.75683826 0.22857127
v 0.57483367 -0.75013946 0.32688997
v 0.57593109 -0.81573861 -0.05360877
v 0.56961006 -0.82171559 0.01810694
v 0.54333848 -0.83949897 0.00497699
v 0.55102716 -0.82354663 -0.13468487
v 0.58974498 -0.79085203 -0.16356628
v 0.56672548 -0.76896174 -0.29583790
v 0.57858446 -0.74413525 -0.33392029
v 0.59825506 -0.77759597 -0.19348231
v 0.61979342 -0.75936656 -0.19803670
v 0.60793232 -0.76679448 -0.20602067
v 0.63154077 -0.75702487 -0.16753984
v 0.64282688 -0.76577901 -0.01887103
v 0.64140802 -0.75906681 -0.11141515
v 0.65665883 -0.72512891 -0.20733364
v 0.62658045 -0.77436867 0.08803463
v 0.60620089 -0.78973280 0.09403498
v 0.61659289 -0.78501490 0.05970603
v 0.60480413 -0.78112254 0.15511142
v 0.60614473 -0.79492830 0.02602998
v 0.60677381 -0.79462931 0.01974336
v 0.60718275 -0.79430929 0.02004666
v 0.60719492 -0.79412759 0.02599436
v 0.59018884 -0.80703662 -0.01920995
v 0.58603165 -0.80988969 0.02540876
v 0.60565124 -0.78885192 -0.10439938
v 0.59965263 -0.79634496 -0.07906602
v 0.61786161 -0.78621896 0.01033329
v 0.61947782 -0.78475316 -0.02024135
v 0.62836082 -0.77665248 -0.04442525
v 0.62563663 -0.78004210 0.01063616
v 0.60405666 -0.79680362 0.01481673
v 0.60144843 -0.79872623 0.01721018
v 0.60240899 -0.79817523 0.00443936
v 0.60461294 -0.79646994 0.00887849
v 0.60653613 -0.79359692 -0.04814407
v 0.60702622 -0.79442058 -0.02037431
v 0.60510757 -0.79602200 -0.01392159
v 0.60313631 -0.79692271 -0.03377553
v 0.61003583 -0.79225351 0.01380810
v 0.61063206 -0.79189809 0.00508948
v 0.61399113 -0.78930195 -0.00416221
v 0.61291996 -0.79003886 0.01295111
v 0.60699902 -0.79260498 0.05770213
v 0.60740690 -0.79352972 0.03697883
v 0.61051296 -0.79148385 0.02876185
v 0.61273278 -0.78922389 0.04103903
v 0.60241761 -0.79568515 0.06307261
v 0.60502719 -0.79525174 0.03894570
v 0.60672685 -0.79480497 0.01294575
v 0.60669582 -0.79480559 0.01429147
v 0.60579491 -0.79548666 0.01461181
v 0.60598013 -0.79540003 0.01126379
v 0.60729215 -0.79446173 -0.00517727
v 0.60729575 -0.79446006 0.00500856
v 0.60675200 -0.79486204 0.00680764
v 0.60616817 -0.79533555 -0.00122684
v 0.60772097 -0.79402735 0.01399272
v 0.60784906 -0.79395763 0.01228013
v 0.60876266 -0.79328966 0.00997692
v 0.60848308 -0.79344387 0.01396997
v 0.60722716 -0.79435970 0.01636603
v 0.60751380 -0.79415820 0.01548365
v 0.60786526 -0.79383174 0.01819335
v 0.60703079 -0.79450958 0.01637535
v 0.60716323 -0.79443992 0.01476560
v 0.60722678 -0.79439059 0.01480657
v 0.60705550 -0.79454266 0.01362287
v 0.60702983 -0.79455320 0.01414246
v 0.60714921 -0.79448217 0.01295878
v 0.60703196 -0.79459941 0.01113461
v 0.60727284 -0.79443012 0.01002408
v 0.60724657 -0.79441582 0.01245436
v 0.60767738 -0.79411151 0.01072900
v 0.60742176 -0.79427806 0.01269529
v 0.60735980 -0.79433050 0.01237447
v 0.60752172 -0.79424074 0.00995073
v 0.60748070 -0.79422353 0.01327333
v 0.60746525 -0.79424177 0.01288348
v 0.60782064 -0.79399473 0.01124436
v 0.60744733 -0.79423726 0.01396145
v 0.60733368 -0.79431287 0.01458959
v 0.03048487 -0.99513723 -0.09366200
v 0.10277227 -0.50272669 -0.85831447
v -0.03060295 -0.69273329 0.72054427
v -0.02678365 -0.57649982 0.81665819
v 0.16354787 -0.54395454 0.82302221
v 0.18728427 -0.46805464 0.86362576
v 0.15846274 -0.67003310 0.72522080
v 0.15958977 -0.59940753 0.78437345
v 0.20508115 -0.74087672 0.63956502
v 0.40939868 -0.86195609 0.29903915
v 0.29608832 -0.81044249 0.50548459
v 0.48838776 -0.85443935 0.17723090
v 0.53445149 -0.83385640 0.13800402
v 0.56622988 -0.81823646 0.09936208
v 0.59530080 -0.80219647 0.04580155
v 0.58502434 -0.80801603 0.06968940
v 0.59633131 -0.80246982 0.02076438
v 0.60411527 -0.79658383 0.02233704
v 0.60098780 -0.79865446 0.03105999
v 0.60674655 -0.79474646 0.01538437
v 0.60594376 -0.79531201 0.01763428
v 0.60705486 -0.79452677 0.01454675
v 0.21148024 -0.18411149 0.95988493
v 0.18835064 -0.14884770 0.97075661
v 0.13798372 -0.20236374 0.96954082
v 0.14691764 -0.23962165 0.95968571
v -0.01850449 -0.38050791 0.92459251
v -0.02166254 -0.40895279 0.91229839
v -0.00471621 -0.36301635 0.93177083
v -0.00263348 -0.33527104 0.94211804
v 0.68133759 -0.54121130 0.49281783
v 0.49738197 -0.42847610 -0.75433375
v 0.41802094 -0.47864445 -0.77211268
v 0.45053501 -0.45274355 -0.76944232
v 0.30930760 -0.71513772 0.62682282
v 0.35416337 -0.64989951 0.67245738
v 0.31960244 -0.58989282 0.74153944
v 0.24991699 -0.65425131 0.71379039
v 0.59829533 -0.79586370 0.09297138
v 0.58991906 -0.80197819 0.09394937
v 0.59831061 -0.79908233 0.05909177
v 0.59019865 -0.79269707 0.15263322
v 0.62508806 -0.77595614 -0.08459895
v 0.61924738 -0.77796894 -0.10628739
v 0.61073829 -0.78969990 -0.05807590
v 0.61223472 -0.78246703 -0.11363979
v 0.61483227 -0.78666904 -0.05597414
v 0.24991075 -0.52214517 0.81541955
v 0.23035515 -0.59257892 0.77187222
v 0.31830544 -0.51937815 0.79304980
v 0.34855581 -0.43712890 0.82911228
v 0.23983457 0.00831570 -0.97077816
v 0.35439759 0.03826758 -0.93431148
v 0.39588887 0.33250230 0.85598728
v 0.34436456 0.29281859 0.89200355
v 0.38004681 0.30217421 0.87421689
v 0.47316068 0.33296402 0.81563100
v 0.55715966 0.31787940 0.76715435
v 0.44447380 0.35285020 0.82337098
v 0.64978316 0.27933152 0.70693405
v 0.50554124 0.35117416 0.78810200
v 0.86298960 0.22603017 0.45183992
v 0.88016877 0.22928388 0.41561019
v 0.06656649 0.04998308 0.99652927
v 0.06250534 0.03574918 0.99740417
v 0.11107632 0.05995902 0.99200150
v 0.08982357 -0.01824515 0.99579056
v 0.11671761 -0.06100362 0.99128985
v 0.07683914 -0.07780354 0.99400320
v 0.06139652 -0.10764204 0.99229212
v -0.00461220 -0.23191418 0.97272532
v -0.02519381 -0.27183274 0.96201468
v -0.03348299 -0.31845369 0.94734689
v -0.03756187 -0.36009324 0.93215984
v 0.08334448 0.03961169 -0.99573320
v 0.08939428 0.06824418 -0.99365557
v 0.03492897 0.63015052 -0.77568698
v 0.06779230 0.66655990 -0.74236252
v 0.06487486 0.78059227 -0.62166467
v 0.04399593 0.75189581 -0.65781232
v 0.04516719 0.80021905 -0.59800452
v 0.06042086 0.82339838 -0.56423792
v 0.02887352 0.94653422 -0.32130870
v 0.03449896 0.92759752 -0.37198475
v -0.03822650 -0.49385419 0.86870408
v -0.04185022 -0.55345585 0.83182642
v -0.02239997 -0.43868230 0.89836300
v 0.10246673 -0.37155292 0.92273994
v 0.09225065 -0.30325104 0.94843483
v 0.04338245 -0.38230183 0.92301857
v 0.04748853 -0.45925131 0.88703612
v 0.97968916 0.14654986 -0.13686596
v 0.71238650 0.10481943 0.69391524
v 0.23524383 -0.29649152 -0.92560959
v 0.93349539 0.34883419 -0.08307263
v 0.93093244 0.35158401 -0.09875970
v 0.92838611 0.35586444 -0.10705010
v 0.93235549 0.35086510 -0.08721771
v 0.10371703 0.23465615 -0.96652950
v 0.11369464 0.16846770 -0.97912827
v 0.04501410 0.94117875 0.33489744
v 0.75500874 0.46871427 0.45855069
v 0.68532008 0.57952340 0.44100909
v 0.66213196 0.44044090 0.60629455
v 0.69367893 0.40131293 0.59812831
v 0.14540851 0.90262598 -0.40512061
v 0.11639278 0.89761081 -0.42514416
v 0.11245517 0.92706938 -0.35762578
v 0.18141291 0.91792005 -0.35286278
v 0.08981737 -0.10834251 -0.99004785
v 0.04825542 -0.10130925 -0.99368398
v 0.04376518 -0.00280386 -0.99903791
v 0.04232462 0.00924998 -0.99906109
v 0.07662319 0.00372358 -0.99705317
v 0.07853248 -0.00828854 -0.99687710
v 0.16964386 0.24559119 -0.95441392
v 0.21707177 0.22782926 -0.94919633
v 0.08891435 0.14333078 0.98567263
v 0.12343800 0.17067888 0.97756421
v 0.12366498 0.20103671 0.97174648
v 0.08719341 0.17337765 0.98098802
v 0.90796180 0.38187497 -0.17255975
v 0.91604623 0.37133813 -0.15154964
v 0.89459729 0.39179754 -0.21491948
v 0.87833316 0.40945652 -0.24673105
v 0.37843216 -0.23306197 -0.89580758
v 0.57651250 -0.11028014 -0.80961203
v 0.51552734 0.15439512 -0.84284857
v 0.52726299 0.13329295 -0.83918218
v 0.33767106 0.05159306 -0.93984914
v 0.34724949 0.07949410 -0.93439739
v 0.53723256 0.27528883 -0.79724352
v 0.52744003 0.22576368 -0.81904687
v 0.55020936 0.32905370 -0.76745901
v 0.80624335 0.42100924 -0.41559941
v 0.79098004 0.42917431 -0.43607337
v 0.57734062 0.59298339 -0.56129182
v 0.16227876 -0.29774407 0.94075187
v 0.09324345 -0.16444774 0.98196874
v 0.06562476 -0.15762183 0.98531657
v -0.03336472 -0.44784844 0.89348675
v -0.04140375 -0.41907516 0.90700702
v -0.02106525 0.91645857 0.39957470
v -0.02116790 0.97501945 0.22110855
v 0.93717197 0.33131697 -0.10926006
v 0.94695212 0.31028770 -0.08368532
v 0.86007844 0.35366236 -0.36767924
v 0.90294258 0.33114158 -0.27393421
v 0.96310932 0.26903638 -0.00631374
v 0.95769001 0.27481017 -0.08549389
v 0.68884027 0.49246955 -0.53195190
v 0.75254118 0.45191438 -0.47901479
v 0.41009152 0.46771991 0.78298342
v 0.44114574 0.47194997 0.76331754
v 0.37946525 0.50878388 0.77275163
v 0.35381660 0.48899986 0.79730355
v 0.30372043 0.49415161 0.81459689
v 0.31946528 0.53104203 0.78481609
v 0.26663761 0.53960728 0.79857897
v 0.25908262 0.48530923 0.83507553
v 0.16748394 0.75623532 0.63250081
v 0.11565112 0.71221259 0.69237132
v 0.07546882 0.66598054 0.74214175
v 0.03964553 0.61628520 0.78652450
v 0.03956835 0.90493087 -0.42371508
v 0.04376133 0.91802956 -0.39408967
v 0.05004108 0.88837720 -0.45637906
v 0.04302319 0.87362745 -0.48468968
v 0.03367982 0.86309177 -0.50392287
v 0.03344112 0.89579887 -0.44319981
v 0.00757185 0.83811440 0.54544194
v 0.00117172 0.79759404 0.60319348
v 0.00617468 0.72232693 0.69152417
v 0.93860758 0.34179054 -0.04685125
v 0.93983761 0.33984805 -0.03476444
v 0.00793169 0.99296145 -0.11817208
v -0.00495978 0.99998575 0.00197394
v 0.93685810 0.34495210 -0.05748876
v 0.93684949 0.34550414 -0.05422097
v 0.47383063 0.52155634 0.70955163
v 0.56354220 0.45665719 0.68839262
v 0.60574134 0.49707185 0.62128657
v -0.01842111 0.86712217 0.49775476
v -0.02193265 0.83357104 0.55197669
v 0.94157992 0.13821424 0.30712227
v 0.64573562 0.12625978 0.75304978
v 0.86136840 0.17265100 0.47774063
v 0.56686276 0.25731467 0.78259554
v 0.01207852 -0.00235909 0.99992427
v 0.00757130 -0.01060322 0.99991512
v 0.04336364 0.00021064 0.99905933
v 0.05112256 0.01126985 0.99862880
v 0.02046778 0.03022280 0.99933360
v 0.01715239 0.01724372 0.99970418
v -0.05368574 0.84407956 0.53352370
v 0.07022457 -0.00444198 0.99752132
v 0.07412327 0.00474650 0.99723779
v 0.03836234 -0.01012836 0.99921256
v 0.03578413 -0.01863769 0.99918573
v 0.01840266 -0.03132638 0.99933978
v 0.01601747 -0.03598199 0.99922407
v 0.02474026 -0.14171756 0.98959792
v 0.00410734 -0.15188543 0.98838957
v 0.93449238 0.28449853 0.21397334
v 0.93993851 0.29957408 0.16361837
v 0.92200210 0.28648583 0.26045728
v 0.91016608 0.27140347 0.31295025
v 0.14964844 0.03492840 0.98812213
v 0.10454301 0.01136647 0.99445541
v 0.72072345 0.26703327 0.63972724
v 0.84540444 0.22379681 0.48498074
v 0.07173472 0.07247632 0.99478707
v 0.15780494 0.20340315 0.96629434
v 0.16135849 0.23395055 0.95876513
v 0.19405341 0.23967388 0.95126216
v 0.19793066 0.26917915 0.94253172
v -0.04774602 -0.49265430 0.86891430
v -0.04152081 -0.49808391 0.86613420
v 0.80641945 0.49601451 -0.32195851
v 0.78424256 0.51078216 -0.35222890
v 0.68803435 0.59002317 -0.42247058
v 0.72584536 0.56786905 -0.38816654
v -0.01260627 -0.65796236 0.75294529
v -0.00085928 -0.56194484 0.82717426
v 0.11517959 -0.39089822 -0.91319891
v 0.08728451 -0.47355867 -0.87642661
v 0.07817380 -0.45232624 -0.88841985
v 0.07363774 -0.40980558 -0.90919573
v 0.28416053 -0.32766979 0.90104678
v 0.26544203 -0.27561389 0.92389259
v 0.29160568 -0.38333339 0.87636844
v 0.27351614 -0.45288839 0.84857588
v 0.53412687 -0.81461479 0.22607791
v 0.57083281 -0.80554962 0.15887011
v 0.60268476 -0.79708232 0.03782668
v 0.60502115 -0.79578730 0.02592253
v 0.60629212 -0.79500985 0.01921460
v 0.60710742 -0.79448405 0.01468612
v 0.60689772 -0.79462131 0.01587836
v 0.93546215 0.34727470 -0.06565707
v 0.93405894 0.34946025 -0.07356250
v 0.93132014 0.35426170 -0.08450710
v 0.93406282 0.35023052 -0.06975120
v 0.94077188 0.33304708 -0.06346588
v 0.93958525 0.33706860 -0.05970198
v 0.94370041 0.32930517 -0.03142676
v 0.94710244 0.32056027 -0.01543002
v 0.93762777 0.34165497 -0.06423439
v 0.93481745 0.34516900 -0.08351468
v 0.93517724 0.34591430 -0.07607126
v 0.93162090 0.35225953 -0.08941881
v 0.92721180 0.35812674 -0.10965179
v 0.92551963 0.36109144 -0.11413321
v 0.93142616 0.35286691 -0.08905195
v 0.93282244 0.35122508 -0.08051853
v 0.93197053 0.35229041 -0.08557103
v 0.92767515 0.35877230 -0.10344682
v 0.92942552 0.35667060 -0.09462710
v 0.94265521 0.33269637 -0.02672617
v 0.94631295 0.32323028 0.00374050
v 0.94575087 0.32476535 -0.00909694
v 0.94225766 0.33328802 -0.03270460
v 0.94307822 0.32126217 0.08598887
v 0.93454624 0.30920436 0.17611356
v 0.85819743 0.23352759 0.45712365
v 0.86509909 0.23430862 0.44351216
v 0.78298890 0.25610550 0.56686714
v 0.74271293 0.27184319 0.61194672
v 0.94581741 0.32293078 0.03383981
v 0.94194855 0.33559007 -0.01059428
v 0.94378117 0.32930668 0.02888267
v 0.94571270 0.31029860 0.09665535
v 0.94967746 0.30750597 0.05960531
v 0.94674987 0.28670196 0.14651508
v 0.95060823 0.28997787 0.11071058
v 0.94994550 0.31052695 0.03430104
v 0.90689562 0.37606748 -0.19003572
v 0.91977101 0.36527991 -0.14349870
v 0.90109292 0.25997722 0.34704955
v 0.93128249 0.27435386 0.23967244
v 0.69111711 0.27778021 0.66722957
v 0.94879659 0.27747666 -0.15096932
v 0.93707729 0.27845218 -0.21059565
v 0.33168449 0.30248382 0.89358208
v 0.32791411 0.31878733 0.88929577
v 0.89713430 0.20524205 0.39118505
v 0.85365088 0.20192309 0.48011169
v 0.34809619 0.33528610 0.87544976
v 0.36297433 0.33200506 0.87064475
v 0.22136968 0.13301270 0.96607613
v 0.02013199 0.67850783 0.73431725
v 0.94534428 0.29138683 0.14634861
v 0.94557258 0.29987144 0.12637093
v 0.83443610 0.44483349 -0.32532993
v 0.85928731 0.41918168 -0.29310757
v 0.80084760 0.45813241 -0.38569136
v 0.76099948 0.49790215 -0.41590050
v 0.26488602 0.42822520 -0.86397834
v 0.30616960 0.41737568 -0.85560372
v 0.26408935 0.31577423 -0.91134157
v 0.21996561 0.33256131 -0.91707039
v 0.87070127 0.43985666 -0.22001231
v 0.83992326 0.47780014 -0.25736343
v 0.89207820 0.42411012 -0.15597144
v 0.90192817 0.40494940 -0.15013843
v 0.92529050 0.37724937 -0.03899251
v 0.93794800 0.33892245 0.07338336
v 0.93814318 0.34620308 0.00554940
v 0.92433022 0.37416991 -0.07490336
v 0.81726441 0.11208214 -0.56525789
v 0.58497983 -0.04065074 -0.81002847
v 0.25441834 0.07978317 0.96379767
v 0.34268589 0.14627981 0.92799170
v 0.17713053 -0.02510425 0.98386714
v 0.02908837 -0.33293986 0.94249929
v 0.07841003 -0.24324760 0.96678978
v -0.01569017 -0.76100983 0.64855058
v 0.81388287 0.13898659 0.56416079
v 0.16155612 -0.77730465 -0.60802722
v 0.03983778 -0.98055391 0.19216393
v 0.30150474 -0.42600336 -0.85300412
v 0.27135236 -0.40845605 -0.87151107
v 0.30784077 -0.38364060 -0.87066294
v 0.33360710 -0.40223372 -0.85259272
v 0.35030322 -0.36303288 -0.86342039
v 0.37578537 -0.37927104 -0.84554056
v 0.42215341 -0.44378794 0.79046743
v 0.60933474 -0.79252353 -0.02485196
v 0.60951991 -0.79275328 -0.00526398
v 0.60840898 -0.79360023 -0.00609824
v 0.61169590 -0.79069955 -0.02494704
v 0.61797413 -0.78498228 -0.04371253
v 0.61339630 -0.78957620 -0.01773160
v 0.60874507 -0.79303808 0.02280448
v 0.60788089 -0.79401654 0.00430888
v 0.60828538 -0.79369671 0.00586754
v 0.61044032 -0.79206036 -0.00173209
v 0.60868071 -0.79338266 0.00719436
v 0.00420467 -0.47042238 0.88243136
v 0.05937843 -0.33990089 -0.93858489
v 0.47298220 0.05352836 0.87944445
v 0.52300923 0.03921973 0.85142419
v 0.16395972 -0.12564573 0.97843260
v 0.23811067 -0.07039208 0.96868378
v 0.29907664 0.14639441 0.94293257
v 0.22208950 0.08852712 0.97099907
v 0.34008243 0.20026284 0.91882465
v 0.31909396 0.17174998 0.93203057
v 0.42450605 0.24682934 0.87113139
v 0.45045913 0.26850628 0.85146401
v 0.93694391 0.17963372 0.29977964
v 0.90584887 0.17425424 0.38610009
v 0.82810924 0.20908974 -0.52011207
v 0.77603255 0.22193135 -0.59035579
v 0.56823781 0.13428134 -0.81183392
v 0.88289808 0.20093035 -0.42440308
v 0.11904432 0.01619656 -0.99275683
v 0.12437094 0.03745346 -0.99152867
v 0.17391908 0.03860027 -0.98400314
v 0.16917234 0.01750540 -0.98543101
v 0.04174619 -0.14790402 0.98812026
v -0.00146971 -0.38441158 0.92316064
v 0.23822662 -0.22852410 0.94394111
v 0.29557255 -0.12515507 0.94708662
v 0.39782959 -0.05536981 0.91578699
v 0.95824641 0.28073991 0.05430399
v 0.32654669 0.66761416 -0.66907294
v 0.29576075 0.69109497 -0.65947959
v 0.93680408 0.34834474 -0.03246632
v 0.92601251 0.36737869 -0.08679711
v 0.93228110 0.26729124 0.24373623
v 0.89490011 0.27920293 0.34813720
v 0.82739293 0.26957787 0.49269535
v 0.87310275 0.26489692 0.40929354
v 0.28589336 0.02632167 0.95789987
v 0.30521275 0.00784448 0.95225188
v 0.40291893 0.08024577 0.91171100
v 0.04865907 -0.94684059 -0.31800186
v 0.07977671 -0.53401217 -0.84170463
v 0.11843362 -0.17483129 0.97744949
v 0.27409944 -0.68787505 -0.67208438
v 0.22237521 -0.69384624 -0.68492822
v 0.33029611 -0.70077688 -0.63231024
v 0.39281948 -0.71997448 -0.57212726
v 0.45633245 -0.74768481 -0.48241903
v 0.51189371 -0.77033170 -0.38020246
v 0.55502092 -0.79633565 -0.24041905
v 0.58149048 -0.80423786 -0.12276114
v 0.59821761 -0.80132826 -0.00295174
v 0.59446727 -0.80230877 -0.05393794
v 0.60042269 -0.79941506 -0.02069207
v 0.60357680 -0.79728787 -0.00520530
v 0.60632920 -0.79516280 0.00900112
v 0.60528553 -0.79600020 0.00361919
v 0.60684699 -0.79472998 0.01187418
v 0.60709886 -0.79451678 0.01319339
v -0.04521956 -0.56180050 0.82603595
v -0.04346830 -0.64900820 0.75953858
v 0.37254637 0.59497352 0.71219078
v 0.94166317 0.23428206 0.24162447
v 0.94092014 0.23893037 0.23996161
v 0.90031245 0.25125263 0.35540064
v 0.04300114 -0.27763102 -0.95972492
v 0.02611969 -0.22645157 -0.97367215
v 0.92185127 0.36777396 -0.12219881
v 0.92479748 0.36479389 -0.10805107
v 0.94005460 0.26654280 0.21272583
v 0.90248358 0.23398196 0.36162942
v 0.91238605 0.23556093 0.33475773
v 0.93671871 0.34451662 -0.06218005
v 0.93671418 0.34452243 -0.06221611
v 0.93670870 0.34453212 -0.06224496
v 0.93670890 0.34453394 -0.06223176
v 0.93672791 0.34449999 -0.06213354
v 0.93671887 0.34451388 -0.06219275
v 0.93671927 0.34450679 -0.06222605
v 0.93671162 0.34452224 -0.06225570
v 0.93671854 0.34451080 -0.06221486
v 0.93673192 0.34448607 -0.06215036
v 0.93671516 0.34451906 -0.06222006
v 0.93672251 0.34450694 -0.06217649
v 0.93672432 0.34450281 -0.06217198
v 0.93671567 0.34451766 -0.06222011
v 0.93669312 0.34455259 -0.06236590
v 0.93668598 0.34456118 -0.06242578
v 0.93666940 0.34459168 -0.06250607
v 0.93668450 0.34456855 -0.06240714
v 0.93698878 0.34400663 -0.06092177
v 0.93717475 0.34366870 -0.05996089
v 0.93699108 0.34397381 -0.06107161
v 0.93686574 0.34421206 -0.06164938
v 0.93673270 0.34450344 -0.06204217
v 0.93672510 0.34450954 -0.06212297
v 0.93670648 0.34454218 -0.06222271
v 0.93669762 0.34456493 -0.06222999
v 0.93681490 0.34435060 -0.06164827
v 0.93689673 0.34421564 -0.06115652
v 0.93691886 0.34416377 -0.06110927
v 0.93682279 0.34432931 -0.06164726
v 0.93667219 0.34462098 -0.06230246
v 0.93673477 0.34451308 -0.06195726
v 0.93674059 0.34447515 -0.06208017
v 0.93676779 0.34442925 -0.06192404
v 0.93676910 0.34442298 -0.06193923
v 0.93673902 0.34447566 -0.06210086
v 0.93670239 0.34453969 -0.06229793
v 0.93669857 0.34454521 -0.06232485
v 0.93669431 0.34455321 -0.06234459
v 0.93670031 0.34454363 -0.06230747
v 0.93671471 0.34451878 -0.06222827
v 0.93672308 0.34450386 -0.06218494
v 0.93671213 0.34452280 -0.06224485
v 0.93670354 0.34453969 -0.06228068
v 0.93669855 0.34454920 -0.06230310
v 0.93670336 0.34454129 -0.06227453
v 0.93670608 0.34453546 -0.06226588
v 0.93677342 0.34440338 -0.06198280
v 0.93673682 0.34447266 -0.06215075
v 0.93675802 0.34443846 -0.06202058
v 0.93680722 0.34434940 -0.06177153
v 0.93676575 0.34444464 -0.06186945
v 0.93674272 0.34447784 -0.06203300
v 0.93668822 0.34456862 -0.06235093
v 0.93666738 0.34460705 -0.06245152
v 0.93668697 0.34457537 -0.06233243
v 0.93669860 0.34455161 -0.06228897
v 0.93660764 0.34470790 -0.06279010
v 0.93665435 0.34462652 -0.06253946
v 0.93665019 0.34463030 -0.06258095
v 0.93660628 0.34470427 -0.06283027
v 0.93676960 0.34439636 -0.06207952
v 0.93684493 0.34426981 -0.06164307
v 0.93667971 0.34456482 -0.06249971
v 0.93668697 0.34453970 -0.06252931
v 0.93662315 0.34465479 -0.06285030
v 0.93664667 0.34462533 -0.06266102
v 0.93702439 0.34404967 -0.06012586
v 0.93693778 0.34417509 -0.06075439
v 0.93683317 0.34436397 -0.06129489
v 0.93683920 0.34438173 -0.06110262
v 0.93671334 0.34457242 -0.06195127
v 0.93665317 0.34470289 -0.06213495
v 0.93622673 0.34546608 -0.06428613
v 0.93635796 0.34521947 -0.06369684
v 0.93616341 0.34553264 -0.06484806
v 0.93596841 0.34587967 -0.06580566
v 0.93641209 0.34503788 -0.06388475
v 0.93653181 0.34483761 -0.06320750
v 0.93654016 0.34481321 -0.06321685
v 0.93643537 0.34498130 -0.06384908
v 0.93643249 0.34494685 -0.06407708
v 0.93649997 0.34485689 -0.06357299
v 0.93659716 0.34468020 -0.06309765
v 0.93658617 0.34467535 -0.06328700
v 0.93605038 0.34535011 -0.06740166
v 0.93627774 0.34507728 -0.06561759
v 0.93667707 0.34437310 -0.06358640
v 0.93668160 0.34424547 -0.06420780
v 0.93772568 0.34257025 -0.05758629
v 0.93807496 0.34200753 -0.05519259
v 0.93869897 0.34083121 -0.05175259
v 0.93827173 0.34150790 -0.05494104
v 0.93737671 0.34357373 -0.05728863
v 0.93725818 0.34373346 -0.05826166
v 0.93677427 0.34458447 -0.06095497
v 0.93671351 0.34473741 -0.06102394
v 0.93625170 0.34530109 -0.06480666
v 0.93631062 0.34517352 -0.06463483
v 0.93737920 0.34323518 -0.05924394
v 0.93715244 0.34366633 -0.06032213
v 0.93738283 0.34328872 -0.05887514
v 0.93766435 0.34277141 -0.05738749
v 0.93774007 0.34275957 -0.05620894
v 0.93746962 0.34322434 -0.05785981
v 0.93733801 0.34350010 -0.05835360
v 0.93751273 0.34321471 -0.05721492
v 0.93718199 0.34383229 -0.05890050
v 0.93710158 0.34394333 -0.05952833
v 0.93683122 0.34442322 -0.06099109
v 0.93681617 0.34447803 -0.06091265
v 0.93609594 0.34555882 -0.06567721
v 0.93593779 0.34581176 -0.06659339
v 0.93591104 0.34589240 -0.06655057
v 0.93609250 0.34559060 -0.06555886
v 0.93659867 0.34462272 -0.06338855
v 0.93638435 0.34499978 -0.06449421
v 0.93726258 0.34357699 -0.05910754
v 0.93748096 0.34315829 -0.05806758
v 0.93725703 0.34355310 -0.05933400
v 0.93657418 0.34486340 -0.06243432
v 0.93560706 0.34614480 -0.06944934
v 0.93497646 0.34701775 -0.07346900
v 0.93442492 0.34800639 -0.07577353
v 0.93525330 0.34678923 -0.07098241
v 0.93570954 0.34570557 -0.07025178
v 0.93670926 0.34395109 -0.06537129
v 0.94011554 0.33808023 -0.04341115
v 0.93956646 0.33895972 -0.04817851
v 0.94017071 0.33814478 -0.04167915
v 0.93880404 0.34075148 -0.05035282
v 0.93873971 0.34098117 -0.04999592
v 0.94001319 0.33860589 -0.04148804
v 0.93790188 0.34280561 -0.05314482
v 0.93684567 0.34466508 -0.05938154
v 0.93621763 0.34558042 -0.06380227
v 0.93602900 0.34603118 -0.06412589
v 0.93720009 0.34346604 -0.06072116
v 0.93700015 0.34387988 -0.06146010
v 0.93668026 0.34458086 -0.06240293
v 0.93669418 0.34455606 -0.06233090
v 0.93669169 0.34455946 -0.06234945
v 0.93667683 0.34458498 -0.06243156
v 0.93669194 0.34455812 -0.06235310
v 0.93669946 0.34454555 -0.06230966
v 0.93675745 0.34445028 -0.06196351
v 0.93673556 0.34448563 -0.06209784
v 0.93671364 0.34452205 -0.06222628
v 0.93718191 0.34375100 -0.05937436
v 0.93704261 0.34397533 -0.06026704
v 0.93576031 0.34618891 -0.06712580
v 0.93543786 0.34673264 -0.06879310
v 0.93570512 0.34634373 -0.06709664
v 0.93625410 0.34532393 -0.06465016
v 0.93628948 0.34529457 -0.06429356
v 0.93651371 0.34490053 -0.06313232
v 0.93642794 0.34502980 -0.06369579
v 0.93573754 0.34612672 -0.06776097
v 0.93544264 0.34658787 -0.06945448
v 0.93534668 0.34681248 -0.06962544
v 0.93568353 0.34626748 -0.06778766
v 0.93815674 0.34214013 -0.05293452
v 0.93774733 0.34282751 -0.05567093
v 0.93453820 0.34833612 -0.07280322
v 0.93532347 0.34713292 -0.06832819
v 0.93576722 0.34631216 -0.06638976
v 0.93529576 0.34705653 -0.06909122
v 0.93604132 0.34581105 -0.06512579
v 0.93398350 0.34911415 -0.07611915
v 0.93494188 0.34755485 -0.07133934
v 0.93914865 0.34042290 -0.04595715
v 0.93494249 0.34736779 -0.07223684
v 0.93397789 0.34884176 -0.07742565
v 0.93382284 0.34922936 -0.07754840
v 0.93482121 0.34765389 -0.07242976
v 0.93667850 0.34458034 -0.06243214
v 0.93665642 0.34461649 -0.06256372
v 0.93677370 0.34434688 -0.06229177
v 0.93671576 0.34447035 -0.06248009
v 0.93686158 0.34416418 -0.06197904
v 0.93670476 0.34453178 -0.06230606
v 0.93670433 0.34453484 -0.06229558
v 0.93672657 0.34448222 -0.06225209
v 0.93670939 0.34451943 -0.06230478
v 0.93662819 0.34467820 -0.06264645
v 0.93611881 0.34542656 -0.06604588
v 0.93620962 0.34531197 -0.06535441
v 0.93635778 0.34500250 -0.06486432
v 0.93833378 0.34109987 -0.05639681
v 0.93746926 0.34288594 -0.05983833
v 0.93614345 0.34545630 -0.06553920
v 0.94051269 0.33652039 -0.04679636
v 0.93649209 0.34497186 -0.06306334
v 0.93640067 0.34521831 -0.06307219
v 0.93649816 0.34501947 -0.06271169
v 0.93670883 0.34453074 -0.06225064
v 0.93679377 0.34439270 -0.06173416
v 0.93709280 0.34386622 -0.06010912
v 0.93706697 0.34388784 -0.06038750
v 0.93595796 0.34564537 -0.06717120
v 0.93567580 0.34615254 -0.06847788
v 0.93589852 0.34581971 -0.06710209
v 0.93821019 0.34184636 -0.05387683
v 0.93814015 0.34205473 -0.05377376
v 0.93670512 0.34453473 -0.06228431
v 0.93777287 0.34263737 -0.05640635
v 0.93660890 0.34474799 -0.06255066
v 0.04044284 0.69295581 -0.71984486
v 0.00346899 0.61218391 -0.79070780
v 0.01247688 0.67635038 -0.73647437
v 0.77991499 0.21293878 0.58854880
v 0.35353342 0.26110864 0.89824073
v 0.44433812 0.31034799 0.84038548
v 0.94413403 0.23005155 0.23598141
v 0.94440043 0.22458457 0.24014494
v 0.94606209 0.24661017 0.21011890
v 0.94389150 0.24515268 0.22128939
v 0.72906652 0.24508544 0.63905800
v -0.02650718 0.99608873 0.08428883
v -0.02621021 0.99624760 0.08248479
v -0.02694480 0.99587391 0.08665520
v 0.01763943 -0.02749469 0.99946630
v -0.00408417 -0.04186823 0.99911479
v -0.00454651 -0.04638834 0.99891314
v -0.02835248 0.99469564 0.09887731
v -0.02834069 0.99467845 0.09905341
v -0.02812415 0.99485203 0.09735749
v -0.02849136 0.99460220 0.09977326
v -0.02849572 0.99459396 0.09985416
v -0.02773447 0.99534560 0.09229264
v -0.02578522 0.99646658 0.07993426
v -0.02520987 0.99675507 0.07644470
v -0.02793699 0.99512134 0.09462056
v 0.05907252 -0.03438878 -0.99766119
v 0.06645826 -0.04359582 -0.99683635
v 0.03106261 -0.03681034 -0.99883938
v 0.02555567 -0.02800392 -0.99928109
v -0.00106361 -0.03592886 -0.99935378
v -0.00424981 -0.02790540 -0.99960153
v 0.03530942 -0.04549119 -0.99834052
v 0.31274082 -0.08188926 -0.94630192
v 0.29584387 -0.06776347 -0.95282974
v 0.45542616 -0.01665863 -0.89011769
v 0.45190601 -0.03633373 -0.89132532
v 0.70699321 0.12845242 -0.69545710
v 0.73794699 0.13374039 -0.66147392
v 0.45859527 -0.00117352 -0.88864448
v 0.97546663 0.17169107 0.13779340
v 0.96505106 0.16670863 0.20219964
v 0.64330184 0.21116772 0.73591504
v 0.64129191 0.20586629 0.73916423
v 0.46019803 0.18926342 0.86740829
v 0.34278065 0.11104973 0.93282870
v 0.25805726 0.02829926 0.96571507
v 0.24720184 0.04105363 0.96809393
v 0.17150439 -0.00913730 0.98514098
v 0.11743754 -0.04050450 0.99225390
v 0.07745466 -0.06104842 0.99512505
v 0.04591060 -0.07439901 0.99617117
v 0.01781563 -0.08482820 0.99623631
v -0.00826204 -0.09556023 0.99538936
v -0.00817117 -0.10932051 0.99397297
v 0.29161935 0.58376721 0.75774270
v 0.03557302 0.96689802 -0.25267130
v 0.04543825 0.98795175 -0.14794159
v 0.04169264 0.96570557 -0.25627031
v 0.10923074 0.87514329 -0.47137338
v 0.11101527 0.83511299 -0.53875960
v 0.08955287 0.88353338 -0.45972715
v 0.08809467 0.91742261 -0.38804005
v 0.04436764 0.94496855 -0.32413879
v 0.04097565 0.94727211 -0.31779953
v 0.04975365 0.94043296 -0.33631893
v 0.05686533 0.91343426 -0.40299403
v 0.05961155 0.88579916 -0.46022420
v 0.61026737 0.78872807 0.07403892
v 0.80169371 0.57492928 0.16353444
v 0.54950378 0.80947507 -0.20687121
v 0.28246750 0.92377046 -0.25857350
v 0.14467109 0.87689990 -0.45838503
v 0.17245955 0.88150490 -0.43955296
v 0.17134608 0.85755885 -0.48500860
v 0.16047908 0.84038507 -0.51768658
v 0.90367536 0.35693184 0.23658086
v 0.91938706 0.33825663 0.20077323
v 0.91429190 0.40484690 0.01301167
v 0.89610915 0.44369415 0.01113076
v 0.20627696 0.89227536 -0.40161486
v 0.15171477 0.30139621 -0.94135166
v 0.19516526 0.37218290 -0.90740862
v 0.23449320 0.45077601 -0.86128620
v 0.26696066 0.71443011 -0.64677787
v 0.29832744 0.61649731 -0.72865067
v 0.27284825 0.64855150 -0.71058764
v 0.26367567 0.75396328 -0.60167641
v 0.27632615 0.76827836 -0.57740126
v 0.78063158 0.28655150 0.55543008
v 0.73103879 0.29148148 0.61694475
v 0.79340208 0.26461879 0.54816972
v 0.40494016 0.72479311 -0.55740328
v 0.43281152 0.70483939 -0.56202813
v 0.36426963 0.72485485 -0.58471624
v 0.33252223 0.74407809 -0.57946248
v 0.30515899 0.95094886 -0.05073716
v 0.83975218 0.50663148 -0.19529674
v 0.72402351 0.60019053 -0.33994306
v 0.61686758 0.69222196 -0.37457060
v 0.79224900 0.56914401 -0.22003778
v 0.57038424 0.69984979 -0.42996755
v 0.45101020 0.75795023 -0.47127619
v 0.33402196 0.81462267 -0.47415106
v 0.43405272 0.78265423 -0.44615086
v 0.36193851 0.75404733 -0.54809957
v 0.29832945 0.76845346 -0.56610849
v 0.91817488 0.30160420 0.25688480
v 0.81689315 0.36680779 0.44512654
v 0.79207955 0.40645921 0.45541288
v 0.72513345 0.37062114 0.58036320
v 0.75812754 0.34239441 0.55498532
v 0.95523101 0.25816558 0.14451384
v 0.95889398 0.28315412 -0.01860348
v 0.91496828 0.33478852 -0.22527692
v 0.46262059 0.66896476 -0.58178032
v 0.81922094 0.42005081 -0.39042845
v 0.84946922 0.24460530 0.46751502
v 0.85215993 0.25424285 0.45736641
v 0.66089368 0.37549977 0.64978416
v 0.70243329 0.34093353 0.62478140
v 0.93164577 0.33407771 0.14292743
v 0.92342955 0.38372157 -0.00596796
v 0.67394010 0.57236073 -0.46712733
v 0.54642696 0.65125219 -0.52658158
v 0.51329725 0.67570287 -0.52910449
v 0.37444088 0.70844008 -0.59825302
v 0.39870832 0.70603978 -0.58526875
v 0.86131734 0.44575847 0.24378641
v 0.78816678 0.53458212 -0.30498375
v 0.87222776 0.45720331 -0.17373504
v 0.31757962 0.83780864 -0.44409444
v 0.22739051 0.86972183 -0.43803824
v 0.30868652 0.85986226 -0.40663193
v 0.46225260 0.79073759 -0.40131856
v 0.54126113 0.69269893 -0.47665981
v 0.59879849 0.66595097 -0.44491535
v 0.20080778 0.85922790 -0.47053550
v 0.25155913 0.84613185 -0.46987115
v 0.48982388 0.69586861 -0.52520420
v 0.61581107 0.41236007 0.67136867
v 0.44548671 0.50223449 0.74114918
v 0.52208930 0.44837523 0.72552217
v 0.58032014 0.40325046 0.70754336
v 0.63565889 0.35971357 0.68304021
v 0.68063037 0.32425293 0.65696448
v 0.36460126 0.54896666 0.75213132
v 0.93603395 0.34562268 -0.06622248
v 0.71961264 0.53495698 -0.44269478
v 0.76634647 0.50604278 -0.39576988
v 0.80159936 0.47503273 -0.36301843
v 0.91609949 0.37408049 -0.14431046
v -0.04807716 0.96929001 0.24117519
v -0.04912257 0.96694913 0.25019263
v -0.04417597 0.97687436 0.20920076
v -0.04475256 0.97585720 0.21377544
v 0.93598522 0.34580464 -0.06596072
v 0.93611169 0.34558255 -0.06532686
v 0.93655694 0.34480532 -0.06301110
v 0.93660980 0.34472332 -0.06267303
v 0.93666137 0.34462566 -0.06243909
v 0.93679748 0.34440218 -0.06162488
v 0.93685044 0.34430495 -0.06136251
v 0.93689832 0.34418639 -0.06129646
v 0.93657205 0.34474980 -0.06309013
v 0.93670846 0.34453046 -0.06225773
v 0.93670790 0.34453130 -0.06226144
v 0.93670764 0.34453179 -0.06226275
v 0.93670792 0.34453143 -0.06226040
v 0.93670760 0.34453176 -0.06226339
v 0.93670807 0.34453096 -0.06226074
v 0.93670767 0.34453163 -0.06226314
v 0.93670817 0.34453074 -0.06226052
v 0.93670771 0.34453154 -0.06226307
v 0.93670767 0.34453157 -0.06226341
v 0.93670812 0.34453077 -0.06226110
v 0.93670789 0.34453113 -0.06226259
v 0.93670754 0.34453179 -0.06226428
v 0.93670810 0.34453060 -0.06226243
v 0.93670730 0.34453193 -0.06226696
v 0.93670724 0.34453221 -0.06226634
v 0.93670758 0.34453163 -0.06226447
v 0.93670698 0.34453276 -0.06226724
v 0.93670664 0.34453329 -0.06226941
v 0.93670648 0.34453362 -0.06227002
v 0.93670691 0.34453291 -0.06226752
v 0.93670576 0.34453501 -0.06227320
v 0.93670659 0.34453352 -0.06226884
v 0.93670648 0.34453368 -0.06226973
v 0.93670551 0.34453533 -0.06227510
v 0.93670696 0.34453287 -0.06226694
v 0.93670676 0.34453326 -0.06226772
v 0.93670705 0.34453273 -0.06226635
v 0.93671061 0.34452687 -0.06224526
v 0.93670961 0.34452873 -0.06225000
v 0.93671147 0.34452607 -0.06223678
v 0.93670914 0.34452899 -0.06225568
v 0.93670920 0.34452901 -0.06225466
v 0.93671129 0.34452547 -0.06224266
v 0.93671132 0.34452519 -0.06224390
v 0.93670860 0.34452867 -0.06226542
v 0.93670763 0.34453102 -0.06226706
v 0.93670935 0.34452813 -0.06225720
v 0.93670878 0.34452950 -0.06225829
v 0.93671067 0.34452606 -0.06224889
v 0.93670654 0.34453327 -0.06227102
v 0.93670689 0.34453283 -0.06226824
v 0.93670726 0.34453259 -0.06226407
v 0.93670732 0.34453234 -0.06226444
v 0.93670702 0.34453284 -0.06226618
v 0.93670667 0.34453356 -0.06226748
v 0.93670598 0.34453390 -0.06227593
v 0.93670703 0.34453325 -0.06226374
v 0.93670586 0.34453520 -0.06227056
v 0.93670615 0.34453440 -0.06227062
v 0.93670466 0.34453714 -0.06227787
v 0.93670733 0.34453226 -0.06226475
v 0.93670749 0.34453198 -0.06226393
v 0.93670835 0.34453099 -0.06225649
v 0.93670594 0.34453437 -0.06227394
v 0.93670466 0.34453631 -0.06228251
v 0.93670375 0.34453807 -0.06228647
v 0.93670560 0.34453507 -0.06227526
v 0.93669980 0.34454543 -0.06230519
v 0.93670385 0.34453837 -0.06228334
v 0.93670349 0.34453875 -0.06228652
v 0.93670691 0.34453292 -0.06226733
v 0.93670133 0.34454319 -0.06229449
v 0.93670730 0.34453224 -0.06226524
v 0.93670731 0.34453224 -0.06226521
v 0.93670731 0.34453223 -0.06226519
v 0.93670731 0.34453223 -0.06226522
v 0.93670733 0.34453219 -0.06226510
v 0.93670733 0.34453220 -0.06226511
v 0.93670733 0.34453219 -0.06226508
v 0.93670734 0.34453218 -0.06226503
v 0.93670731 0.34453223 -0.06226519
v 0.93670732 0.34453222 -0.06226517
v 0.93670731 0.34453223 -0.06226518
v 0.93670731 0.34453224 -0.06226521
v 0.93670731 0.34453224 -0.06226520
v 0.93670730 0.34453224 -0.06226522
v 0.93670730 0.34453225 -0.06226523
v 0.93670731 0.34453224 -0.06226519
v 0.93670730 0.34453226 -0.06226525
v 0.93670730 0.34453226 -0.06226526
v 0.93670729 0.34453227 -0.06226529
v 0.93670729 0.34453227 -0.06226529
v 0.93670728 0.34453228 -0.06226534
v 0.93670728 0.34453230 -0.06226537
v 0.93670728 0.34453228 -0.06226532
v 0.93670729 0.34453228 -0.06226531
v 0.93670730 0.34453226 -0.06226530
v 0.93670730 0.34453225 -0.06226527
v 0.93670730 0.34453225 -0.06226528
v 0.93670729 0.34453226 -0.06226531
v 0.93670732 0.34453222 -0.06226514
v 0.93670732 0.34453222 -0.06226515
v 0.93670731 0.34453223 -0.06226517
v 0.93670732 0.34453222 -0.06226515
v 0.93670727 0.34453228 -0.06226546
v 0.93670729 0.34453226 -0.06226540
v 0.93670729 0.34453225 -0.06226540
v 0.93670726 0.34453229 -0.06226555
v 0.93670736 0.34453214 -0.06226495
v 0.93670739 0.34453209 -0.06226475
v 0.93670742 0.34453203 -0.06226459
v 0.93670737 0.34453211 -0.06226492
v 0.93670735 0.34453216 -0.06226500
v 0.93670735 0.34453216 -0.06226498
v 0.93670737 0.34453213 -0.06226489
v 0.93670733 0.34453219 -0.06226506
v 0.93670722 0.34453238 -0.06226580
v 0.93670723 0.34453236 -0.06226568
v 0.93670730 0.34453225 -0.06226525
v 0.93670730 0.34453225 -0.06226525
v 0.93670730 0.34453225 -0.06226525
v 0.93670730 0.34453225 -0.06226525
v 0.93670719 0.34453243 -0.06226586
v 0.93670716 0.34453248 -0.06226604
v 0.93670716 0.34453250 -0.06226601
v 0.93670719 0.34453244 -0.06226582
v 0.93670722 0.34453239 -0.06226568
v 0.93670723 0.34453238 -0.06226564
v 0.93670730 0.34453225 -0.06226525
v 0.93670730 0.34453225 -0.06226525
v 0.93670730 0.34453225 -0.06226525
v 0.93670730 0.34453225 -0.06226525
v 0.93670730 0.34453225 -0.06226524
v 0.93670731 0.34453224 -0.06226522
v 0.93670730 0.34453225 -0.06226525
v 0.93670730 0.34453225 -0.06226524
v 0.93670730 0.34453224 -0.06226523
v 0.93670730 0.34453225 -0.06226524
v 0.93670729 0.34453226 -0.06226529
v 0.93670730 0.34453226 -0.06226527
v 0.93670730 0.34453225 -0.06226528
v 0.93670729 0.34453226 -0.06226530
v 0.93670729 0.34453227 -0.06226534
v 0.93670728 0.34453228 -0.06226535
v 0.93670729 0.34453227 -0.06226534
v 0.93670729 0.34453227 -0.06226532
v 0.93670729 0.34453227 -0.06226530
v 0.93670729 0.34453227 -0.06226531
v 0.93670729 0.34453227 -0.06226530
v 0.93670729 0.34453227 -0.06226530
v 0.93670712 0.34453255 -0.06226627
v 0.93670712 0.34453257 -0.06226623
v 0.93670727 0.34453230 -0.06226540
v 0.93670728 0.34453229 -0.06226537
v 0.93670728 0.34453229 -0.06226539
v 0.93670727 0.34453231 -0.06226543
v 0.93670721 0.34453241 -0.06226568
v 0.93670718 0.34453247 -0.06226584
v 0.93670730 0.34453225 -0.06226525
v 0.93670730 0.34453225 -0.06226525
v 0.93670733 0.34453220 -0.06226506
v 0.93670735 0.34453216 -0.06226495
v 0.93670737 0.34453213 -0.06226482
v 0.93670740 0.34453208 -0.06226467
v 0.93670744 0.34453202 -0.06226447
v 0.93670730 0.34453225 -0.06226526
v 0.93670730 0.34453225 -0.06226526
v 0.93670729 0.34453226 -0.06226531
v 0.93670727 0.34453230 -0.06226542
v 0.93670728 0.34453229 -0.06226539
v 0.93670727 0.34453229 -0.06226542
v 0.93670726 0.34453231 -0.06226548
v 0.93670727 0.34453230 -0.06226542
v 0.93670728 0.34453229 -0.06226539
v 0.93670728 0.34453229 -0.06226538
v 0.93670727 0.34453229 -0.06226541
v 0.93670732 0.34453222 -0.06226513
v 0.93670732 0.34453222 -0.06226512
v 0.93670721 0.34453240 -0.06226581
v 0.93670719 0.34453243 -0.06226594
v 0.93670715 0.34453249 -0.06226616
v 0.93670729 0.34453226 -0.06226535
v 0.93670729 0.34453225 -0.06226532
v 0.93670731 0.34453223 -0.06226528
v 0.93670730 0.34453225 -0.06226535
v 0.93670732 0.34453222 -0.06226519
v 0.93670732 0.34453222 -0.06226516
v 0.93670733 0.34453219 -0.06226512
v 0.93670733 0.34453218 -0.06226518
v 0.93670737 0.34453211 -0.06226501
v 0.93670730 0.34453222 -0.06226538
v 0.93670724 0.34453233 -0.06226572
v 0.93670719 0.34453242 -0.06226599
v 0.93670741 0.34453203 -0.06226484
v 0.93670733 0.34453217 -0.06226532
v 0.93670722 0.34453234 -0.06226587
v 0.93670715 0.34453248 -0.06226624
v 0.93670708 0.34453265 -0.06226632
v 0.93670714 0.34453254 -0.06226605
v 0.93670705 0.34453269 -0.06226660
v 0.93670750 0.34453190 -0.06226418
v 0.93670749 0.34453190 -0.06226434
v 0.93670742 0.34453203 -0.06226468
v 0.93670749 0.34453193 -0.06226416
v 0.93670732 0.34453221 -0.06226512
v 0.93670732 0.34453222 -0.06226514
v 0.93670732 0.34453222 -0.06226514
v 0.93670732 0.34453221 -0.06226513
v 0.93670731 0.34453224 -0.06226522
v 0.93670730 0.34453225 -0.06226523
v 0.93670730 0.34453225 -0.06226524
v 0.93670725 0.34453234 -0.06226559
v 0.93670727 0.34453230 -0.06226547
v 0.93670730 0.34453225 -0.06226526
v 0.93670730 0.34453225 -0.06226525
v 0.93670730 0.34453225 -0.06226525
v 0.93670730 0.34453225 -0.06226525
v 0.93670730 0.34453225 -0.06226525
v 0.93670730 0.34453226 -0.06226526
v 0.93670730 0.34453225 -0.06226526
v 0.93670730 0.34453225 -0.06226526
v 0.93670730 0.34453225 -0.06226525
v 0.93670729 0.34453227 -0.06226532
v 0.93670729 0.34453227 -0.06226531
v 0.93670730 0.34453226 -0.06226527
v 0.93670730 0.34453225 -0.06226524
v 0.93670730 0.34453225 -0.06226525
v 0.93670729 0.34453226 -0.06226531
v 0.93670729 0.34453227 -0.06226531
v 0.93670729 0.34453226 -0.06226530
v 0.93670730 0.34453225 -0.06226526
v 0.93670730 0.34453226 -0.06226527
v 0.93670730 0.34453226 -0.06226527
v 0.93670730 0.34453226 -0.06226526
v 0.93670726 0.34453232 -0.06226547
v 0.93670726 0.34453232 -0.06226548
v 0.93670730 0.34453225 -0.06226525
v 0.93670730 0.34453225 -0.06226525
v 0.93670706 0.34453265 -0.06226662
v 0.93670710 0.34453257 -0.06226646
v 0.93670729 0.34453226 -0.06226532
v 0.93670730 0.34453225 -0.06226522
v 0.93670729 0.34453227 -0.06226533
v 0.93670729 0.34453228 -0.06226533
v 0.93670729 0.34453227 -0.06226532
v 0.93670729 0.34453227 -0.06226533
v 0.93670728 0.34453228 -0.06226534
v 0.93670730 0.34453225 -0.06226526
v 0.93670730 0.34453225 -0.06226525
v 0.93670730 0.34453225 -0.06226525
v 0.93670730 0.34453225 -0.06226525
v 0.93670730 0.34453225 -0.06226525
v 0.93670730 0.34453225 -0.06226525
v 0.93670730 0.34453225 -0.06226525
v 0.93670730 0.34453225 -0.06226524
v 0.93670730 0.34453225 -0.06226524
v 0.93670730 0.34453225 -0.06226525
v 0.93670730 0.34453225 -0.06226526
v 0.93670730 0.34453226 -0.06226526
v 0.93670730 0.34453225 -0.06226526
v 0.93670730 0.34453225 -0.06226525
v 0.93670727 0.34453231 -0.06226540
v 0.93670727 0.34453231 -0.06226541
v 0.93670726 0.34453233 -0.06226547
v 0.93670729 0.34453228 -0.06226532
v 0.93670728 0.34453228 -0.06226535
v 0.93670728 0.34453229 -0.06226537
v 0.93670726 0.34453232 -0.06226544
v 0.93670730 0.34453226 -0.06226527
v 0.93670730 0.34453226 -0.06226527
v 0.93670730 0.34453226 -0.06226526
v 0.93670728 0.34453228 -0.06226536
v 0.93670730 0.34453225 -0.06226525
v 0.93670736 0.34453217 -0.06226486
v 0.93670734 0.34453220 -0.06226497
v 0.93670731 0.34453225 -0.06226513
v 0.93670731 0.34453225 -0.06226507
v 0.93670730 0.34453225 -0.06226525
v 0.93670730 0.34453225 -0.06226525
v 0.93670729 0.34453227 -0.06226533
v 0.93670729 0.34453228 -0.06226533
v 0.93670729 0.34453227 -0.06226532
v 0.93670729 0.34453227 -0.06226532
v 0.93670725 0.34453234 -0.06226551
v 0.93670728 0.34453229 -0.06226536
v 0.93670728 0.34453229 -0.06226537
v 0.93670724 0.34453237 -0.06226556
v 0.93670724 0.34453237 -0.06226550
v 0.93670726 0.34453234 -0.06226545
v 0.93670729 0.34453227 -0.06226530
v 0.93670728 0.34453230 -0.06226534
v 0.93670727 0.34453231 -0.06226536
v 0.93670727 0.34453232 -0.06226536
v 0.93670726 0.34453234 -0.06226536
v 0.93670723 0.34453240 -0.06226556
v 0.93670730 0.34453225 -0.06226525
v 0.93670730 0.34453225 -0.06226525
v 0.93670715 0.34453254 -0.06226586
v 0.93670720 0.34453245 -0.06226570
v 0.93670723 0.34453242 -0.06226543
v 0.93670725 0.34453237 -0.06226538
v 0.93670730 0.34453226 -0.06226519
v 0.93670729 0.34453228 -0.06226527
v 0.93670730 0.34453226 -0.06226524
v 0.93670729 0.34453228 -0.06226529
v 0.93670729 0.34453227 -0.06226528
v 0.93670730 0.34453225 -0.06226525
v 0.93670730 0.34453225 -0.06226525
v 0.93670730 0.34453225 -0.06226525
v 0.93670730 0.34453225 -0.06226525
v 0.93670730 0.34453225 -0.06226525
v 0.93670730 0.34453225 -0.06226525
v 0.93670731 0.34453224 -0.06226518
v 0.93670730 0.34453226 -0.06226527
v 0.93670732 0.34453222 -0.06226508
v 0.93670732 0.34453221 -0.06226510
v 0.93670731 0.34453223 -0.06226516
v 0.93670734 0.34453218 -0.06226499
v 0.93670736 0.34453215 -0.06226486
v 0.93670741 0.34453208 -0.06226457
v 0.93670738 0.34453212 -0.06226473
v 0.93670746 0.34453200 -0.06226427
v 0.93670733 0.34453220 -0.06226506
v 0.93670730 0.34453225 -0.06226525
v 0.93670730 0.34453225 -0.06226525
v 0.93670738 0.34453214 -0.06226472
v 0.93670741 0.34453209 -0.06226447
v 0.93670732 0.34453222 -0.06226515
v 0.93670729 0.34453227 -0.06226535
v 0.93670728 0.34453228 -0.06226539
v 0.93670727 0.34453229 -0.06226544
v 0.93670726 0.34453232 -0.06226552
v 0.93670733 0.34453224 -0.06226488
v 0.93670738 0.34453205 -0.06226518
v 0.93670722 0.34453232 -0.06226605
v 0.93670718 0.34453252 -0.06226558
v 0.93670730 0.34453225 -0.06226525
v 0.93670729 0.34453227 -0.06226530
v 0.93670729 0.34453227 -0.06226530
v 0.93670733 0.34453220 -0.06226510
v 0.93670733 0.34453221 -0.06226511
v 0.93670732 0.34453221 -0.06226512
v 0.93670733 0.34453221 -0.06226510
v 0.93670733 0.34453220 -0.06226509
v 0.93670733 0.34453221 -0.06226511
v 0.93670729 0.34453227 -0.06226537
v 0.93670728 0.34453228 -0.06226541
v 0.93670724 0.34453235 -0.06226556
v 0.93670725 0.34453234 -0.06226555
v 0.93670730 0.34453225 -0.06226524
v 0.93670730 0.34453225 -0.06226525
v 0.93670730 0.34453225 -0.06226524
v 0.93670730 0.34453225 -0.06226525
v 0.93670730 0.34453226 -0.06226526
v 0.93670730 0.34453226 -0.06226527
v 0.93670731 0.34453224 -0.06226526
v 0.93670732 0.34453221 -0.06226518
v 0.93670732 0.34453222 -0.06226515
v 0.93670732 0.34453222 -0.06226516
v 0.93670729 0.34453226 -0.06226529
v 0.93670729 0.34453227 -0.06226529
v 0.93670729 0.34453226 -0.06226528
v 0.93670729 0.34453226 -0.06226528
v 0.93670730 0.34453225 -0.06226525
v 0.93670730 0.34453225 -0.06226525
v 0.93670730 0.34453225 -0.06226525
v 0.93670729 0.34453227 -0.06226533
v 0.93670729 0.34453227 -0.06226529
v 0.93670729 0.34453227 -0.06226530
v 0.93670728 0.34453229 -0.06226537
v 0.93670732 0.34453224 -0.06226500
v 0.93670730 0.34453225 -0.06226525
v 0.93670730 0.34453225 -0.06226525
v 0.93670730 0.34453225 -0.06226525
v 0.93670730 0.34453225 -0.06226525
v 0.93670723 0.34453237 -0.06226566
v 0.93670729 0.34453226 -0.06226533
v 0.93670708 0.34453258 -0.06226679
v 0.93670733 0.34453221 -0.06226510
v 0.93670732 0.34453221 -0.06226512
v 0.93670729 0.34453226 -0.06226528
v 0.93670728 0.34453228 -0.06226535
v 0.93670729 0.34453227 -0.06226531
v 0.93670729 0.34453227 -0.06226532
v 0.93670729 0.34453227 -0.06226532
v 0.93670729 0.34453227 -0.06226531
v 0.93670730 0.34453225 -0.06226525
v 0.93670730 0.34453225 -0.06226525
v 0.93670730 0.34453225 -0.06226525
v 0.93670730 0.34453225 -0.06226525
v 0.93670730 0.34453225 -0.06226525
v 0.93670730 0.34453225 -0.06226525
v 0.93670730 0.34453225 -0.06226525
v 0.93670730 0.34453225 -0.06226525
v 0.93670730 0.34453225 -0.06226525
v 0.93670730 0.34453225 -0.06226525
v 0.93670730 0.34453225 -0.06226525
v 0.93670730 0.34453225 -0.06226525
v 0.93670730 0.34453225 -0.06226525
v 0.93670730 0.34453225 -0.06226525
v 0.93670730 0.34453225 -0.06226525
v 0.93670730 0.34453225 -0.06226525
v 0.93670730 0.34453225 -0.06226525
v 0.93670730 0.34453225 -0.06226525
v 0.93670730 0.34453225 -0.06226525
v 0.93670730 0.34453225 -0.06226525
v 0.93670730 0.34453225 -0.06226525
v 0.93670730 0.34453225 -0.06226525
v 0.93670730 0.34453225 -0.06226525
v 0.93670730 0.34453225 -0.06226525
v 0.93670730 0.34453225 -0.06226525
v 0.93670730 0.34453225 -0.06226525
v 0.93670730 0.34453225 -0.06226525
v 0.93670730 0.34453225 -0.06226525
v 0.93670730 0.34453225 -0.06226525
v 0.93670730 0.34453225 -0.06226525
v 0.93670730 0.34453225 -0.06226525
v 0.93670730 0.34453225 -0.06226525
v 0.93670730 0.34453225 -0.06226525
v 0.93670730 0.34453225 -0.06226525
v 0.93670730 0.34453225 -0.06226525
v 0.93670730 0.34453225 -0.06226525
v 0.93670730 0.34453225 -0.06226525
v 0.93670730 0.34453225 -0.06226525
v 0.93670730 0.34453225 -0.06226525
v 0.93670730 0.34453225 -0.06226525
v 0.93670730 0.34453225 -0.06226525
v 0.93670730 0.34453225 -0.06226525
v 0.93670730 0.34453225 -0.06226525
v 0.93670730 0.34453225 -0.06226525
v 0.93670730 0.34453225 -0.06226525
v 0.93670730 0.34453225 -0.06226525
v 0.93670730 0.34453225 -0.06226525
v 0.93670730 0.34453225 -0.06226525
v 0.93670730 0.34453225 -0.06226525
v 0.93670730 0.34453225 -0.06226525
v 0.93670730 0.34453225 -0.06226525
v 0.93670730 0.34453225 -0.06226525
v 0.93670730 0.34453225 -0.06226525
v 0.93670730 0.34453225 -0.06226525
v 0.93670730 0.34453225 -0.06226525
v 0.93670730 0.34453225 -0.06226525
v 0.93670730 0.34453225 -0.06226525
v 0.93670730 0.34453225 -0.06226525
v 0.93670730 0.34453225 -0.06226525
v 0.93670730 0.34453225 -0.06226525
v 0.93670730 0.34453225 -0.06226525
v 0.93670730 0.34453225 -0.06226525
v 0.93670729 0.34453226 -0.06226528
v 0.93670729 0.34453226 -0.06226528
v 0.93670729 0.34453226 -0.06226528
v 0.93670729 0.34453226 -0.06226528
v 0.93670729 0.34453226 -0.06226528
v 0.93670729 0.34453226 -0.06226528
v 0.93670729 0.34453226 -0.06226528
v 0.93670729 0.34453226 -0.06226528
v 0.93670729 0.34453226 -0.06226528
v 0.93670729 0.34453226 -0.06226528
v 0.93670729 0.34453226 -0.06226528
v 0.93670729 0.34453226 -0.06226528
v 0.93670730 0.34453226 -0.06226528
v 0.93670729 0.34453226 -0.06226528
v 0.93670729 0.34453226 -0.06226529
v 0.93670729 0.34453226 -0.06226529
v 0.93670729 0.34453226 -0.06226528
v 0.93670729 0.34453226 -0.06226528
v 0.93670729 0.34453226 -0.06226528
v 0.93670729 0.34453226 -0.06226528
v 0.93670729 0.34453226 -0.06226528
v 0.93670729 0.34453226 -0.06226528
v 0.93670729 0.34453226 -0.06226528
v 0.93670730 0.34453226 -0.06226528
v 0.93670730 0.34453226 -0.06226528
v 0.93670729 0.34453226 -0.06226528
v 0.93670729 0.34453226 -0.06226529
v 0.93670729 0.34453226 -0.06226529
v 0.93670729 0.34453226 -0.06226528
v 0.93670729 0.34453226 -0.06226528
v 0.93670729 0.34453226 -0.06226528
v 0.93670729 0.34453226 -0.06226528
v 0.93670729 0.34453226 -0.06226528
v 0.93670729 0.34453226 -0.06226528
v 0.93670729 0.34453226 -0.06226528
v 0.93670729 0.34453226 -0.06226528
v 0.93670729 0.34453226 -0.06226528
v 0.93670729 0.34453226 -0.06226528
v 0.93670729 0.34453226 -0.06226528
v 0.93670729 0.34453226 -0.06226528
v 0.93670729 0.34453226 -0.06226528
v 0.93670729 0.34453226 -0.06226528
v 0.93670729 0.34453226 -0.06226528
v 0.93670729 0.34453226 -0.06226528
v 0.93670729 0.34453226 -0.06226528
v 0.93670729 0.34453226 -0.06226528
v 0.93670729 0.34453226 -0.06226528
v 0.93670729 0.34453226 -0.06226528
v 0.93670729 0.34453226 -0.06226528
v 0.93670729 0.34453226 -0.06226528
v 0.93670729 0.34453226 -0.06226528
v 0.93670729 0.34453226 -0.06226528
v 0.93670729 0.34453226 -0.06226528
v 0.93670729 0.34453226 -0.06226528
v 0.93670729 0.34453226 -0.06226528
v 0.93670729 0.34453226 -0.06226528
v 0.93670729 0.34453226 -0.06226528
v 0.93670729 0.34453226 -0.06226528
v 0.93670729 0.34453226 -0.06226528
v 0.93670729 0.34453226 -0.06226528
v 0.93670729 0.34453226 -0.06226528
v 0.93670729 0.34453226 -0.06226528
v 0.93670729 0.34453226 -0.06226528
v 0.93670729 0.34453226 -0.06226528
v 0.93670729 0.34453226 -0.06226528
v 0.93670729 0.34453226 -0.06226528
v 0.93670729 0.34453226 -0.06226528
v 0.93670729 0.34453226 -0.06226528
v 0.93670729 0.34453226 -0.06226528
v 0.93670729 0.34453226 -0.06226528
v 0.93670729 0.34453226 -0.06226528
v 0.93670729 0.34453226 -0.06226528
v 0.93670729 0.34453226 -0.06226528
v 0.93670729 0.34453226 -0.06226528
v 0.93670729 0.34453226 -0.06226528
v 0.93670729 0.34453226 -0.06226528
v 0.93670729 0.34453226 -0.06226528
v 0.93670729 0.34453226 -0.06226528
v 0.93670729 0.34453226 -0.06226528
v 0.93670729 0.34453226 -0.06226528
v 0.93670729 0.34453226 -0.06226528
v 0.93670729 0.34453226 -0.06226528
v 0.93670729 0.34453226 -0.06226528
v 0.93670729 0.34453226 -0.06226528
v 0.93670729 0.34453226 -0.06226528
v 0.93670729 0.34453226 -0.06226528
v 0.93670729 0.34453226 -0.06226528
v 0.93670729 0.34453226 -0.06226528
v 0.93670729 0.34453226 -0.06226528
v 0.93670729 0.34453226 -0.06226528
v 0.93670729 0.34453226 -0.06226528
v 0.93670729 0.34453226 -0.06226528
v 0.93670729 0.34453226 -0.06226528
v 0.93670729 0.34453226 -0.06226528
v 0.93670729 0.34453226 -0.06226528
v 0.93670729 0.34453226 -0.06226528
v 0.93670729 0.34453226 -0.06226528
v 0.93670729 0.34453226 -0.06226528
v 0.93670729 0.34453226 -0.06226528
v 0.93670729 0.34453226 -0.06226528
v 0.93670729 0.34453226 -0.06226528
v 0.93670729 0.34453226 -0.06226528
v 0.93670729 0.34453226 -0.06226528
v 0.93670729 0.34453226 -0.06226528
v 0.93670729 0.34453226 -0.06226528
v 0.93670729 0.34453226 -0.06226528
v 0.93670729 0.34453226 -0.06226528
v 0.93670729 0.34453226 -0.06226528
v 0.93670729 0.34453226 -0.06226528
v 0.93670729 0.34453226 -0.06226528
v 0.93670729 0.34453226 -0.06226528
v 0.93670729 0.34453226 -0.06226528
v 0.93670729 0.34453227 -0.06226531
v 0.93670729 0.34453227 -0.06226531
v 0.93670729 0.34453227 -0.06226531
v 0.93670729 0.34453227 -0.06226531
v 0.93670729 0.34453227 -0.06226531
v 0.93670729 0.34453227 -0.06226531
v 0.93670729 0.34453227 -0.06226531
v 0.93670729 0.34453227 -0.06226531
v 0.93670729 0.34453227 -0.06226531
v 0.93670729 0.34453227 -0.06226531
v 0.93670729 0.34453227 -0.06226531
v 0.93670729 0.34453227 -0.06226531
v 0.93670729 0.34453227 -0.06226531
v 0.93670729 0.34453227 -0.06226531
v 0.93670729 0.34453227 -0.06226531
v 0.93670729 0.34453227 -0.06226531
v 0.93670729 0.34453227 -0.06226531
v 0.93670729 0.34453227 -0.06226531
v 0.93670729 0.34453227 -0.06226531
v 0.93670729 0.34453227 -0.06226531
v 0.93670729 0.34453227 -0.06226531
v 0.93670729 0.34453227 -0.06226531
v 0.93670729 0.34453227 -0.06226531
v 0.93670729 0.34453227 -0.06226531
v 0.93670729 0.34453227 -0.06226532
v 0.93670729 0.34453227 -0.06226532
v 0.93670729 0.34453227 -0.06226531
v 0.93670729 0.34453227 -0.06226531
v 0.93670729 0.34453227 -0.06226531
v 0.93670729 0.34453227 -0.06226531
v 0.93670729 0.34453227 -0.06226531
v 0.93670729 0.34453227 -0.06226531
v 0.93670729 0.34453227 -0.06226531
v 0.93670729 0.34453227 -0.06226531
v 0.93670729 0.34453227 -0.06226531
v 0.93670729 0.34453227 -0.06226531
v 0.93670729 0.34453227 -0.06226531
v 0.93670729 0.34453227 -0.06226531
v 0.93670729 0.34453227 -0.06226531
v 0.93670729 0.34453227 -0.06226531
v 0.93670729 0.34453227 -0.06226531
v 0.93670729 0.34453227 -0.06226531
v 0.93670729 0.34453227 -0.06226532
v 0.93670729 0.34453227 -0.06226531
v 0.93670729 0.34453227 -0.06226531
v 0.93670729 0.34453227 -0.06226531
v 0.93670729 0.34453227 -0.06226531
v 0.93670729 0.34453227 -0.06226531
v 0.93670729 0.34453227 -0.06226531
v 0.93670729 0.34453227 -0.06226531
v 0.93670729 0.34453227 -0.06226531
v 0.93670729 0.34453227 -0.06226531
v 0.93670729 0.34453227 -0.06226531
v 0.93670729 0.34453227 -0.06226531
v 0.93670729 0.34453227 -0.06226531
v 0.93670729 0.34453227 -0.06226531
v 0.93670729 0.34453227 -0.06226531
v 0.93670729 0.34453227 -0.06226531
v 0.93670729 0.34453227 -0.06226531
v 0.93670729 0.34453227 -0.06226531
v 0.93670729 0.34453227 -0.06226531
v 0.93670729 0.34453227 -0.06226531
v 0.93670729 0.34453227 -0.06226531
v 0.93670729 0.34453227 -0.06226531
v 0.93670729 0.34453227 -0.06226531
v 0.93670729 0.34453227 -0.06226531
v 0.93670729 0.34453227 -0.06226531
v 0.93670729 0.34453227 -0.06226531
v 0.93670729 0.34453227 -0.06226531
v 0.93670729 0.34453227 -0.06226531
v 0.93670729 0.34453227 -0.06226531
v 0.93670729 0.34453227 -0.06226531
v 0.93670729 0.34453227 -0.06226531
v 0.93670729 0.34453227 -0.06226531
v 0.93670729 0.34453227 -0.06226531
v 0.93670729 0.34453227 -0.06226531
v 0.93670729 0.34453227 -0.06226531
v 0.93670729 0.34453227 -0.06226531
v 0.93670729 0.34453227 -0.06226531
v 0.93670729 0.34453227 -0.06226531
v 0.93670729 0.34453227 -0.06226531
v 0.93670729 0.34453227 -0.06226531
v 0.93670729 0.34453227 -0.06226531
v 0.93670729 0.34453227 -0.06226531
v 0.93670729 0.34453227 -0.06226531
v 0.93670729 0.34453227 -0.06226531
v 0.93670729 0.34453227 -0.06226531
v 0.93670729 0.34453227 -0.06226531
v 0.93670729 0.34453227 -0.06226531
v 0.93670729 0.34453227 -0.06226531
v 0.93670729 0.34453227 -0.06226531
v 0.93670729 0.34453227 -0.06226531
v 0.93670729 0.34453227 -0.06226531
v 0.93670729 0.34453227 -0.06226531
v 0.93670729 0.34453227 -0.06226531
v 0.93670729 0.34453227 -0.06226531
v 0.93670729 0.34453227 -0.06226531
v 0.93670729 0.34453227 -0.06226531
v 0.93670729 0.34453227 -0.06226531
v 0.93670729 0.34453227 -0.06226531
v 0.93670729 0.34453227 -0.06226531
v 0.93670729 0.34453227 -0.06226531
v 0.93670729 0.34453227 -0.06226531
v 0.93670729 0.34453227 -0.06226531
v 0.93670729 0.34453227 -0.06226531
v 0.93670729 0.34453227 -0.06226531
v 0.93670729 0.34453227 -0.06226531
v 0.93670729 0.34453227 -0.06226531
v 0.93670729 0.34453227 -0.06226531
v 0.93670729 0.34453227 -0.06226531
v 0.93670729 0.34453227 -0.06226531
v 0.93670729 0.34453227 -0.06226532
v 0.93670728 0.34453228 -0.06226535
v 0.93670728 0.34453228 -0.06226535
v 0.93670728 0.34453228 -0.06226535
v 0.93670728 0.34453228 -0.06226535
v 0.93670728 0.34453228 -0.06226535
v 0.93670728 0.34453228 -0.06226535
v 0.93670728 0.34453228 -0.06226535
v 0.93670728 0.34453228 -0.06226535
v 0.93670728 0.34453228 -0.06226535
v 0.93670728 0.34453228 -0.06226535
v 0.93670728 0.34453228 -0.06226535
v 0.93670728 0.34453228 -0.06226535
v 0.93670728 0.34453228 -0.06226534
v 0.93670728 0.34453228 -0.06226535
v 0.93670728 0.34453228 -0.06226536
v 0.93670728 0.34453228 -0.06226535
v 0.93670728 0.34453228 -0.06226535
v 0.93670728 0.34453228 -0.06226536
v 0.93670728 0.34453228 -0.06226535
v 0.93670728 0.34453228 -0.06226535
v 0.93670728 0.34453228 -0.06226535
v 0.93670728 0.34453228 -0.06226535
v 0.93670728 0.34453228 -0.06226535
v 0.93670728 0.34453228 -0.06226535
v 0.93670728 0.34453228 -0.06226535
v 0.93670728 0.34453228 -0.06226535
v 0.93670728 0.34453228 -0.06226534
v 0.93670728 0.34453228 -0.06226534
v 0.93670728 0.34453228 -0.06226534
v 0.93670728 0.34453228 -0.06226535
v 0.93670728 0.34453228 -0.06226536
v 0.93670728 0.34453228 -0.06226536
v 0.93670728 0.34453228 -0.06226535
v 0.93670728 0.34453228 -0.06226535
v 0.93670728 0.34453228 -0.06226535
v 0.93670728 0.34453228 -0.06226535
v 0.93670728 0.34453228 -0.06226535
v 0.93670728 0.34453228 -0.06226535
v 0.93670728 0.34453228 -0.06226535
v 0.93670728 0.34453228 -0.06226535
v 0.93670728 0.34453228 -0.06226535
v 0.93670728 0.34453228 -0.06226535
v 0.93670728 0.34453228 -0.06226535
v 0.93670728 0.34453228 -0.06226535
v 0.93670728 0.34453228 -0.06226535
v 0.93670728 0.34453228 -0.06226535
v 0.93670728 0.34453228 -0.06226535
v 0.93670728 0.34453228 -0.06226535
v 0.93670728 0.34453228 -0.06226535
v 0.93670728 0.34453228 -0.06226535
v 0.93670728 0.34453228 -0.06226535
v 0.93670728 0.34453228 -0.06226535
v 0.93670728 0.34453228 -0.06226535
v 0.93670728 0.34453228 -0.06226535
v 0.93670728 0.34453228 -0.06226535
v 0.93670728 0.34453228 -0.06226535
v 0.93670728 0.34453228 -0.06226535
v 0.93670728 0.34453228 -0.06226535
v 0.93670728 0.34453228 -0.06226535
v 0.93670728 0.34453228 -0.06226535
v 0.93670728 0.34453228 -0.06226535
v 0.93670728 0.34453228 -0.06226535
v 0.93670728 0.34453228 -0.06226535
v 0.93670728 0.34453228 -0.06226535
v 0.93670728 0.34453228 -0.06226535
v 0.93670728 0.34453228 -0.06226535
v 0.93670728 0.34453228 -0.06226535
v 0.93670728 0.34453228 -0.06226535
v 0.93670728 0.34453228 -0.06226535
v 0.93670728 0.34453228 -0.06226535
v 0.93670728 0.34453228 -0.06226535
v 0.93670728 0.34453228 -0.06226535
v 0.93670728 0.34453228 -0.06226535
v 0.93670728 0.34453228 -0.06226535
v 0.93670728 0.34453228 -0.06226535
v 0.93670728 0.34453228 -0.06226535
v 0.93670728 0.34453228 -0.06226535
v 0.93670728 0.34453228 -0.06226535
v 0.93670728 0.34453228 -0.06226535
v 0.93670728 0.34453228 -0.06226535
v 0.93670728 0.34453228 -0.06226535
v 0.93670728 0.34453228 -0.06226535
v 0.93670728 0.34453228 -0.06226535
v 0.93670728 0.34453228 -0.06226535
v 0.93670728 0.34453228 -0.06226535
v 0.93670728 0.34453228 -0.06226535
v 0.93670728 0.34453228 -0.06226535
v 0.93670728 0.34453228 -0.06226535
v 0.93670728 0.34453228 -0.06226535
v 0.93670728 0.34453228 -0.06226535
v 0.93670728 0.34453228 -0.06226535
v 0.93670728 0.34453228 -0.06226535
v 0.93670728 0.34453228 -0.06226535
v 0.93670728 0.34453228 -0.06226535
v 0.93670728 0.34453228 -0.06226535
v 0.93670728 0.34453228 -0.06226535
v 0.93670728 0.34453228 -0.06226535
v 0.93670728 0.34453228 -0.06226535
v 0.93670728 0.34453228 -0.06226535
v 0.93670728 0.34453228 -0.06226535
v 0.93670728 0.34453228 -0.06226535
v 0.93670728 0.34453228 -0.06226535
v 0.93670728 0.34453228 -0.06226535
v 0.93670728 0.34453228 -0.06226535
v 0.93670728 0.34453228 -0.06226535
v 0.93670728 0.34453228 -0.06226535
v 0.93670728 0.34453228 -0.06226535
v 0.93670728 0.34453228 -0.06226535
v 0.93670728 0.34453228 -0.06226535
v 0.93670728 0.34453228 -0.06226535
v 0.93670728 0.34453228 -0.06226535
v 0.93670728 0.34453228 -0.06226535
v 0.93670728 0.34453228 -0.06226535
v 0.93670728 0.34453228 -0.06226535
v 0.93670728 0.34453228 -0.06226535
v 0.93670728 0.34453228 -0.06226535
v 0.93670728 0.34453228 -0.06226536
v 0.93670732 0.34453222 -0.06226513
v 0.93670732 0.34453222 -0.06226514
v 0.93670732 0.34453222 -0.06226514
v 0.93670732 0.34453222 -0.06226514
v 0.93670732 0.34453221 -0.06226513
v 0.93670732 0.34453221 -0.06226513
v 0.93670732 0.34453221 -0.06226513
v 0.93670732 0.34453222 -0.06226514
v 0.93670732 0.34453222 -0.06226513
v 0.93670732 0.34453221 -0.06226513
v 0.93670732 0.34453222 -0.06226513
v 0.93670732 0.34453222 -0.06226513
v 0.93670732 0.34453222 -0.06226513
v 0.93670732 0.34453221 -0.06226513
v 0.93670732 0.34453222 -0.06226513
v 0.93670732 0.34453222 -0.06226513
v 0.93670732 0.34453222 -0.06226514
v 0.93670732 0.34453222 -0.06226514
v 0.93670732 0.34453222 -0.06226513
v 0.93670732 0.34453222 -0.06226513
v 0.93670732 0.34453222 -0.06226513
v 0.93670732 0.34453222 -0.06226513
v 0.93670732 0.34453222 -0.06226513
v 0.93670732 0.34453222 -0.06226513
v 0.93670732 0.34453222 -0.06226513
v 0.93670732 0.34453222 -0.06226513
v 0.93670732 0.34453222 -0.06226513
v 0.93670732 0.34453222 -0.06226513
v 0.93670732 0.34453222 -0.06226513
v 0.93670732 0.34453222 -0.06226513
v 0.93670732 0.34453222 -0.06226513
v 0.93670732 0.34453222 -0.06226513
v 0.93670732 0.34453222 -0.06226513
v 0.93670732 0.34453222 -0.06226513
v 0.93670732 0.34453222 -0.06226513
v 0.93670732 0.34453222 -0.06226513
v 0.93670732 0.34453222 -0.06226513
v 0.93670732 0.34453222 -0.06226513
v 0.93670732 0.34453222 -0.06226513
v 0.93670732 0.34453222 -0.06226513
v 0.93670732 0.34453222 -0.06226513
v 0.93670732 0.34453222 -0.06226513
v 0.93670732 0.34453222 -0.06226513
v 0.93670732 0.34453222 -0.06226513
v 0.93670732 0.34453222 -0.06226513
v 0.93670732 0.34453222 -0.06226513
v 0.93670732 0.34453222 -0.06226513
v 0.93670732 0.34453222 -0.06226513
v 0.93670732 0.34453222 -0.06226513
v 0.93670732 0.34453222 -0.06226513
v 0.93670732 0.34453222 -0.06226513
v 0.93670732 0.34453222 -0.06226513
v 0.93670732 0.34453222 -0.06226513
v 0.93670732 0.34453222 -0.06226513
v 0.93670732 0.34453222 -0.06226513
v 0.93670732 0.34453222 -0.06226513
v 0.93670732 0.34453222 -0.06226513
v 0.93670732 0.34453222 -0.06226514
v 0.93670732 0.34453222 -0.06226514
v 0.93670732 0.34453222 -0.06226513
v 0.93670732 0.34453222 -0.06226514
v 0.93670732 0.34453222 -0.06226513
v 0.93670732 0.34453222 -0.06226513
v 0.93670732 0.34453222 -0.06226513
v 0.93670732 0.34453222 -0.06226513
v 0.93670732 0.34453222 -0.06226513
v 0.93670732 0.34453222 -0.06226513
v 0.93670732 0.34453222 -0.06226513
v 0.93670732 0.34453222 -0.06226513
v 0.93670732 0.34453222 -0.06226513
v 0.93670732 0.34453222 -0.06226513
v 0.93670732 0.34453222 -0.06226513
v 0.93670728 0.34453228 -0.06226537
v 0.93670728 0.34453228 -0.06226536
v 0.93670728 0.34453228 -0.06226537
v 0.93670728 0.34453229 -0.06226539
v 0.93670727 0.34453230 -0.06226543
v 0.93670728 0.34453228 -0.06226537
v 0.93670728 0.34453228 -0.06226535
v 0.93670728 0.34453228 -0.06226534
v 0.93670728 0.34453228 -0.06226537
v -0.03625176 0.98774266 0.15182306
v -0.03613828 0.98783660 0.15123783
v -0.03642163 0.98743186 0.15379139
v -0.03664029 0.98720504 0.15518925
v -0.03691844 0.98690656 0.15701103
v -0.03714559 0.98666153 0.15849047
v -0.03676594 0.98723327 0.15497978
v -0.03646633 0.98754069 0.15308037
v -0.03757394 0.98627615 0.16077174
v -0.03745356 0.98642794 0.15986602
v -0.03758685 0.98625473 0.16090010
v -0.03742299 0.98640899 0.15999007
v -0.03752854 0.98630999 0.16057462
v -0.03602965 0.98789978 0.15085056
v -0.03603319 0.98787323 0.15102345
v -0.03606928 0.98788395 0.15094470
v -0.03727369 0.98654821 0.15916440
v -0.03611217 0.98777377 0.15165387
v -0.03630273 0.98755657 0.15301678
v -0.03714150 0.98680528 0.15759396
v -0.03668468 0.98719961 0.15521329
v -0.03690880 0.98696622 0.15663785
v -0.03689879 0.98704771 0.15612593
v -0.03668953 0.98725064 0.15488722
v -0.03726170 0.98661770 0.15873586
v -0.03736876 0.98650185 0.15942919
v -0.03650619 0.98737643 0.15412682
v -0.03707654 0.98681200 0.15756712
v -0.03647255 0.98746152 0.15358872
v -0.03733627 0.98655229 0.15912440
v -0.03715692 0.98676277 0.15785629
v -0.03612437 0.98777775 0.15162500
v -0.03615901 0.98773343 0.15190525
v 0.03569321 0.45354527 0.89051821
v 0.04142248 0.37900346 0.92446772
v -0.03634564 0.98757636 0.15287878
v -0.03626020 0.98762494 0.15258499
v -0.03638718 0.98749336 0.15340414
v -0.03624795 0.98766843 0.15230612
v -0.03616078 0.98774989 0.15179775
v 0.94745249 0.31557273 0.05241786
v 0.94862955 0.31022703 0.06213828
v 0.93666260 0.34692928 -0.04799214
v 0.92874258 0.36022186 -0.08762095
v 0.11043171 0.02160868 0.99364878
v 0.23669224 0.02537448 -0.97125327
v 0.24000360 0.04841114 -0.96956415
v 0.04413392 0.02409049 -0.99873512
v 0.07869340 0.01927042 -0.99671260
v 0.65309303 0.23921646 0.71850190
v 0.61431825 0.24895444 0.74875548
v 0.25891347 0.13531435 0.95637537
v 0.23923160 0.10966079 0.96475010
v 0.40253449 0.22462674 0.88741693
v 0.11966546 -0.01214579 -0.99273997
v 0.11800773 0.00043625 -0.99301258
v 0.16944211 0.00064305 -0.98553993
v 0.17304464 -0.01227945 -0.98483743
v 0.00988345 0.01635952 -0.99981733
v 0.01024301 0.03088145 -0.99947057
v 0.95840285 0.18718583 0.21546563
v 0.75623455 0.23910569 -0.60904661
v 0.36400117 0.11628579 -0.92411079
v 0.25822721 0.08206451 -0.96259240
v 0.13293112 0.06654390 -0.98888889
v 0.18690559 0.07038598 -0.97985311
v 0.20977023 0.11078683 0.97145392
v 0.16381691 0.09211045 0.98218108
v 0.67270750 0.23647223 0.70110307
v 0.05851010 0.02332689 0.99801424
v 0.04552132 0.10589099 -0.99333524
v 0.09395810 0.10892377 -0.98959966
v 0.52140251 0.18711011 -0.83254383
v 0.08508318 0.24464418 0.96587270
v 0.08553568 0.20415808 0.97519389
v 0.12561646 0.23644184 0.96349144
v 0.12801379 0.27787983 0.95204793
v 0.16447410 0.26947616 0.94885766
v 0.20282747 0.30490927 0.93053283
v 0.24063907 0.34145069 0.90857265
v 0.34468338 0.41130451 0.84381394
v 0.30776005 0.39550375 0.86536728
v 0.44725104 0.40465371 0.79763518
v 0.38835408 0.41592305 0.82230720
v 0.52751994 0.36696985 0.76619570
v 0.64500209 0.29874271 0.70336697
v 0.77459438 0.23151721 0.58856039
v 0.82259461 0.22361994 0.52281185
v 0.57688533 0.32819949 0.74798958
v 0.47978125 0.37672583 0.79239359
v 0.41438105 0.39693137 0.81898342
v 0.05427082 0.11765659 0.99157027
v 0.05885855 0.09019938 0.99418295
v 0.02350104 0.53405532 0.84512284
v 0.93662177 0.34467229 -0.06277474
v 0.93670893 0.34452958 -0.06225555
v 0.05542476 0.85849308 -0.50982127
v 0.04478043 0.84019201 -0.54043696
v 0.02769351 0.78910942 -0.61362806
v 0.03158039 0.82909429 -0.55821622
v 0.05190101 0.96149283 -0.26988484
v 0.05680524 0.93531802 -0.34921821
v 0.06549708 0.89945672 -0.43207376
v 0.06798040 0.86022909 -0.50535589
v 0.45910586 0.29712976 0.83721904
v 0.06772771 0.72861256 -0.68156929
v 0.07741339 0.82627805 -0.55791734
v 0.07769775 0.87471507 -0.47836870
v 0.06991489 0.92012167 -0.38534143
v 0.07541428 0.95247277 -0.29514115
v 0.13310594 0.95176201 -0.27646319
v 0.31091980 0.88275657 -0.35223530
v 0.50613230 0.79594031 -0.33212817
v 0.77746407 0.62202122 -0.09294744
v 0.86482796 0.50200105 -0.00821885
v 0.68420118 0.67351838 -0.27971724
v 0.90961479 0.39067575 -0.14132726
v 0.91364390 0.38249048 -0.13768027
v 0.91104871 0.38378552 -0.15066160
v 0.90750586 0.38625596 -0.16504379
v 0.89697036 0.39624856 -0.19603888
v 0.88049557 0.41095434 -0.23631352
v 0.85227976 0.43491270 -0.29063751
v 0.59268633 0.61621369 -0.51865558
v 0.47952315 0.67372106 -0.56227884
v 0.35945184 0.69467705 -0.62307156
v 0.36192059 0.65408007 -0.66422342
v 0.32253201 0.32630108 -0.88853852
v 0.35296962 0.42115245 -0.83548971
v 0.27740991 0.23424074 -0.93175910
v 0.15202162 -0.06322986 -0.98635258
v 0.14706589 -0.05313217 -0.98769864
v 0.21059007 -0.05320282 -0.97612565
v 0.20769180 -0.06329680 -0.97614427
v 0.02088478 -0.01847101 -0.99961125
v 0.05342364 -0.02464264 -0.99826783
v 0.98272132 0.17705225 0.05395651
v 0.68923504 0.12915924 -0.71293264
v 0.43787813 0.00083170 -0.89903396
v 0.29789614 -0.04221206 -0.95366453
v 0.65640591 0.21191046 0.72403401
v 0.12638305 -0.00898137 0.99194085
v 0.18014325 0.02159940 0.98340321
v 0.02008089 -0.05440335 0.99831710
v 0.05093645 -0.04314996 0.99776929
v 0.45052001 0.20906800 0.86794141
v 0.08470835 -0.02868311 0.99599286
v 0.25044151 0.06821437 0.96572555
v 0.33893721 0.13369671 0.93126084
v 0.13591292 -0.04352550 -0.98976422
v 0.09377919 -0.03946147 -0.99481066
v 0.08741143 -0.02970671 -0.99572926
v 0.04996582 0.27969346 -0.95878829
v 0.09307757 0.30426853 -0.94802807
v 0.13068582 0.34390261 -0.92986677
v 0.17288043 0.51044089 -0.84235530
v 0.20168450 0.59139332 -0.78075432
v 0.21700353 0.50478357 -0.83552559
v 0.17301317 0.41781901 -0.89190455
v 0.21756292 0.73546400 -0.64168456
v 0.21323757 0.78177901 -0.58596187
v 0.24167631 0.74301382 -0.62411780
v 0.24575103 0.68693475 -0.68390575
v 0.23796968 0.77818003 -0.58121104
v 0.25051503 0.79449392 -0.55319222
v 0.28302963 0.79043087 -0.54324329
v 0.35137956 0.76985791 -0.53277688
v 0.39311475 0.77598809 -0.49325782
v 0.28818310 0.81946282 -0.49541012
v 0.18651472 0.79119220 -0.58243211
v 0.18656808 0.74140579 -0.64460050
v 0.05315595 0.43163647 -0.90048009
v 0.01606341 0.40861826 -0.91256402
v 0.92853285 0.21403233 0.30334289
v 0.93160923 0.27057123 -0.24268384
v 0.71896347 0.39703945 -0.57048330
v 0.55776664 0.48215751 -0.67558901
v 0.47090866 0.50598722 -0.72264927
v 0.41337272 0.50576403 -0.75718277
v 0.36779061 0.50643015 -0.77990934
v 0.36985746 0.58981236 -0.71786269
v 0.33004699 0.51725989 -0.78962724
v 0.33248713 0.60058588 -0.72715123
v 0.29565913 0.52402238 -0.79874040
v 0.26262432 0.54759748 -0.79445923
v 0.23926191 0.60391181 -0.76029222
v 0.21522262 0.66897320 -0.71144507
v 0.16432630 0.60653714 -0.77788788
v 0.18175231 0.67716819 -0.71302829
v 0.13105920 0.63011677 -0.76536027
v 0.12170525 0.71507316 -0.68837360
v 0.13475517 0.43558454 -0.89000402
v 0.13626352 0.53499088 -0.83379675
v 0.03176948 0.96542928 -0.25872188
v 0.03820300 0.94502069 -0.32477133
v 0.80832108 0.47755350 -0.34432498
v 0.85001418 0.44046984 -0.28889827
v 0.81978607 0.46465098 -0.33473910
v 0.78994861 0.49073224 -0.36764529
v 0.86899567 0.42511232 -0.25323120
v 0.83905831 0.45693607 -0.29528052
v 0.88104448 0.41570165 -0.22572718
v 0.82829737 0.46328765 -0.31510002
v 0.88732541 0.41165644 -0.20782825
v 0.84867569 0.45152769 -0.27544930
v 0.88969094 0.41179469 -0.19716787
v 0.85626133 0.44754087 -0.25792189
v 0.86131367 0.44518409 -0.24484668
v 0.88560150 0.41944970 -0.19942902
v 0.68730143 0.61168364 -0.39173955
v 0.77538616 0.53353764 -0.33780748
v 0.83266356 0.47642432 -0.28229639
v 0.48618668 0.70596077 -0.51501642
v 0.64209876 0.60995851 -0.46439185
v 0.75777369 0.52303040 -0.39015156
v 0.76988641 0.51807616 -0.37265534
v 0.65993015 0.60377447 -0.44715611
v 0.50449173 0.70450064 -0.49916624
v 0.04638405 0.35306774 -0.93444727
v 0.08953147 0.38159015 -0.91998537
v 0.21628947 0.80759642 -0.54864095
v 0.23199476 0.81704451 -0.52784155
v 0.26884470 0.81092493 -0.51973387
v 0.35035189 0.78206744 -0.51538730
v 0.23092397 0.83555880 -0.49851341
v 0.20059972 0.83640019 -0.51009261
v 0.18688792 0.82353662 -0.53559344
v 0.09635409 0.47090327 -0.87690706
v 0.00998253 0.33723066 -0.94136913
v 0.74023460 0.31169074 0.59573619
v 0.79223689 0.31445534 0.52295176
v 0.84437585 0.33500328 0.41809357
v 0.88567555 0.38789829 0.25517394
v 0.03063505 0.92434385 -0.38032873
v 0.93663706 0.34451213 -0.06342243
v -0.02170139 0.16517504 -0.98602548
v -0.02105175 0.21576103 -0.97621924
v -0.02203393 0.06188988 -0.99783974
v -0.02330846 0.09066410 -0.99560873
v 0.04902778 -0.01425555 -0.99869568
v 0.01622500 -0.00756965 -0.99983971
v 0.01133463 0.00411810 -0.99992728
v -0.00855789 -0.01941754 -0.99977484
v -0.01328379 -0.00896775 -0.99987155
v -0.02057915 0.01379227 -0.99969309
v -0.02114321 0.02583147 -0.99944269
v 0.01115416 0.11285173 -0.99354923
v 0.01209298 0.26672759 -0.96369609
v -0.01887366 0.33724187 -0.94122883
v -0.01631987 0.39691784 -0.91770904
v -0.01132509 0.46799854 -0.88365667
v 0.25893848 0.30248701 0.91730718
v 0.26743926 0.33637312 0.90295590
v 0.23387059 0.30450890 0.92335198
v 0.22797638 0.27246344 0.93476759
v 0.31645756 0.35370194 0.88019859
v 0.32951503 0.38337130 0.86281301
v 0.29799719 0.36316143 0.88278619
v 0.28815537 0.33005257 0.89890588
v 0.36589506 0.39540853 0.84248020
v 0.34759373 0.36957409 0.86173870
v 0.25171516 0.27144302 0.92895542
v 0.28041201 0.29850211 0.91228592
v 0.22095928 0.24156960 0.94489212
v 0.33386027 0.34157398 0.87855822
v 0.30606471 0.32205878 0.89588087
v -0.05650922 0.94369754 0.32594732
v -0.05415169 0.95290792 0.29838579
v -0.04734420 0.97085051 0.23496345
v -0.04652713 0.97250415 0.22819048
v -0.06154810 0.91852911 0.39053311
v -0.06290946 0.90029314 0.43071412
v -0.05045811 0.96400144 0.26106553
v -0.05250709 0.95866063 0.27966552
v -0.04299464 0.97889507 0.19978965
v -0.04361555 0.97787583 0.20458874
v -0.04530055 0.97491103 0.21793655
v -0.04589437 0.97379860 0.22273300
v -0.06269620 0.87469820 0.48059572
v -0.06029791 0.92821322 0.36712993
v -0.05254609 0.79145695 0.60896207
v -0.04439202 0.74269250 0.66815956
v -0.01713541 0.70425066 0.70974459
v -0.00551933 0.65218004 0.75804402
v 0.04912947 0.14410929 0.98834144
v 0.04042869 0.25816126 0.96525555
v 0.04430963 0.21407065 0.97581269
v 0.04129716 0.31243595 0.94904074
v 0.01165629 0.59308676 0.80505418
v -0.05936365 0.83560612 0.54611205
v -0.04809411 0.96937278 0.24083889
v -0.04916259 0.96702329 0.24989797
v -0.04420786 0.97686117 0.20925565
v -0.04477346 0.97586316 0.21374384
v -0.00150264 0.43255145 0.90160800
v 0.00268467 0.35650463 0.93428970
v 0.04763964 0.17513023 0.98339202
v 0.02301790 0.10013389 0.99470769
v 0.02381526 0.07100196 0.99719183
v -0.00948406 0.51599472 0.85653926
v 0.02279883 0.04513627 0.99872065
v 0.41353411 -0.18188056 -0.89213732
v 0.32191184 -0.22224395 -0.92031538
v 0.27716177 -0.20518339 -0.93865922
v 0.33020434 -0.18809180 -0.92497922
v 0.42795762 -0.11776056 -0.89609415
v 0.46173348 -0.07813057 -0.88357106
v 0.44785740 -0.06188741 -0.89196059
v 0.22445906 -0.21337674 -0.95083569
v 0.15587517 -0.18677351 -0.96995803
v 0.17662738 -0.21489520 -0.96053257
v 0.30957973 -0.10189824 -0.94539787
v 0.30928643 -0.12406999 -0.94284068
v 0.28202985 -0.18274416 -0.94184061
v 0.29276923 -0.16814781 -0.94128236
v 0.38022713 -0.15832219 -0.91124169
v 0.20069089 -0.18965908 -0.96112049
v 0.24760253 -0.19025583 -0.94999774
v 0.07443703 -0.05397813 -0.99576377
v 0.08129062 -0.06588351 -0.99451053
v 0.04230083 -0.05658173 -0.99750145
v 0.30169390 -0.05245268 -0.95196087
v 0.20909159 -0.07654543 -0.97489564
v 0.01907773 -0.18193495 -0.98312548
v 0.23448091 -0.17154510 -0.95686518
v 0.13929166 -0.15981362 -0.97727040
v 0.18267898 -0.16661793 -0.96895142
v 0.12192714 -0.09775617 -0.98771327
v 0.16109998 -0.10286653 -0.98156267
v 0.16002222 -0.12088725 -0.97968320
v 0.12381151 -0.11418978 -0.98571365
v 0.21540498 -0.10830753 -0.97049996
v 0.20897108 -0.09107678 -0.97367146
v 0.11784054 -0.08199170 -0.98964184
v 0.15600508 -0.08691047 -0.98392529
v 0.15104392 -0.07460592 -0.98570771
v 0.21675710 -0.12878088 -0.96769409
v 0.12829282 -0.13450078 -0.98257340
v 0.09001958 -0.12718013 -0.98778626
v 0.04600744 -0.11854803 -0.99188189
v 0.01006054 -0.11575938 -0.99322633
v 0.00699542 -0.09523451 -0.99543029
v 0.11280646 -0.06965059 -0.99117279
v 0.10164684 -0.04871455 -0.99362710
v 0.11066124 -0.05916453 -0.99209558
v 0.08305387 -0.01933663 -0.99635744
v 0.46190061 -0.34739080 0.81606829
v -0.04117500 -0.62698505 0.77794239
v -0.02413481 -0.48617799 0.87352646
v 0.57439854 0.14312679 0.80596590
v 0.74420495 0.04699741 -0.66629590
v 0.51262794 -0.10963920 -0.85158197
v 0.03693488 -0.33995378 0.93971657
v 0.08450804 -0.26231487 0.96127483
v 0.43994265 0.06935280 0.89534387
v 0.26914444 -0.09278138 0.95862030
v -0.00091593 -0.41128519 0.91150626
v 0.30480665 -0.14681906 -0.94102979
v 0.22662937 -0.15138730 -0.96214397
v 0.17020667 -0.14302658 -0.97497338
v 0.09676898 -0.15179692 -0.98366329
v 0.05133724 -0.14172314 -0.98857425
v 0.01478207 -0.13465327 -0.99078251
v 0.02235695 -0.17857100 0.98367300
v -0.00033261 -0.17397477 0.98475005
v 0.01626160 -0.16297765 0.98649574
v -0.01357224 -0.16015511 0.98699855
v -0.01769953 -0.18341449 0.98287631
v 0.00050621 -0.19764951 0.98027262
v -0.01962702 -0.20850221 0.97782494
v -0.02209996 -0.23732677 0.97117846
v 0.12221752 -0.02266926 0.99224442
v 0.17390296 0.00742186 0.98473482
v 0.01891429 -0.06803516 0.99750362
v 0.04758189 -0.05750355 0.99721076
v 0.45020545 0.19807309 0.87067911
v 0.08078170 -0.04301904 0.99580303
v 0.24576323 0.05489952 0.96777398
v 0.33756933 0.12155598 0.93341903
v 0.00252774 -0.06034297 -0.99817450
v 0.00044526 -0.04617765 -0.99893314
v -0.00578196 -0.07743882 0.99698034
v -0.05438004 0.95314973 0.29757084
v -0.05744806 0.94223948 0.32997650
v -0.03297012 0.99156510 0.12534601
v 0.00833726 0.98616544 -0.16555429
v -0.03681507 0.98750834 0.15320549
v -0.04658788 0.97246066 0.22836339
v -0.04253001 0.97963579 0.19622670
v -0.03665698 0.69049179 0.72241079
v -0.02919348 0.63927467 0.76842413
v -0.04828371 -0.59490147 0.80234713
v -0.01927708 0.58000241 0.81438664
v -0.04046247 -0.70398378 0.70906250
v -0.02288050 0.04139229 -0.99888095
v 0.60715253 -0.79446061 0.01407640
v 0.60716106 -0.79445810 0.01384811
v 0.60720223 -0.79442501 0.01394082
v 0.60719940 -0.79442569 0.01402506
v 0.60723297 -0.79441071 0.01340699
v 0.60719047 -0.79443970 0.01361276
v 0.60728235 -0.79437437 0.01332332
v 0.60731851 -0.79434517 0.01341547
v 0.60726749 -0.79437870 0.01373574
v 0.60725006 -0.79439241 0.01371352
v 0.60733056 -0.79433465 0.01349251
v 0.60727570 -0.79437089 0.01382431
v 0.60733622 -0.79432783 0.01363887
v 0.60732001 -0.79433380 0.01400762
v 0.60727078 -0.79437208 0.01397165
v 0.60726971 -0.79436872 0.01420690
v 0.60725067 -0.79438575 0.01406753
v 0.60723217 -0.79439614 0.01427791
v 0.60716695 -0.79444696 0.01422407
v 0.60720601 -0.79441949 0.01409005
v 0.60723178 -0.79440580 0.01374751
v 0.60721547 -0.79441698 0.01382174
v 0.60720720 -0.79442224 0.01388263
v 0.60717631 -0.79444871 0.01371773
v 0.60722085 -0.79441029 0.01396877
v 0.60721995 -0.79441037 0.01400315
v 0.60723224 -0.79440299 0.01388881
v 0.60722627 -0.79440702 0.01391893
v 0.60724522 -0.79439320 0.01388091
v 0.60723815 -0.79439869 0.01387602
v 0.60725010 -0.79438881 0.01391899
v 0.60724875 -0.79439027 0.01389474
v 0.60727254 -0.79437430 0.01376694
v 0.60724976 -0.79438826 0.01396505
v 0.60724168 -0.79439363 0.01401077
v 0.60722220 -0.79440824 0.01402641
v 0.60722280 -0.79440922 0.01394509
v 0.60723364 -0.79440019 0.01398716
v 0.60723364 -0.79440019 0.01398716
v 0.60723364 -0.79440019 0.01398717
v 0.60723364 -0.79440019 0.01398716
v 0.60723355 -0.79440026 0.01398744
v 0.60723355 -0.79440026 0.01398744
v 0.60723355 -0.79440026 0.01398744
v 0.60723355 -0.79440026 0.01398744
v 0.60723359 -0.79440022 0.01398732
v 0.60723359 -0.79440022 0.01398732
v 0.60723360 -0.79440022 0.01398731
v 0.60723360 -0.79440022 0.01398732
v 0.60723378 -0.79440010 0.01398668
v 0.60723378 -0.79440010 0.01398666
v 0.60723378 -0.79440009 0.01398666
v 0.60723378 -0.79440009 0.01398667
v 0.60723370 -0.79440015 0.01398697
v 0.60723370 -0.79440015 0.01398696
v 0.60723370 -0.79440015 0.01398696
v 0.60723370 -0.79440015 0.01398696
v 0.60723355 -0.79440025 0.01398746
v 0.60723354 -0.79440026 0.01398750
v 0.60723355 -0.79440026 0.01398745
v 0.60723355 -0.79440026 0.01398744
v 0.60723355 -0.79440026 0.01398745
v 0.60723353 -0.79440027 0.01398748
v 0.60723354 -0.79440027 0.01398742
v 0.60723355 -0.79440026 0.01398743
v 0.60723355 -0.79440025 0.01398738
v 0.60723355 -0.79440026 0.01398742
v 0.60723356 -0.79440025 0.01398741
v 0.60723355 -0.79440025 0.01398743
v 0.60723360 -0.79440022 0.01398730
v 0.60723360 -0.79440022 0.01398733
v 0.60723360 -0.79440022 0.01398732
v 0.60723360 -0.79440022 0.01398731
v 0.60723359 -0.79440023 0.01398737
v 0.60723359 -0.79440022 0.01398732
v 0.60723359 -0.79440023 0.01398734
v 0.60723359 -0.79440023 0.01398730
v 0.60723359 -0.79440023 0.01398731
v 0.60723359 -0.79440023 0.01398732
v 0.60723360 -0.79440022 0.01398727
v 0.60723360 -0.79440022 0.01398731
v 0.60723366 -0.79440018 0.01398718
v 0.60723364 -0.79440019 0.01398723
v 0.60723364 -0.79440019 0.01398718
v 0.60723365 -0.79440019 0.01398716
v 0.60723364 -0.79440019 0.01398717
v 0.60723363 -0.79440020 0.01398719
v 0.60723364 -0.79440020 0.01398715
v 0.60723364 -0.79440019 0.01398716
v 0.60723365 -0.79440019 0.01398711
v 0.60723364 -0.79440019 0.01398715
v 0.60723366 -0.79440018 0.01398714
v 0.60723365 -0.79440019 0.01398716
v 0.60723373 -0.79440013 0.01398691
v 0.60723372 -0.79440013 0.01398698
v 0.60723371 -0.79440015 0.01398697
v 0.60723371 -0.79440015 0.01398694
v 0.60723370 -0.79440015 0.01398706
v 0.60723370 -0.79440015 0.01398699
v 0.60723370 -0.79440015 0.01398698
v 0.60723369 -0.79440016 0.01398703
v 0.60723370 -0.79440015 0.01398693
v 0.60723370 -0.79440015 0.01398695
v 0.60723371 -0.79440014 0.01398686
v 0.60723370 -0.79440015 0.01398694
v 0.60723381 -0.79440007 0.01398668
v 0.60723379 -0.79440009 0.01398670
v 0.60723379 -0.79440009 0.01398664
v 0.60723382 -0.79440007 0.01398654
v 0.60723379 -0.79440009 0.01398680
v 0.60723378 -0.79440009 0.01398672
v 0.60723377 -0.79440010 0.01398671
v 0.60723376 -0.79440010 0.01398678
v 0.60723377 -0.79440010 0.01398660
v 0.60723378 -0.79440010 0.01398665
v 0.60723380 -0.79440008 0.01398651
v 0.60723378 -0.79440009 0.01398662
v 0.60723356 -0.79440024 0.01398758
v 0.60723353 -0.79440027 0.01398763
v 0.60723355 -0.79440026 0.01398743
v 0.60723351 -0.79440029 0.01398754
v 0.60723355 -0.79440026 0.01398743
v 0.60723356 -0.79440025 0.01398725
v 0.60723352 -0.79440028 0.01398738
v 0.60723357 -0.79440024 0.01398738
v 0.60723360 -0.79440022 0.01398732
v 0.60723361 -0.79440021 0.01398706
v 0.60723362 -0.79440021 0.01398723
v 0.60723359 -0.79440022 0.01398732
v 0.60723362 -0.79440020 0.01398744
v 0.60723370 -0.79440015 0.01398729
v 0.60723364 -0.79440019 0.01398716
v 0.60723364 -0.79440019 0.01398716
v 0.60723368 -0.79440017 0.01398683
v 0.60723368 -0.79440016 0.01398706
v 0.60723370 -0.79440015 0.01398697
v 0.60723376 -0.79440011 0.01398654
v 0.60723376 -0.79440010 0.01398681
v 0.60723370 -0.79440015 0.01398697
v 0.60723379 -0.79440008 0.01398697
v 0.60723378 -0.79440009 0.01398669
v 0.60723383 -0.79440006 0.01398624
v 0.60723389 -0.79440002 0.01398630
v 0.60723378 -0.79440009 0.01398670
v 0.60723386 -0.79440003 0.01398662
v 0.60721521 -0.79441209 0.01411069
v 0.60718718 -0.79443050 0.01427948
v 0.60720955 -0.79441357 0.01427023
v 0.60722479 -0.79440484 0.01410663
v 0.60723385 -0.79439786 0.01410984
v 0.60722685 -0.79440458 0.01403235
v 0.60723101 -0.79440141 0.01403203
v 0.60723554 -0.79439802 0.01402780
v 0.60724236 -0.79439397 0.01396217
v 0.60724253 -0.79439425 0.01393842
v 0.60724128 -0.79439541 0.01392673
v 0.60723920 -0.79439710 0.01392148
v 0.60723548 -0.79439988 0.01392515
v 0.60722771 -0.79440443 0.01400381
v 0.60723026 -0.79440241 0.01400778
v 0.60723274 -0.79440055 0.01400590
v 0.60723503 -0.79439885 0.01400334
v 0.60723347 -0.79440031 0.01398794
v 0.60723353 -0.79440026 0.01398803
v 0.60723344 -0.79440032 0.01398890
v 0.60723335 -0.79440039 0.01398841
v 0.60723362 -0.79440020 0.01398795
v 0.60723361 -0.79440018 0.01398909
v 0.60723374 -0.79440011 0.01398773
v 0.60723380 -0.79440004 0.01398855
v 0.60723387 -0.79440002 0.01398719
v 0.60723402 -0.79439990 0.01398755
v 0.60723396 -0.79439996 0.01398646
v 0.60723417 -0.79439981 0.01398611
v 0.60723399 -0.79439995 0.01398592
v 0.60723418 -0.79439982 0.01398503
v 0.60723345 -0.79440033 0.01398764
v 0.60723331 -0.79440043 0.01398778
v 0.60723347 -0.79440032 0.01398729
v 0.60723338 -0.79440039 0.01398711
v 0.60723352 -0.79440029 0.01398693
v 0.60723347 -0.79440033 0.01398651
v 0.60723405 -0.79439992 0.01398486
v 0.60723391 -0.79440001 0.01398576
v 0.60723361 -0.79440023 0.01398644
v 0.60723360 -0.79440025 0.01398581
v 0.60723371 -0.79440016 0.01398605
v 0.60723375 -0.79440014 0.01398524
v 0.60723381 -0.79440008 0.01398580
v 0.60723391 -0.79440002 0.01398484
v 0.60723317 -0.79440048 0.01399109
v 0.60723356 -0.79440018 0.01399151
v 0.60723397 -0.79439987 0.01399073
v 0.60723439 -0.79439960 0.01398835
v 0.60723460 -0.79439950 0.01398511
v 0.60723455 -0.79439957 0.01398319
v 0.60723556 -0.79439872 0.01398775
v 0.60723558 -0.79439883 0.01398053
v 0.60723505 -0.79439925 0.01397934
v 0.60723564 -0.79439891 0.01397285
v 0.60723649 -0.79439828 0.01397186
v 0.60723635 -0.79439865 0.01395752
v 0.60723686 -0.79439816 0.01396277
v 0.60723592 -0.79439883 0.01396530
v 0.60723546 -0.79439925 0.01396161
v 0.60723762 -0.79439732 0.01397725
v 0.60723882 -0.79439670 0.01396085
v 0.60723862 -0.79439706 0.01394918
v 0.60723493 -0.79439971 0.01395856
v 0.60723524 -0.79439954 0.01395455
v 0.60723579 -0.79439910 0.01395579
v 0.60723516 -0.79439951 0.01396005
v 0.60723431 -0.79440017 0.01395922
v 0.60723446 -0.79440013 0.01395532
v 0.60723353 -0.79440078 0.01395890
v 0.60723369 -0.79440061 0.01396155
v 0.60723661 -0.79439871 0.01394230
v 0.60723780 -0.79439777 0.01394396
v 0.60723485 -0.79440002 0.01394471
v 0.60723322 -0.79440119 0.01394837
v 0.60723242 -0.79440154 0.01396401
v 0.60723087 -0.79440282 0.01395826
v 0.60723303 -0.79440105 0.01396520
v 0.60723305 -0.79440061 0.01398922
v 0.60723305 -0.79440063 0.01398761
v 0.60723432 -0.79439953 0.01399545
v 0.60723330 -0.79440029 0.01399656
v 0.60723206 -0.79440122 0.01399722
v 0.60723225 -0.79440120 0.01398985
v 0.60723259 -0.79440102 0.01398589
v 0.60723137 -0.79440194 0.01398654
v 0.60723219 -0.79440138 0.01398249
v 0.60723318 -0.79440056 0.01398648
v 0.60723287 -0.79440083 0.01398433
v 0.60723267 -0.79440105 0.01398059
v 0.60723120 -0.79440218 0.01398003
v 0.60723208 -0.79440156 0.01397701
v 0.60723143 -0.79440212 0.01397331
v 0.60723231 -0.79440148 0.01397189
v 0.60723265 -0.79440128 0.01396818
v 0.60723180 -0.79440193 0.01396838
v 0.60722968 -0.79440348 0.01397260
v 0.60723006 -0.79440331 0.01396547
v 0.60722953 -0.79440338 0.01398434
v 0.60723035 -0.79440259 0.01399351
v 0.60723436 -0.79439972 0.01398274
v 0.60723478 -0.79439946 0.01397917
v 0.60723511 -0.79439931 0.01397357
v 0.60723521 -0.79439934 0.01396738
v 0.60723494 -0.79439961 0.01396379
v 0.60723476 -0.79439977 0.01396258
v 0.60723458 -0.79439993 0.01396156
v 0.60723412 -0.79440027 0.01396177
v 0.60723376 -0.79440053 0.01396271
v 0.60723342 -0.79440074 0.01396577
v 0.60723319 -0.79440087 0.01396795
v 0.60723267 -0.79440115 0.01397527
v 0.60723295 -0.79440100 0.01397096
v 0.60722637 -0.79440568 0.01399083
v 0.60722652 -0.79440590 0.01397233
v 0.60722742 -0.79440541 0.01396071
v 0.60723207 -0.79440235 0.01393297
v 0.60722862 -0.79440470 0.01394935
v 0.60723336 -0.79440044 0.01398535
v 0.60723361 -0.79440027 0.01398415
v 0.60723387 -0.79440009 0.01398327
v 0.60723413 -0.79439989 0.01398284
v 0.60723446 -0.79439971 0.01397934
v 0.60723408 -0.79439999 0.01397983
v 0.60723363 -0.79440031 0.01398107
v 0.60723320 -0.79440060 0.01398278
v 0.60723469 -0.79439961 0.01397447
v 0.60723426 -0.79439992 0.01397561
v 0.60723368 -0.79440035 0.01397649
v 0.60723319 -0.79440068 0.01397874
v 0.60723319 -0.79440077 0.01397373
v 0.60723366 -0.79440045 0.01397165
v 0.60723425 -0.79440001 0.01397103
v 0.60723468 -0.79439971 0.01396913
v 0.60723459 -0.79439984 0.01396555
v 0.60723420 -0.79440012 0.01396726
v 0.60723367 -0.79440050 0.01396814
v 0.60723331 -0.79440075 0.01396993
v 0.60723449 -0.79439995 0.01396424
v 0.60723411 -0.79440026 0.01396298
v 0.60723438 -0.79440005 0.01396317
v 0.60723388 -0.79440043 0.01396354
v 0.60723362 -0.79440058 0.01396569
v 0.60723347 -0.79440067 0.01396765
v 0.60723382 -0.79440044 0.01396551
v 0.60723375 -0.79440047 0.01396678
v 0.60723419 -0.79440015 0.01396575
v 0.60723417 -0.79440018 0.01396450
v 0.60723388 -0.79440041 0.01396433
v 0.60723409 -0.79440026 0.01396385
v 0.60723847 -0.79439638 0.01399378
v 0.02650886 0.94528007 -0.32518130
v 0.02162599 0.73860050 -0.67379642
v 0.55798745 -0.79285101 0.24502508
v 0.57420766 -0.78433607 0.23473920
v 0.58529498 -0.77511046 0.23797807
v 0.33539171 -0.00655195 0.94205598
v 0.15909599 0.04794775 0.98609811
v 0.19198433 0.08669514 0.97756124
v 0.17344999 0.06514109 0.98268598
v 0.36441918 -0.02799300 0.93081419
v 0.46553603 0.28480823 0.83795017
v 0.01534480 -0.15318273 -0.98807874
v -0.00494277 0.53893824 -0.84233078
v 0.27487162 0.37235932 0.88645030
v 0.00658298 -0.07707371 -0.99700366
v -0.02879638 0.99438128 0.10186577
v -0.02881078 0.99435741 0.10209444
v -0.02886176 0.99429774 0.10265967
v -0.02867928 0.99442747 0.10144707
v -0.02853855 0.99452549 0.10052169
v -0.02841983 0.99460979 0.09971804
v -0.02866512 0.99445611 0.10116995
v -0.02851710 0.99457162 0.10007027
v -0.02860463 0.99451145 0.10064171
v -0.02869755 0.99444095 0.10130967
v 0.00396533 0.29335788 0.95599447
v 0.00691014 0.23533008 0.97189094
v 0.01194676 0.19457891 0.98081411
v 0.01628122 0.15715686 0.98743944
v -0.04737588 0.97086980 0.23487734
v -0.00370155 -0.03658628 0.99932364
v -0.00129996 -0.03251381 0.99947044
v -0.01747774 0.00230172 -0.99984460
v -0.00639602 -0.05404384 0.99851808
v 0.00104125 -0.02753271 0.99962036
v -0.02265642 0.12427978 -0.99198852
v 0.01928321 0.12868678 0.99149779
v -0.00635667 -0.06327995 0.99797557
v -0.02064210 0.27504107 -0.96121086
v 0.00442632 -0.01863429 0.99981657
v -0.01311836 -0.13419202 0.99086851
v 0.01507966 0.00650735 0.99986512
v -0.03385118 0.99094791 0.12990899
v -0.03370617 0.99117797 0.12818002
v -0.03468102 0.99020118 0.13527322
v -0.03496921 0.98981818 0.13797511
v -0.03558746 0.98925361 0.14181264
v -0.03586052 0.98887684 0.14434893
v -0.03368223 0.99129329 0.12729145
v -0.03463511 0.99034152 0.13425380
v -0.03682656 0.98830174 0.14799822
v -0.03608064 0.98904256 0.14315380
v -0.03549108 0.98974692 0.13835254
v -0.03644570 0.98883895 0.14446191
v -0.03977286 0.98503220 0.16771907
v -0.03987140 0.98515620 0.16696569
v -0.04232875 0.98177915 0.18525110
v -0.04161071 0.98247920 0.18166777
v -0.04140234 0.98195515 0.18452622
v -0.04058079 0.98316734 0.17814369
v -0.04114966 0.98248519 0.18174034
v -0.04216707 0.98094927 0.18963243
v -0.04041105 0.98315661 0.17824148
v -0.04024895 0.98325887 0.17771330
v -0.03960886 0.98417351 0.17272417
v -0.03979886 0.98403195 0.17348538
v -0.04218534 0.98071963 0.19081246
v -0.04312976 0.97936848 0.19742647
v -0.04134949 0.98188357 0.18491854
v -0.04078447 0.98274545 0.18041066
v -0.04198856 0.98071662 0.19087134
v -0.04182414 0.98088615 0.19003448
v -0.04139881 0.98154094 0.18671774
v -0.04153098 0.98144813 0.18717572
v -0.04222481 0.98054908 0.19167827
v -0.04273100 0.97966732 0.19602551
v -0.04227216 0.98034596 0.19270408
v -0.04179646 0.98114378 0.18870598
v -0.04097543 0.98231242 0.18271106
v -0.04083066 0.98240079 0.18226779
v -0.04082193 0.98231268 0.18274402
v -0.04134397 0.98153020 0.18678637
v -0.04381838 0.97873400 0.20039886
v -0.04463335 0.97726040 0.20729201
v -0.04390060 0.97830109 0.20248388
v -0.04301471 0.97981249 0.19523630
v -0.04315722 0.97907503 0.19887064
v -0.04552507 0.97511126 0.21699191
v -0.04528585 0.97530326 0.21617755
v -0.04474490 0.97627537 0.21185914
v -0.04489589 0.97623835 0.21199774
v -0.04582150 0.97581247 0.21375318
v -0.04747863 0.97314132 0.22525930
v -0.04770722 0.97223250 0.22910258
v -0.04643472 0.97444364 0.21978035
v -0.04918023 0.96939895 0.24051398
v -0.04982625 0.96876055 0.24294101
v -0.05369437 0.95917775 0.27765980
v -0.05167025 0.96327177 0.26351031
v -0.05051351 0.96635630 0.25219810
v -0.05174905 0.96444396 0.25917152
v -0.05032243 0.96537494 0.25596655
v -0.05241506 0.96073825 0.27246043
v -0.05265893 0.95932980 0.27733260
v -0.05048270 0.96453871 0.25906866
v -0.04667748 0.97303042 0.22590486
v -0.04608218 0.97409400 0.22139855
v -0.04622253 0.97402401 0.22167702
v -0.04668654 0.97318006 0.22525751
v -0.04676192 0.97323117 0.22502089
v -0.04658897 0.97353199 0.22375194
v -0.04642430 0.97389687 0.22219289
v -0.04674283 0.97334720 0.22452245
v -0.04672156 0.97322269 0.22506596
v -0.04690722 0.97293022 0.22628855
v -0.04706306 0.97250757 0.22806600
v -0.04727333 0.97191788 0.23052305
v -0.04742479 0.97098721 0.23438157
v -0.04660402 0.97261117 0.22771819
v -0.04665963 0.97264064 0.22758092
v -0.04742590 0.97115449 0.23368727
v -0.04613089 0.97434976 0.22026003
v -0.04583122 0.97476682 0.21847001
v -0.04532533 0.97570115 0.21436624
v -0.04572769 0.97514224 0.21681003
v -0.04523086 0.97611641 0.21248745
v -0.04589753 0.97508365 0.21703753
v -0.04620243 0.97440077 0.22001926
v -0.04708572 0.97267802 0.22733322
v -0.04671518 0.97352464 0.22375759
v -0.04729231 0.97244525 0.22828417
v -0.04791046 0.97116336 0.23355153
v -0.04743051 0.97191391 0.23050746
v -0.04777260 0.97104614 0.23406659
v -0.04849947 0.96979547 0.23904927
v -0.04889722 0.96865327 0.24355677
v -0.04801263 0.97026276 0.23724452
v -0.04464484 0.97694100 0.20878964
v -0.04662501 0.97387177 0.22226084
v -0.04546930 0.97600243 0.21295962
v -0.04749466 0.97229054 0.22890032
v -0.04842500 0.97043738 0.23644515
v -0.05001196 0.96652994 0.25163204
v -0.04935460 0.96832577 0.24476383
v -0.05465890 0.95546387 0.29000206
v -0.05485312 0.95357108 0.29613061
v -0.03618658 0.98860956 0.14608790
v -0.03639617 0.98830626 0.14807452
v -0.03668090 0.98810865 0.14931781
v -0.03673422 0.98801193 0.14994340
v -0.03655265 0.98820953 0.14868032
v -0.03648186 0.98833481 0.14786269
v -0.03647820 0.98852935 0.14655738
v -0.03693672 0.98807576 0.14947233
v -0.03690363 0.98801987 0.14984946
v -0.03665241 0.98827007 0.14825270
v -0.03808201 0.98658687 0.15873284
v -0.03748684 0.98722426 0.15486444
v -0.03724378 0.98753827 0.15290866
v -0.03771173 0.98707996 0.15572723
v -0.03771351 0.98691923 0.15674224
v -0.03833317 0.98622529 0.16090448
v -0.03841755 0.98605785 0.16190740
v -0.03788537 0.98667334 0.15824165
v -0.03679221 0.98787950 0.15079931
v -0.03689244 0.98778327 0.15140393
v -0.03717513 0.98740924 0.15375628
v -0.03710085 0.98747382 0.15335899
v -0.03804079 0.98632983 0.16033203
v -0.03811684 0.98621112 0.16104262
v -0.03785662 0.98652581 0.15916563
v -0.03787419 0.98653679 0.15909336
v -0.03812562 0.98623424 0.16089892
v -0.03831273 0.98598694 0.16236342
v -0.03269164 0.99196408 0.12222327
v -0.03256181 0.99216159 0.12064455
v -0.03400203 0.99071770 0.13161422
v -0.03252910 0.99227447 0.11972145
v -0.03252632 0.99236543 0.11896589
v -0.04316701 0.98092532 0.18953135
v -0.04592882 0.97632284 0.21138652
v -0.04442421 0.97841625 0.20181210
v -0.04559403 0.97766267 0.20517526
v -0.04878322 0.97153304 0.23182700
v -0.05603797 0.95497094 0.29135932
v -0.05253805 0.96404603 0.26048992
v -0.04088667 0.98456436 0.17018018
v -0.04190527 0.98372869 0.17470491
v -0.04933477 0.97194217 0.22998805
v -0.03496504 0.99130843 0.12682686
v -0.03311519 0.99308157 0.11266046
v -0.04325119 0.98292422 0.17885556
v -0.06645354 0.93825729 0.33949548
v -0.05490672 0.96831231 0.24363192
v -0.06249317 0.95786686 0.28033139
v -0.07477422 0.91978440 0.38523430
v -0.03970454 0.98567716 0.16390266
v -0.03393654 0.99125135 0.12755030
v -0.03452772 0.99080168 0.13084293
v -0.03490726 0.99024418 0.13489974
v -0.03017721 0.99421340 0.10309725
v -0.03017481 0.99428805 0.10237557
v -0.03132064 0.99338958 0.11043626
v -0.03138395 0.99325560 0.11161707
v -0.03015934 0.99408761 0.10430838
v -0.03015952 0.99415270 0.10368611
v -0.03137322 0.99318621 0.11223577
v -0.03138964 0.99310229 0.11297141
v -0.02909777 0.99506666 0.09484548
v -0.02902379 0.99505418 0.09499892
v -0.02789168 0.99581500 0.08703181
v -0.02814747 0.99570581 0.08819106
v -0.02896350 0.99502885 0.09528224
v -0.02773591 0.99585380 0.08663678
v -0.02849550 0.99623446 0.08188345
v -0.03186997 0.99445750 0.10019270
v -0.03647544 0.99134734 0.12609514
v -0.04851882 0.97638230 0.21053155
v -0.02767392 0.99584126 0.08680052
v -0.02892864 0.99499631 0.09563201
v -0.02472189 0.99761374 0.06446434
v -0.02518651 0.99743745 0.06696397
v -0.02630599 0.99683489 0.07502125
v -0.02580660 0.99705098 0.07227279
v -0.02429496 0.99776691 0.06221701
v -0.02547602 0.99717679 0.07063581
v -0.02071249 0.99917877 0.03482500
v -0.01952330 0.99942082 0.02787214
v -0.01728829 0.99978500 0.01144854
v -0.01903037 0.99958013 0.02184953
v -0.03545756 0.98946248 0.14038076
v -0.03548819 0.98950612 0.14006505
v -0.03604635 0.98887824 0.14429305
v -0.03609143 0.98877023 0.14502016
v -0.03371799 0.99135303 0.12681592
v -0.03470230 0.99035889 0.13410827
v -0.03121586 0.99355066 0.10900763
v -0.03014395 0.99437512 0.10153555
v -0.02817046 0.99573715 0.08782907
v -0.02915042 0.99508533 0.09463315
v -0.02567537 0.99723526 0.06973238
v -0.02648365 0.99678309 0.07564449
v -0.02461375 0.99805057 0.05735171
v -0.02127659 0.99913342 0.03577305
v -0.01959521 0.99958677 0.02103131
v -0.02455308 0.99831096 0.05265332
v -0.01444177 0.99984417 -0.01015225
v -0.01669632 0.99985517 0.00329599
v -0.02523303 0.99871340 0.04398682
v -0.01464752 0.99960954 -0.02379541
v -0.01098948 0.99823244 -0.05840564
v -0.02509472 0.99917439 0.03194972
v -0.00227736 0.99343357 -0.11438774
v -0.00799701 0.99779910 -0.06582554
v -0.00327336 0.99548993 -0.09481076
v 0.00287880 0.98922675 -0.14636309
v -0.07140965 0.88025739 0.46909230
v -0.07579202 0.89181159 0.44601306
v -0.08261225 0.86706850 0.49129159
v -0.07479043 0.85177283 0.51854550
v -0.02251531 0.99974625 -0.00070293
v -0.00787805 0.99560181 -0.09335399
v -0.02235730 0.99873444 0.04505185
v -0.02408590 0.99812954 0.05618979
v 0.00117552 0.98856993 -0.15075844
v -0.01704401 0.99985435 -0.00088465
v -0.01284895 0.99956303 -0.02662038
v -0.01288781 0.99974553 -0.01851405
v -0.01612414 0.99985805 0.00488847
v -0.04014482 0.98366525 0.17547383
v -0.03849201 0.98584340 0.16319054
v -0.03843795 0.98586564 0.16306887
v -0.03811600 0.98626785 0.16069503
v -0.03806076 0.98637311 0.16006082
v -0.03555478 0.98903391 0.14334500
v -0.03526398 0.98942595 0.14068668
v -0.03621411 0.98840871 0.14743393
v -0.03671443 0.98774371 0.15170499
v -0.04063883 0.98355350 0.17598581
v -0.04246863 0.98091222 0.18975676
v -0.04177640 0.98173358 0.18561766
v -0.04045240 0.98360380 0.17574743
v -0.03672046 0.98815265 0.14901662
v -0.03664343 0.98821507 0.14862113
v -0.03645898 0.98844504 0.14712969
v -0.04474334 0.97741435 0.20654111
v -0.04345762 0.97963368 0.19603389
v -0.03565339 0.98981090 0.13785220
v -0.03567299 0.98938707 0.14085691
v -0.03023246 0.99397385 0.10536592
v -0.03148763 0.99295417 0.11423895
v -0.02896038 0.99492134 0.09639932
v -0.02764670 0.99581310 0.08713166
v -0.02524435 0.99725468 0.06961197
v -0.02519357 0.99723588 0.06989904
v -0.02381578 0.99789933 0.06024734
v -0.02398413 0.99786699 0.06071442
v -0.01897898 0.99949733 0.02539454
v -0.00099570 0.99431450 -0.10647854
v 0.00594772 0.98676465 -0.16204986
v -0.03281114 0.99178447 0.12364062
v -0.03420054 0.99044949 0.13356692
v -0.03247846 0.99250569 0.11780327
v -0.03787933 0.98714871 0.15525009
v -0.03922524 0.98551345 0.16499885
v -0.03842760 0.98634939 0.16011936
v -0.03761587 0.98733337 0.15413583
v -0.03791731 0.98727051 0.15446430
v -0.03733092 0.98816391 0.14879009
v -0.03570602 0.99011252 0.13565499
v -0.03582877 0.99026019 0.13454016
v -0.02679426 0.99648532 0.07936666
v -0.02717081 0.99631462 0.08135674
v -0.02643709 0.99659823 0.07805800
v -0.02658691 0.99655616 0.07854271
v -0.02725670 0.99630325 0.08146717
v -0.02642479 0.99655851 0.07856764
v -0.04410531 0.97738734 0.20680595
v -0.04346285 0.97840989 0.20205212
v -0.04401944 0.97777027 0.20500633
v -0.04810490 0.96984610 0.23892354
v -0.04916037 0.96777441 0.24697359
v -0.04925118 0.96724610 0.24901667
v -0.04815812 0.96950071 0.24031056
v -0.05783704 0.94512645 0.32154451
v -0.05762734 0.94827472 0.31217647
v -0.06772745 0.90496324 0.42006491
v -0.06974325 0.91444592 0.39865341
v -0.04227582 0.98025713 0.19315465
v -0.04245662 0.98000242 0.19440341
v -0.04250233 0.97988860 0.19496637
v -0.04234780 0.98011491 0.19385928
v -0.04642665 0.97377222 0.22273805
v -0.04524799 0.97520904 0.21661014
v -0.04589764 0.97404312 0.22166059
v -0.04592304 0.97388860 0.22233322
v -0.04530197 0.97502670 0.21741818
v -0.05588064 0.95952541 0.27602234
v -0.06039773 0.95074832 0.30402260
v -0.04413849 0.98697939 0.15467219
v -0.03957714 0.98959850 0.13830565
v -0.02527683 0.99830271 0.05246689
v -0.00987812 0.99897727 -0.04412293
v -0.00805479 0.99851844 -0.05381487
v -0.00692496 0.99825392 -0.05866129
v -0.01194949 0.99966708 -0.02286804
v -0.06168924 0.93908223 0.33811092
v -0.06478370 0.93152392 0.35786346
v -0.06456636 0.92274398 0.37996674
v -0.06139063 0.93404188 0.35184793
v -0.04262510 0.97958565 0.19645623
v -0.04284109 0.97928947 0.19788073
v -0.04301396 0.97893873 0.19957143
v -0.04258524 0.97960053 0.19639067
v -0.04271750 0.97962420 0.19624386
v -0.04309842 0.97896963 0.19940157
v -0.04289441 0.97929609 0.19783639
v -0.04241527 0.98009045 0.19396816
v -0.04216191 0.98043679 0.19226565
v -0.04199649 0.98057951 0.19157277
v -0.04181034 0.98082585 0.19034847
v -0.04197597 0.98066691 0.19112934
v -0.04257158 0.97972586 0.19576744
v -0.04271561 0.97951703 0.19677848
v -0.04270326 0.97958584 0.19643834
v -0.04264836 0.97970959 0.19583219
v -0.04209020 0.98046168 0.19215440
v -0.04212274 0.98045532 0.19217971
v -0.04023694 0.98316404 0.17823989
v -0.06517076 0.90067024 0.42958805
v -0.06314451 0.91963321 0.38766935
v -0.04673252 0.97323791 0.22499788
v -0.03673665 0.98785707 0.15095970
v -0.03910376 0.98544070 0.16546155
v -0.03980688 0.98423231 0.17234319
v -0.03908323 0.98516896 0.16707667
v -0.03919314 0.98511454 0.16737158
v -0.04012645 0.98390892 0.17410658
v -0.03727414 0.98717695 0.15521695
v -0.03782838 0.98650114 0.15932516
v -0.03776730 0.98647469 0.15950332
v -0.03828481 0.98594919 0.16259908
v -0.03859334 0.98560405 0.16460622
v -0.03902970 0.98498994 0.16814132
v -0.03864260 0.98537895 0.16593698
v -0.03644839 0.98841463 0.14733649
v -0.03664657 0.98817677 0.14887475
v -0.03925520 0.98478470 0.16928712
v -0.03880261 0.98538994 0.16583430
v -0.03895762 0.98525339 0.16660748
v -0.03952436 0.98451495 0.17078680
v -0.03926017 0.98512861 0.16727303
v -0.03616670 0.98880576 0.14475893
v -0.03726799 0.98761525 0.15240479
v -0.02629254 0.99718552 0.07021208
v -0.02556691 0.99745574 0.06654614
v -0.03050658 0.99467892 0.09840321
v -0.02955350 0.99532408 0.09195956
v -0.03021528 0.99498492 0.09535225
v -0.03136750 0.99414620 0.10338964
v -0.02767148 0.99616205 0.08303889
v -0.02830706 0.99576580 0.08745955
v -0.02836074 0.99570085 0.08817867
v -0.02749024 0.99624260 0.08212776
v -0.02904193 0.99528168 0.09257935
v -0.02904702 0.99529542 0.09242992
v -0.02937017 0.99508373 0.09458203
v -0.02926770 0.99511126 0.09432378
v -0.02996702 0.99463343 0.09902686
v -0.03009144 0.99447847 0.10053395
v -0.02922107 0.99509031 0.09455896
v -0.03262193 0.99251091 0.11771961
v -0.03109680 0.99373470 0.10735148
v -0.03070573 0.99411569 0.10388046
v -0.03155807 0.99349936 0.10937597
v -0.03261435 0.99296818 0.11380025
v -0.03220633 0.99342999 0.10981622
v -0.02826940 0.99618227 0.08259374
v -0.02302592 0.99832079 0.05315462
v -0.02356362 0.99814751 0.05609200
v -0.02421110 0.99791709 0.05979380
v -0.02493504 0.99763361 0.06407360
v -0.02271711 0.99840074 0.05176774
v -0.02231792 0.99851405 0.04971514
v -0.03340928 0.99193921 0.12223104
v -0.03214149 0.99311791 0.11262212
v -0.02224723 0.99867484 0.04640723
v -0.02151860 0.99886927 0.04239267
v -0.02324504 0.99836151 0.05228738
v -0.02435375 0.99794547 0.05925994
v -0.02117796 0.99893641 0.04095793
v -0.02050614 0.99909795 0.03718585
v -0.01823579 0.99960509 0.02138031
v -0.03060294 0.99448127 0.10035171
v -0.03055421 0.99456847 0.09949870
v -0.03094084 0.99433861 0.10165331
v -0.03134884 0.99396215 0.10514990
v -0.03239703 0.99301465 0.11345634
v -0.03430062 0.99126753 0.12732694
v -0.03953060 0.98416094 0.17281373
v -0.05256905 0.95899428 0.27850757
v -0.05044893 0.96432177 0.25988156
v -0.04412955 0.97716704 0.20783925
v -0.04474403 0.97610370 0.21264885
v -0.04482176 0.97588148 0.21365006
v -0.04421454 0.97693356 0.20891598
v -0.03749109 0.98697880 0.15642016
v -0.01548214 0.99987806 0.00204066
v 0.00027987 0.99382474 -0.11096084
v 0.00793134 0.98549166 -0.16953847
v 0.00750683 0.98154032 -0.19110795
v 0.01164065 0.97695703 -0.21311839
v -0.04354500 0.97805859 0.20372832
v -0.04351553 0.97818537 0.20312502
v -0.04235181 0.98005528 0.19415963
v -0.04595060 0.97410802 0.22136420
v -0.04289479 0.97924271 0.19810035
v -0.04317991 0.97874421 0.20048759
v -0.04299952 0.97891163 0.19970742
v -0.04360118 0.97791876 0.20438647
v -0.03847856 0.98592033 0.16272830
v -0.03797830 0.98652009 0.15917212
v -0.04228115 0.98011147 0.19389125
v -0.04217072 0.98024671 0.19323046
v -0.08430816 0.90023968 0.42715414
v -0.07234191 0.94507545 0.31874606
v -0.04590578 0.97384226 0.22253968
v -0.04532317 0.97492522 0.21786837
v -0.03082546 0.99413552 0.10365500
v -0.03040338 0.99440313 0.10118323
v -0.02996958 0.99475320 0.09781562
v -0.03022152 0.99460760 0.09920877
v -0.06678849 0.87754097 0.47482748
v -0.04731980 0.98707834 0.15309209
v 0.01489061 0.97355954 -0.22794754
v -0.03705152 0.98777663 0.15140844
v -0.03686019 0.98800083 0.14998563
v -0.03756359 0.98692281 0.15675566
v -0.04739870 0.97140747 0.23263897
v -0.04667941 0.97278959 0.22693931
v -0.06075814 0.93134104 0.35904361
v -0.04256004 0.97960722 0.19636277
v -0.02902045 0.99538562 0.09146194
v -0.02916495 0.99529977 0.09234598
v -0.02936679 0.99516460 0.09372840
v -0.02924263 0.99523408 0.09302683
v -0.02947566 0.99504513 0.09495456
v -0.02908239 0.99529324 0.09244235
v -0.02917368 0.99525397 0.09283555
v -0.02938509 0.99512705 0.09412047
v -0.02989072 0.99474583 0.09791467
v -0.02975821 0.99487419 0.09664264
v -0.02878967 0.99548644 0.09043172
v -0.02887824 0.99543968 0.09091694
v -0.02879141 0.99546041 0.09071724
v -0.02877540 0.99548580 0.09044338
v -0.02840288 0.99572457 0.08789687
v -0.02851803 0.99566481 0.08853426
v -0.02801588 0.99597594 0.08512958
v -0.02821894 0.99586386 0.08636473
v -0.02777497 0.99613803 0.08329207
v -0.02797773 0.99602754 0.08453632
v -0.03136579 0.99386476 0.10606141
v -0.03035413 0.99459382 0.09930635
v -0.02756830 0.99627513 0.08170589
v -0.02786189 0.99611164 0.08357820
v -0.02743509 0.99638399 0.08041309
v -0.02773563 0.99620930 0.08244854
v -0.02739893 0.99643451 0.07979697
v -0.02767133 0.99627385 0.08168663
v -0.02753147 0.99638268 0.08039634
v -0.02776810 0.99623817 0.08208805
v -0.02797335 0.99616693 0.08287907
v -0.02815890 0.99603978 0.08433168
v -0.02807602 0.99597128 0.08516421
v -0.02826148 0.99584256 0.08659611
v -0.02711067 0.99650471 0.07901503
v -0.02856930 0.99564046 0.08879117
v -0.02898287 0.99544132 0.09086566
v -0.02908883 0.99537764 0.09152696
v -0.02926693 0.99525486 0.09279661
v -0.02911523 0.99535121 0.09180560
v -0.02982575 0.99490003 0.09635540
v -0.02991168 0.99486297 0.09671073
v -0.03036877 0.99454241 0.09981548
v -0.02989688 0.99489273 0.09640871
v -0.02971629 0.99499313 0.09542332
v -0.02971493 0.99500568 0.09529285
v -0.02965948 0.99501845 0.09517663
v -0.02964559 0.99506011 0.09474443
v -0.02972013 0.99502448 0.09509466
v -0.02959430 0.99508648 0.09448321
v -0.02962603 0.99506186 0.09473222
v -0.02958925 0.99508116 0.09454084
v -0.02946821 0.99515237 0.09382638
v -0.03118133 0.99392831 0.10551894
v -0.02708924 0.99672210 0.07623142
v -0.02661273 0.99691798 0.07379903
v -0.02869578 0.99573724 0.08765781
v -0.02875645 0.99572725 0.08775141
v -0.03013037 0.99486575 0.09661422
v -0.02951457 0.99526490 0.09261031
v -0.02671726 0.99674594 0.07605076
v -0.02651289 0.99688525 0.07427559
v -0.02841182 0.99601775 0.08450686
v -0.02648665 0.99693812 0.07357209
v -0.02837547 0.99589070 0.08600314
v -0.02879619 0.99564519 0.08866473
v -0.02800095 0.99609590 0.08371926
v -0.02988278 0.99493961 0.09592809
v -0.02934107 0.99530460 0.09223804
v -0.02935206 0.99533384 0.09191850
v -0.02999206 0.99491326 0.09616690
v -0.02899751 0.99549568 0.09026345
v -0.02858340 0.99574865 0.08756495
v -0.02914892 0.99538034 0.09147857
v -0.02880969 0.99558950 0.08928355
v -0.02942201 0.99520884 0.09324009
v -0.02939734 0.99523996 0.09291508
v -0.02929070 0.99527660 0.09255564
v -0.02905763 0.99541558 0.09112342
v -0.02947505 0.99516282 0.09371328
v -0.02855841 0.99573936 0.08767862
v -0.02883072 0.99555385 0.08967347
v -0.02861057 0.99568391 0.08828920
v -0.02838982 0.99583181 0.08667765
v -0.02830062 0.99590828 0.08582403
v -0.02814487 0.99598816 0.08494385
v -0.02786178 0.99616057 0.08299301
v -0.02807553 0.99601204 0.08468642
v -0.02785938 0.99613842 0.08325928
v -0.02830786 0.99586930 0.08627280
v -0.02849254 0.99575000 0.08757923
v -0.02797201 0.99604862 0.08428945
v -0.02811494 0.99597083 0.08515667
v -0.02824488 0.99587572 0.08621931
v -0.02831568 0.99585114 0.08647964
v -0.02839377 0.99579027 0.08715235
v -0.02844639 0.99577135 0.08735109
v -0.02852960 0.99571177 0.08800078
v -0.02890679 0.99543449 0.09096464
v -0.02909347 0.99531974 0.09215308
v -0.02866052 0.99559264 0.08929654
v -0.02875531 0.99554406 0.08980617
v -0.02890890 0.99544366 0.09086361
v -0.02899242 0.99539670 0.09135020
v -0.02884482 0.99549924 0.09027309
v -0.02891071 0.99546698 0.09060716
v -0.08286383 0.76379375 0.64011928
v -0.06140020 0.75059029 0.65790898
v -0.06461027 0.79873059 0.59820980
v -0.07844291 0.81376440 0.57587690
v -0.02854559 0.99568483 0.08829986
v -0.02867773 0.99561163 0.08907903
v -0.02839911 0.99576649 0.08742191
v -0.02878313 0.99556149 0.08960380
v -0.02875424 0.99557248 0.08949097
v -0.02860798 0.99566960 0.08845132
v -0.02867126 0.99563567 0.08881204
v -0.02970940 0.99496078 0.09576220
v -0.02952175 0.99509769 0.09438775
v -0.02929654 0.99525483 0.09278763
v -0.16838784 0.75767031 0.63054043
v -0.14278499 0.80142133 0.58080660
v -0.13792469 0.87654756 0.46113031
v -0.17821046 0.82848457 0.53089957
v -0.20931077 0.62514840 0.75191654
v -0.27477213 0.69032816 0.66928866
v -0.27188430 0.57080584 0.77476424
v -0.21107170 0.52121991 0.82690903
v -0.26173325 0.46689035 0.84469468
v -0.20098968 0.42785973 0.88121462
v -0.21360565 0.25083396 0.94416892
v -0.16057419 0.22572268 0.96086690
v -0.17364455 0.27949144 0.94431568
v -0.22917337 0.30785582 0.92341993
v -0.23746476 0.12353613 0.96350886
v -0.21068088 0.08946056 0.97345281
v -0.16666390 0.07400545 0.98323260
v -0.19415668 0.10336208 0.97550985
v -0.47422121 0.45279689 0.75504253
v -0.48965807 0.47596505 0.73054243
v -0.54501125 0.44176764 0.71260374
v -0.54076914 0.42633418 0.72512613
v -0.18235878 0.96414852 0.19277685
v -0.33184724 0.76149128 0.55678402
v -0.22433544 0.85899074 0.46022660
v -0.10418832 0.98922563 0.10284668
v -0.48818472 0.32371864 0.81048252
v -0.45059865 0.28153502 0.84717111
v -0.41395536 0.26548686 0.87072251
v -0.43923686 0.30511980 0.84496916
v -0.35017293 0.10039299 0.93128952
v -0.35743298 0.08792762 0.92979051
v -0.26267419 0.03375375 0.96429402
v -0.26197359 0.04844572 0.96385831
v -0.93344318 0.16172526 0.32020115
v -0.78110967 0.21767906 -0.58522091
v -0.80628856 0.19149716 -0.55966740
v -0.93902294 0.15469544 0.30709159
v -0.31958059 0.32025348 0.89179928
v -0.26795816 0.28434711 0.92051352
v -0.28544075 0.34278226 0.89499938
v -0.33607217 0.37821061 0.86256144
v -0.95702779 0.28971093 -0.01286000
v -0.95776823 0.28740027 -0.00900526
v -0.95983665 0.27886138 0.03082106
v -0.95892005 0.28267930 0.02376432
v -0.83438023 0.16953397 0.52446912
v -0.96466287 0.12397684 -0.23249793
v -0.97381491 0.12018565 -0.19297652
v -0.81215018 0.17439593 0.55677477
v -0.84311146 0.29499704 0.44959961
v -0.80917772 0.31901129 0.49341992
v -0.86115566 0.32715918 0.38907301
v -0.88762941 0.30649605 0.34376475
v -0.49876239 0.39888443 0.76949807
v -0.45158994 0.39560365 0.79972763
v -0.46291502 0.42687884 0.77684242
v -0.51978491 0.41544800 0.74647613
v -0.68906725 0.30939151 -0.65533444
v -0.98204251 0.17135766 -0.07892439
v -0.96717977 0.18632917 -0.17275627
v -0.68703771 0.33304833 -0.64580027
v -0.98226243 0.16020443 0.09744258
v -0.73112910 0.26153983 -0.63011678
v -0.41106178 0.38267312 0.82739923
v -0.36577040 0.35189716 0.86161500
v -0.38104516 0.40572239 0.83077911
v -0.42091645 0.42631753 0.80067641
v -0.20002221 0.06950089 0.97732325
v -0.14687591 0.05411853 0.98767335
v -0.59177576 0.19252245 0.78277491
v -0.44949632 0.08853280 0.88888413
v -0.46190914 0.10949145 0.88014293
v -0.61056536 0.21088259 0.76337309
v -0.19777620 0.03706326 0.97954627
v -0.19259004 0.05106017 0.97994997
v -0.25562349 0.07915410 0.96353062
v -0.26597564 0.06662484 0.96167463
v -0.32409329 0.00640961 0.94600341
v -0.22899755 -0.03379914 0.97284004
v -0.23466707 -0.02221674 0.97182189
v -0.33158142 0.02070985 0.94319927
v -0.24575447 0.37958368 0.89191982
v -0.18734624 0.34727482 0.91885885
v -0.32080168 0.17565756 0.93071516
v -0.30631020 0.14259858 0.94119058
v -0.25682694 0.11191966 0.95995516
v -0.27949200 0.14762421 0.94873142
v -0.74477394 0.28661391 0.60263111
v -0.64285458 0.36272267 0.67466307
v -0.63616282 0.37598078 0.67374722
v -0.77713336 0.27143996 0.56778877
v -0.99007821 0.11791263 -0.07643129
v -0.77240907 0.18605184 0.60726349
v -0.31761899 -0.00785160 0.94818591
v -0.22687883 -0.04413461 0.97292247
v -0.93743617 0.26234447 -0.22888600
v -0.92472699 0.27006568 -0.26822477
v -0.97470796 0.22299506 0.01475080
v -0.97430485 0.22356974 0.02732450
v -0.09071587 0.07783684 0.99283033
v -0.12778170 0.09495486 0.98724638
v -0.13779134 0.07656564 0.98749747
v -0.10736657 0.05707717 0.99257978
v -0.31114340 0.12808822 0.94169166
v -0.32523492 0.12217894 0.93770707
v -0.25481195 0.09397966 0.96241295
v -0.05301840 0.06397276 0.99654229
v -0.08007131 0.03958032 0.99600300
v -0.12951141 0.32168491 0.93794755
v -0.12028753 0.26047201 0.95795889
v -0.13813496 0.39412337 0.90861736
v -0.08263414 0.37036850 0.92520202
v -0.08652847 0.44814398 0.88976390
v -0.14417653 0.47339971 0.86896826
v -0.08381078 0.52153719 0.84910230
v -0.14456730 0.56251782 0.81404791
v -0.13231510 0.69918887 0.70258639
v -0.11982213 0.74659825 0.65439568
v -0.60010129 0.37715296 0.70543185
v -0.56677592 0.38085596 0.73055718
v -0.43838597 0.06861914 0.89616358
v -0.03285856 0.87366111 -0.48542412
v -0.05384208 0.82191455 -0.56706041
v -0.04832827 0.86331698 -0.50234268
v -0.04009048 0.89787948 -0.43841213
v -0.32009758 0.89581595 0.30830395
v -0.45899224 0.66072118 0.59394752
v -0.15014386 0.82514526 -0.54460272
v -0.12825574 0.82225502 -0.55447916
v -0.15801659 0.80593596 -0.57052431
v -0.17204585 0.80817800 -0.56324821
v -0.59661051 0.54338455 -0.59058372
v -0.67180095 0.49806762 -0.54828107
v -0.58342192 0.57926072 -0.56927662
v -0.43459065 0.67021804 -0.60161345
v -0.61600918 0.18943321 -0.76462262
v -0.59918320 0.20758156 -0.77323307
v -0.29697369 0.34338658 -0.89100633
v -0.35399246 0.39631156 -0.84712838
v -0.34153325 0.46957445 -0.81415899
v -0.29969247 0.45198317 -0.84017596
v -0.03043480 0.57342146 -0.81869503
v -0.03964044 0.49481685 -0.86809269
v -0.06571632 0.53668822 -0.84121764
v -0.05056609 0.62148145 -0.78179529
v -0.02356627 0.82999264 -0.55727627
v -0.00859021 0.87354390 -0.48666956
v -0.01310797 0.82124408 -0.57042645
v -0.03236919 0.76540499 -0.64273434
v -0.03773492 0.82728513 -0.56051350
v -0.06735975 0.75791013 -0.64887201
v -0.41262423 0.55265471 -0.72409531
v -0.41771257 0.50869542 -0.75282480
v -0.47428411 0.56803929 -0.67259643
v -0.73830091 0.34681608 -0.57847245
v -0.79460206 0.32364289 -0.51367581
v -0.56421424 0.51870609 -0.64234436
v -0.06020876 0.99788725 0.02441202
v -0.01759687 0.98741370 -0.15717674
v -0.03492972 0.98973748 -0.13856278
v 0.01494310 0.92933705 -0.36893001
v 0.01427693 0.91749766 -0.39748485
v 0.01034831 0.93505451 -0.35435289
v 0.01164727 0.94188148 -0.33574337
v -0.09031241 0.24398771 -0.96556391
v -0.05584312 0.22267718 -0.97329154
v -0.05536500 0.17337558 -0.98329834
v -0.09588324 0.19330752 -0.97644181
v -0.42806278 0.64786013 -0.63011071
v -0.45320587 0.63661750 -0.62395720
v -0.29519269 0.74271296 -0.60103140
v -0.28285185 0.74501423 -0.60410979
v -0.25255914 0.74386008 -0.61877787
v -0.23362650 0.72525724 -0.64762690
v -0.31926191 0.67839133 -0.66170766
v -0.37422839 0.66762496 -0.64360704
v -0.28235320 0.53547771 -0.79595245
v -0.32219557 0.55117871 -0.76967009
v -0.29984359 0.61696014 -0.72763590
v -0.25702377 0.61940303 -0.74180770
v -0.05471225 0.07021671 -0.99603021
v -0.09097579 0.08581238 -0.99214900
v -0.09322442 0.11401202 -0.98909578
v -0.05578261 0.09733148 -0.99368752
v -0.93011533 0.21559788 0.29732646
v -0.88055129 0.22856115 0.41519781
v -0.91395149 0.22661979 0.33665433
v -0.95413819 0.22312883 0.19958418
v -0.59583499 0.60015894 -0.53365711
v -0.72144382 0.50749222 -0.47113742
v -0.71599799 0.51709028 -0.46900376
v -0.57577416 0.62244101 -0.53014272
v -0.96609786 0.25771995 -0.01534108
v -0.96444688 0.24051904 0.10951170
v -0.96501783 0.25909630 0.04012110
v -0.96037707 0.27462674 -0.04749779
v -0.17611083 0.98247607 -0.06103892
v -0.50241414 0.76203405 0.40851455
v -0.10312702 0.98985655 -0.09771815
v -0.90977113 0.30862912 -0.27760504
v -0.92290088 0.31349291 -0.22355351
v -0.89264225 0.34478780 -0.29036387
v -0.84928174 0.36593230 -0.38054444
v -0.95581985 0.29314080 -0.02183774
v -0.95763517 0.28779174 0.01052609
v -0.94974634 0.29672017 -0.09969466
v -0.94201493 0.30838190 -0.13231962
v -0.93447730 0.31132608 -0.17270854
v -0.94891177 0.29257593 -0.11817690
v -0.29575840 0.28645995 -0.91129999
v -0.36187541 0.34312980 -0.86678032
v -0.31400976 0.13766352 -0.93938630
v -0.42671467 0.19349728 -0.88344405
v -0.41420182 0.20725762 -0.88627373
v -0.30955669 0.15183671 -0.93868007
v -0.63505058 0.17261202 -0.75293815
v -0.31198644 0.12137807 -0.94230135
v -0.43091359 0.17759501 -0.88474487
v -0.00637749 0.98912026 -0.14697090
v 0.00502940 0.97772349 -0.20983682
v 0.00430272 0.97378881 -0.22741336
v -0.00931503 0.98704002 -0.16020368
v -0.60046970 0.11232542 -0.79171910
v -0.60201249 0.09169293 -0.79320449
v -0.98452112 0.09337225 -0.14832326
v -0.99423509 0.10122700 -0.03535095
v 0.01922871 0.94324208 -0.33154885
v 0.01259208 0.96035212 -0.27850538
v 0.01243668 0.96660822 -0.25595677
v 0.01845174 0.95490624 -0.29633359
v -0.99366758 0.10712888 0.03388435
v -0.64310554 0.12618868 -0.75530900
v -0.03028247 0.99945732 -0.01296288
v -0.04192930 0.99912029 -0.00076361
v -0.09414475 0.96237268 0.25490311
v -0.06980993 0.97714013 0.20080774
v -0.11001926 0.90238835 0.41664256
v -0.84129201 0.13171669 0.52428853
v -0.79766391 0.14988505 0.58418041
v 0.00393333 0.98286686 -0.18427496
v 0.01111945 0.97338578 -0.22890276
v 0.01620201 0.96542412 -0.26018027
v 0.02012755 0.95982968 -0.27986044
v -0.65219380 0.15819805 -0.74136133
v -0.99245509 0.11570999 -0.04054731
v -0.20169500 -0.14982065 -0.96792195
v -0.15152435 -0.17225739 -0.97332819
v -0.14907313 -0.19992171 -0.96840514
v -0.21707429 -0.17466721 -0.96040102
v -0.02759924 -0.20395839 -0.97859044
v -0.01414586 -0.25007297 -0.96812365
v -0.08752395 -0.22725347 -0.96989454
v -0.09855670 -0.19421788 -0.97599487
v -0.03417013 -0.06409625 -0.99735855
v -0.07257052 -0.05158922 -0.99602815
v -0.07507048 -0.03575036 -0.99653717
v -0.03663698 -0.04750315 -0.99819897
v -0.31064872 0.10754514 -0.94442121
v -0.43369664 0.16290946 -0.88620975
v -0.75781164 0.18716971 0.62505122
v -0.87839875 0.06558770 0.47340668
v -0.81149135 0.04405694 -0.58270128
v -0.75841221 0.01813074 -0.65152298
v -0.93353112 0.05026774 0.35495465
v -0.31320347 -0.20430512 -0.92744973
v -0.30931284 -0.16986250 -0.93566677
v -0.21777085 -0.21293455 -0.95248871
v -0.22517811 -0.24887972 -0.94199453
v -0.16049421 -0.05716087 0.98538025
v -0.22519472 -0.05411233 0.97280995
v -0.15955979 -0.06631629 0.98495829
v -0.04119754 -0.05301656 0.99774346
v -0.07529698 -0.05746802 0.99550379
v -0.07109288 -0.06513013 0.99534108
v -0.03691397 -0.05979451 0.99752793
v -0.06475359 -0.13915248 0.98815159
v -0.03382305 -0.13110178 0.99079177
v -0.03734546 -0.11477482 0.99268931
v -0.06740815 -0.12145399 0.99030554
v -0.61783505 0.11052997 0.77850047
v -0.45802533 -0.02280985 0.88864645
v -0.44234612 -0.00716017 0.89681583
v -0.59452989 0.11711277 0.79549909
v -0.00420203 -0.30618697 -0.95196212
v -0.07551203 -0.26186773 -0.96214512
v -0.71360091 -0.06376810 0.69764415
v -0.67420546 -0.04639592 0.73708508
v -0.53657363 -0.23172090 0.81141491
v -0.39817225 -0.33213369 0.85507080
v -0.37185357 -0.29991727 0.87850700
v -0.50900671 -0.20594288 0.83576294
v -0.06917770 -0.31004485 0.94820179
v -0.07668780 -0.24292331 0.96700943
v -0.11279386 -0.27156645 0.95578722
v -0.08303135 -0.33894620 0.93713461
v -0.02908863 -0.14639792 -0.98879801
v -0.03299714 -0.16856534 -0.98513802
v -0.08541689 -0.16251699 -0.98300162
v -0.07920213 -0.13569300 -0.98758009
v -0.22781337 0.07776103 -0.97059481
v -0.22380762 0.06468601 -0.97248438
v -0.16450593 0.04742183 -0.98523549
v -0.23382545 0.09394349 -0.96772944
v -0.16868389 0.06087809 -0.98378839
v -0.18528009 0.20070397 -0.96197152
v -0.24047919 0.24157017 -0.94011361
v -0.24173615 0.28750947 -0.92676963
v -0.19236625 0.25206152 -0.94839877
v -0.08074089 0.60295507 -0.79367884
v -0.05578592 0.69501630 -0.71682653
v -0.14945308 -0.28005423 -0.94827918
v -0.06404655 -0.32293141 -0.94425280
v -0.11764851 -0.34856192 -0.92987280
v -0.17683094 -0.31054186 -0.93396712
v -0.30558544 -0.24312763 -0.92060116
v -0.42522924 -0.17669185 -0.88767116
v -0.45232439 -0.12744140 -0.88270116
v -0.70024027 -0.02317642 -0.71353095
v -0.94514087 0.02567695 0.32565230
v -0.55354588 -0.26387594 0.78990914
v -0.41721524 -0.36517594 0.83221270
v -0.17373722 -0.49738626 0.84995429
v -0.22608502 -0.44186331 0.86812579
v -0.23157717 -0.49149197 0.83952823
v -0.17001900 -0.55742353 0.81263310
v -0.13751580 -0.16598259 0.97649331
v -0.23527910 -0.13983904 0.96181536
v -0.25907765 -0.17134821 0.95053594
v -0.18309189 -0.19807709 0.96293449
v -0.04728626 -0.04694037 0.99777784
v -0.07759847 -0.04981795 0.99573925
v -0.11060138 -0.05952752 0.99208055
v -0.11116817 -0.05113272 0.99248531
v -0.16031069 -0.04813580 0.98589220
v -0.07004914 -0.01653156 0.99740655
v -0.11788343 -0.01698381 0.99288219
v -0.11437875 -0.02579012 0.99310240
v -0.07104849 -0.02469630 0.99716709
v -0.07390326 -0.00703615 0.99724059
v -0.12492786 -0.00516401 0.99215239
v -0.07876910 0.01954258 0.99670132
v -0.13291726 0.03705344 0.99043427
v -0.13619758 0.02209461 0.99043528
v -0.07695671 0.30496700 0.94924854
v -0.07143978 0.24718985 0.96632993
v -0.66525019 0.11413432 0.73784520
v -0.00448414 -0.42764396 -0.90393613
v 0.05371276 -0.69142080 -0.72045279
v 0.00575813 -0.55616404 -0.83105259
v -0.06079148 -0.41663756 -0.90703778
v -0.75923635 0.16600895 0.62928626
v -0.57843288 0.17503539 0.79672957
v -0.57180382 0.16032066 0.80457297
v -0.62572214 0.28737379 0.72518143
v -0.65088181 0.26653701 0.71085223
v -0.16786643 0.11454997 0.97913184
v -0.16719064 0.09861833 0.98097998
v -0.46226281 -0.08702001 -0.88246281
v -0.54970466 -0.31403327 0.77408520
v -0.52952581 -0.38010240 0.75836969
v -0.40788713 -0.46357197 0.78659336
v -0.42182119 -0.40794522 0.80972068
v -0.08581297 -0.72204955 0.68649879
v -0.15294063 -0.61823225 0.77097215
v -0.13675500 -0.67805497 0.72217693
v -0.09219965 -0.81621188 0.57034848
v -0.12235490 -0.91947709 0.37361899
v -0.15520699 -0.72107408 0.67525030
v -0.18950927 -0.80513401 0.56200130
v -0.16332344 -0.98656988 -0.00230695
v -0.72359971 -0.10935338 0.68150223
v -0.93617032 -0.08388266 0.34139249
v -0.70473994 -0.24522671 0.66573679
v -0.72336044 -0.16506163 0.67045084
v -0.94293591 -0.01642493 0.33256892
v -0.23412176 -0.28195418 -0.93042401
v -0.10139360 -0.64719208 0.75555394
v -0.12289364 -0.57184087 0.81110737
v -0.09766229 -0.51144849 -0.85374617
v -0.14468860 -0.43351343 -0.88945563
v -0.10499983 -0.42312414 -0.89996722
v -0.04921017 -0.51828580 -0.85379048
v -0.34482489 -0.28555153 -0.89417902
v -0.48472201 -0.20556674 -0.85016874
v -0.45720994 -0.18942482 -0.86895184
v -0.32381271 -0.26610165 -0.90792909
v -0.75950906 -0.03112567 -0.64975162
v -0.79145849 -0.06394915 -0.60786838
v -0.85413608 -0.35109881 0.38364198
v -0.61172606 -0.46672481 0.63871682
v -0.66314029 -0.35279548 0.66013658
v -0.90985480 -0.19713841 0.36510367
v -0.84881633 -0.23820860 -0.47198252
v -0.82323184 -0.12735585 -0.55323578
v -0.51728742 -0.22832273 -0.82479237
v -0.56321024 -0.26678028 -0.78206298
v -0.42378707 -0.31891213 -0.84776151
v -0.37843074 -0.29992638 -0.87569078
v -0.30321566 -0.34220705 -0.88935628
v -0.34305499 -0.35839940 -0.86825293
v -0.25662356 -0.37205257 -0.89203208
v -0.21797252 -0.40368983 -0.88855079
v -0.25838978 -0.41999930 -0.86996282
v -0.29578661 -0.38778333 -0.87300308
v -0.18766717 -0.53879239 -0.82126962
v -0.22431479 -0.46540701 -0.85620044
v -0.18299553 -0.44730594 -0.87545990
v -0.14233580 -0.51915788 -0.84274291
v -0.44502521 -0.74351280 -0.49914054
v -0.45259933 -0.69024433 -0.56454992
v -0.38341309 -0.60842644 -0.69484651
v -0.37105529 -0.68073638 -0.63159793
v -0.46973326 -0.65457998 -0.59234763
v -0.49511389 -0.63672837 -0.59113384
v -0.43911101 -0.53661022 -0.72057684
v -0.40826709 -0.56318537 -0.71842900
v -0.55160394 -0.53835486 -0.63710842
v -0.48049872 -0.52497633 -0.70251038
v -0.53084142 -0.63460693 -0.56167733
v -0.58471987 -0.65265525 -0.48181304
v -0.64708849 -0.70030688 -0.30140796
v -0.65713809 -0.59711481 -0.46002548
v -0.66549251 -0.74395276 -0.06044845
v -0.72083808 -0.67783042 -0.14470104
v -0.66019424 -0.71278161 0.23682471
v -0.62280200 -0.76016294 0.18512151
v -0.40551258 -0.91408917 -0.00072964
v -0.46568627 -0.88433384 -0.03301450
v -0.45802907 -0.85088079 -0.25731546
v -0.39336438 -0.87068704 -0.29524319
v -0.41919172 -0.80396675 0.42180062
v -0.44142913 -0.74839103 0.49502646
v -0.48725068 -0.79009449 0.37193744
v -0.48015146 -0.83669010 0.26344686
v -0.84294768 -0.39586576 -0.36432061
v -0.78093334 -0.50883249 0.36226042
v -0.47156160 -0.35717570 -0.80625999
v -0.60538521 -0.34134149 -0.71902346
v -0.23915071 -0.57011188 -0.78598943
v -0.26992367 -0.49366458 -0.82670218
v -0.25478564 -0.88264776 0.39499014
v -0.23033323 -0.94289428 -0.24061791
v -0.46612724 -0.67137137 0.57618216
v -0.45166021 -0.61157481 0.64959934
v -0.56792344 -0.57100363 0.59280504
v -0.55721210 -0.65345141 0.51236309
v -0.79065905 -0.56601107 -0.23343036
v -0.63930246 -0.45973295 -0.61639109
v -0.51288253 -0.43067204 -0.74261235
v -0.43555602 -0.43931726 -0.78567888
v -0.38830909 -0.46034178 -0.79831165
v -0.35342672 -0.49221054 -0.79549880
v -0.32185307 -0.54115215 -0.77689443
v -0.29925221 -0.61759904 -0.72733729
v -0.31268635 -0.89363540 -0.32193637
v -0.33594969 -0.92786553 0.16187450
v -0.51305910 -0.76489174 0.38950094
v -0.47782011 -0.72092751 0.50194767
v -0.55575826 -0.71719378 0.42043529
v -0.56562605 -0.76040438 0.31914317
v -0.54204869 -0.79765920 0.26442962
v -0.51834928 -0.81552180 0.25736785
v -0.52650743 -0.74466170 -0.41020590
v -0.54425843 -0.73189674 -0.41001209
v -0.56794040 -0.72913295 -0.38184924
v -0.62482958 -0.75993919 -0.17911006
v -0.62429754 -0.78112002 -0.01020295
v -0.59787829 -0.79084610 0.13078227
v -0.57027004 -0.78823955 0.23123686
v -0.53721146 -0.83974637 -0.07892958
v -0.50635950 -0.84796552 -0.15669883
v -0.50958662 -0.86016005 -0.02112281
v -0.53694446 -0.84354816 -0.01082364
v -0.54193893 -0.81693359 -0.19728582
v -0.54747235 -0.80213495 -0.23843984
v -0.51468219 -0.76672191 -0.38371833
v -0.50744483 -0.79528411 -0.33169705
v -0.55527396 -0.79043714 -0.25861160
v -0.56626123 -0.78211822 -0.26007559
v -0.57956576 -0.77843203 -0.24113712
v -0.60406317 -0.78975911 -0.10671570
v -0.59854412 -0.73902624 -0.30916847
v -0.59428290 -0.78060517 -0.19360632
v -0.59790886 -0.80155814 0.00308881
v -0.57925123 -0.81478487 0.02436427
v -0.58340721 -0.80876263 0.07442466
v -0.58654074 -0.80975588 -0.01628999
v -0.57299742 -0.81900798 -0.02999807
v -0.57405393 -0.81821949 -0.03128822
v -0.57351976 -0.81840404 -0.03591525
v -0.57306827 -0.81873341 -0.03561409
v -0.55411015 -0.83232511 -0.01403065
v -0.55407888 -0.83060685 -0.05557746
v -0.55808418 -0.82097313 -0.12060337
v -0.56189304 -0.81336045 -0.15073481
v -0.58271550 -0.81060334 -0.05800758
v -0.59011318 -0.80458340 -0.06642279
v -0.58776882 -0.80052051 -0.11702449
v -0.58144018 -0.80904483 -0.08587073
v -0.57016084 -0.82068044 -0.03741957
v -0.57017606 -0.82040775 -0.04278302
v -0.56769657 -0.82202923 -0.04459314
v -0.56791978 -0.82240642 -0.03338862
v -0.56723599 -0.81791171 -0.09624845
v -0.56516228 -0.82115926 -0.07930365
v -0.56866566 -0.82018676 -0.06255436
v -0.56990890 -0.81869383 -0.07031546
v -0.57566913 -0.81643240 -0.04520155
v -0.57829570 -0.81429339 -0.05000352
v -0.57770766 -0.81363382 -0.06522164
v -0.57539453 -0.81615120 -0.05308814
v -0.57670821 -0.81692750 -0.00609102
v -0.58081874 -0.81356664 -0.02754843
v -0.57750056 -0.81567739 -0.03411011
v -0.57517162 -0.81771145 -0.02292583
v -0.57257235 -0.81984916 0.00287461
v -0.57302207 -0.81932807 -0.01863391
v -0.57245737 -0.81889559 -0.04126228
v -0.57163797 -0.81942683 -0.04206784
v -0.57175187 -0.81949624 -0.03906050
v -0.57254383 -0.81889002 -0.04015841
v -0.57141910 -0.81866703 -0.05713594
v -0.57072463 -0.81945988 -0.05252528
v -0.57194890 -0.81897827 -0.04635780
v -0.57228830 -0.81861968 -0.04845524
v -0.57348309 -0.81815951 -0.04161917
v -0.57421672 -0.81758133 -0.04284771
v -0.57408095 -0.81748438 -0.04637192
v -0.57343060 -0.81811337 -0.04321880
v -0.57322749 -0.81847313 -0.03888411
v -0.57402326 -0.81793720 -0.03841923
v -0.57342831 -0.81827600 -0.04005452
v -0.57308646 -0.81850973 -0.04017130
v -0.57301428 -0.81856272 -0.04012128
v -0.57302440 -0.81862686 -0.03864062
v -0.57283769 -0.81866556 -0.04054245
v -0.57281562 -0.81865885 -0.04098728
v -0.57284719 -0.81860338 -0.04164867
v -0.57288264 -0.81855195 -0.04216856
v -0.57269505 -0.81857646 -0.04419242
v -0.57257513 -0.81872258 -0.04302385
v -0.57311846 -0.81827582 -0.04427080
v -0.57290491 -0.81840576 -0.04463150
v -0.57297740 -0.81847584 -0.04235791
v -0.57306251 -0.81842216 -0.04224367
v -0.57317795 -0.81836169 -0.04184722
v -0.57329752 -0.81816207 -0.04405420
v -0.57312616 -0.81838280 -0.04214261
v -0.57321607 -0.81836517 -0.04125269
v -0.57316597 -0.81843753 -0.04050654
v 0.06819465 -0.78278051 -0.61855005
v -0.06564139 -0.59784066 0.79892287
v -0.04629409 -0.72870908 0.68325686
v 0.04863585 -0.48107624 -0.87532863
v -0.22270131 -0.59285798 0.77390151
v -0.23792391 -0.53428924 0.81112713
v -0.22836147 -0.70304315 0.67348449
v -0.22408584 -0.64004438 0.73493450
v -0.27081044 -0.76748838 0.58105361
v -0.34024325 -0.83118627 0.43973165
v -0.41743115 -0.87310584 0.25186788
v -0.47596339 -0.86929415 0.13336618
v -0.51436202 -0.85242314 0.09384300
v -0.54189856 -0.83865509 0.05480497
v -0.56475611 -0.82524748 -0.00413981
v -0.56334101 -0.82580756 -0.02624463
v -0.55710029 -0.83015995 0.02176528
v -0.57089023 -0.82043375 -0.03118990
v -0.56876986 -0.82222754 -0.02104092
v -0.57213483 -0.81933223 -0.03682973
v -0.57267567 -0.81883928 -0.03930405
v -0.57289180 -0.81864396 -0.04021245
v -0.25357459 -0.30021141 0.91955045
v -0.18909576 -0.33004714 0.92483062
v -0.17490399 -0.28418872 0.94267989
v -0.23513244 -0.25836304 0.93699588
v -0.06142013 -0.39820311 0.91523868
v -0.06862690 -0.35837757 0.93105095
v -0.07409030 -0.38219187 0.92110803
v -0.06849931 -0.43137141 0.89957020
v -0.70733247 -0.63391124 0.31278957
v -0.38810365 -0.38605763 -0.83686024
v -0.34079651 -0.41312766 -0.84450179
v -0.30331028 -0.44607846 -0.84203140
v -0.36136490 -0.75124561 0.55230918
v -0.31149367 -0.69588420 0.64708337
v -0.37099464 -0.64819557 0.66498532
v -0.40095935 -0.70123039 0.58949770
v -0.57118244 -0.82028789 0.02963778
v -0.56871733 -0.82252686 0.00318706
v -0.56405191 -0.82491930 0.03679129
v -0.56853589 -0.81853554 0.08225882
v -0.57404172 -0.80197617 -0.16525835
v -0.58129753 -0.79962563 -0.15063876
v -0.57032838 -0.81415242 -0.10900170
v -0.57414652 -0.81116129 -0.11123462
v -0.56719058 -0.80694470 -0.16472737
v -0.29819012 -0.58585851 0.75355986
v -0.38247403 -0.52741625 0.75864729
v -0.36372874 -0.59089689 0.72009879
v -0.28816660 -0.64240952 0.71011972
v -0.39321638 0.21711816 -0.89344311
v -0.29882428 0.16251272 -0.94036890
v -0.43606988 0.23851196 0.86772986
v -0.50110649 0.27289188 0.82123219
v -0.40756575 0.18919626 0.89336159
v -0.36967039 0.17491604 0.91255037
v -0.57977680 0.31183049 0.75274206
v -0.49549047 0.29547064 0.81681473
v -0.54685815 0.33071765 0.76913718
v -0.66598284 0.29767355 0.68400096
v -0.86549281 0.22115187 0.44945973
v -0.88062932 0.22033913 0.41945521
v -0.07597057 0.00497245 0.99709766
v -0.02765558 0.00884907 0.99957834
v -0.02561423 0.02170376 0.99943627
v -0.10942089 -0.06801217 0.99166598
v -0.13702385 -0.12542166 0.98259548
v -0.08864752 -0.14840822 0.98494498
v -0.09614427 -0.12369015 0.98765228
v -0.03990390 -0.24164154 0.96954476
v -0.12941887 0.10441383 -0.98607733
v -0.13496129 0.13635570 -0.98142375
v -0.03268960 0.69701636 -0.71630970
v -0.01844547 0.64443765 -0.76443435
v -0.00089209 0.80993002 -0.58652585
v 0.00926937 0.84946704 -0.52756027
v 0.01573031 0.81429086 -0.58024388
v 0.00687206 0.76933855 -0.63880433
v 0.02322247 0.94690075 -0.32068627
v 0.02500890 0.93146922 -0.36295956
v -0.06121067 -0.50519744 0.86083030
v -0.07050850 -0.46048744 0.88486150
v -0.05837582 -0.55993926 0.82647461
v -0.16305421 -0.43406040 0.88600502
v -0.12592634 -0.50041878 0.85657668
v -0.11647555 -0.42999918 0.89528440
v -0.14814422 -0.37082691 0.91681006
v -0.83751449 0.08426822 0.53987809
v -0.86924149 0.06101695 -0.49060795
v -0.14589025 -0.23861249 -0.96009380
v -0.94956845 0.30258370 -0.08223664
v -0.94841223 0.30480158 -0.08723664
v -0.94408766 0.30994220 -0.11240252
v -0.94684878 0.30515502 -0.10177329
v -0.13100811 0.27790552 -0.95163302
v -0.14739819 0.23459674 -0.96085282
v -0.13602475 0.93308691 0.33293556
v -0.71649812 0.52379967 0.46072154
v -0.65478469 0.47106441 0.59106289
v -0.61508854 0.51608318 0.59609080
v -0.63827363 0.62241812 0.45299278
v -0.08058534 0.92640253 -0.36781021
v -0.13046664 0.94053917 -0.31363120
v -0.06307761 0.94374827 -0.32459268
v -0.04386558 0.92293631 -0.38244527
v -0.03207053 -0.08098859 -0.99619894
v -0.07221956 -0.06980442 -0.99494305
v -0.08597238 0.03548481 -0.99566539
v -0.12316982 0.05147775 -0.99104956
v -0.12381538 0.06480495 -0.99018689
v -0.08702445 0.04846130 -0.99502676
v -0.18654598 0.33586732 -0.92325172
v -0.22497858 0.35513050 -0.90734060
v -0.05293141 0.09643957 0.99393042
v -0.05708612 0.12645954 0.99032780
v -0.09797518 0.13344033 0.98620208
v -0.09248796 0.10456396 0.99020824
v -0.92249507 0.33605290 -0.18992442
v -0.88963565 0.36343778 -0.27651655
v -0.90868974 0.34369895 -0.23696832
v -0.93244387 0.32357689 -0.16076826
v -0.46491210 -0.04021168 -0.88444319
v -0.30658974 -0.12784728 -0.94321673
v -0.50083915 0.29679417 -0.81306418
v -0.36926679 0.26197271 -0.89163464
v -0.37777337 0.23546870 -0.89545618
v -0.51833455 0.26504853 -0.81306738
v -0.45090435 0.41519756 -0.79012420
v -0.46733963 0.37186774 -0.80206487
v -0.43299990 0.46027369 -0.77502207
v -0.49928604 0.61193683 -0.61338958
v -0.75355437 0.39875643 -0.52263670
v -0.77489411 0.38459535 -0.50162290
v -0.20768405 -0.38665535 0.89853490
v -0.14379653 -0.22661428 0.96331123
v -0.11024686 -0.20464077 0.97260875
v -0.05877561 -0.46120347 0.88534558
v -0.05478213 0.98485384 0.16450482
v -0.08737937 0.92794395 0.36233255
v -0.95732568 0.26262287 -0.12065144
v -0.94967412 0.28319140 -0.13387192
v -0.85877265 0.29574061 -0.41838622
v -0.97067006 0.21851672 -0.10025006
v -0.97557009 0.21870401 -0.02077395
v -0.89794511 0.27996499 -0.33957941
v -0.73204681 0.41000136 -0.54406466
v -0.67238280 0.44844428 -0.58889652
v -0.43178003 0.46260896 0.77431193
v -0.39249613 0.46179244 0.79542098
v -0.40441245 0.51319505 0.75702141
v -0.44275881 0.49766346 0.74585234
v -0.34982119 0.44361393 0.82512534
v -0.30163457 0.41401660 0.85884040
v -0.31472777 0.49572489 0.80944627
v -0.36040600 0.51073532 0.78054913
v -0.22308322 0.77243023 0.59463049
v -0.19045788 0.70420916 0.68397022
v -0.13936202 0.63851892 0.75688296
v -0.07536285 0.58091739 0.81046618
v 0.02576036 0.90994666 -0.41392448
v 0.02516042 0.87959980 -0.47504858
v 0.01865592 0.90066211 -0.43411948
v 0.01870536 0.92653762 -0.37573682
v -0.11538663 0.84452490 0.52293748
v -0.10555599 0.79486673 0.59753227
v -0.08572848 0.70903492 0.69994294
v -0.95383223 0.29770989 -0.03965968
v -0.95510284 0.29560326 -0.01993171
v -0.00563925 0.99222816 -0.12430397
v -0.02361952 0.99957602 -0.01702624
v -0.95222723 0.30179124 -0.04674780
v -0.95187086 0.30145453 -0.05538081
v -0.44218532 0.59094065 0.67473053
v -0.55696345 0.57094503 0.60316954
v -0.51250225 0.54288875 0.66529185
v -0.09708795 0.87810695 0.46851053
v -0.09313721 0.83826574 0.53724855
v -0.99467879 0.08113387 -0.06349330
v -0.77893814 0.10073888 0.61895642
v -0.62780491 0.22490300 0.74517087
v -0.84790660 0.16765090 0.50293893
v -0.02935332 -0.01138363 0.99950427
v -0.02865151 -0.01925669 0.99940396
v -0.06679518 0.84365284 0.53271783
v -0.07338976 -0.04149757 0.99643961
v -0.03660042 -0.03765063 0.99862047
v -0.03161958 -0.02858685 0.99909108
v -0.07161653 -0.03314294 0.99688145
v -0.02500465 -0.04273928 0.99877331
v -0.02507123 -0.04681198 0.99858904
v -0.05803184 -0.16519017 0.98455295
v -0.03428054 -0.15802670 0.98683961
v -0.92720202 0.25472631 0.27461049
v -0.89043724 0.25750098 0.37525292
v -0.90850897 0.26882565 0.31991282
v -0.93743388 0.26804877 0.22218817
v -0.11133111 -0.04271162 0.99286510
v -0.16473679 -0.03867987 0.98557884
v -0.70719522 0.30551770 0.63760008
v -0.84541376 0.22448229 0.48464758
v -0.02585231 0.04094153 0.99882704
v -0.13329224 0.11934386 0.98386494
v -0.14060655 0.14788990 0.97895780
v -0.18717881 0.16858384 0.96775182
v -0.17725313 0.13953741 0.97422309
v -0.05627994 -0.50378732 0.86199240
v -0.76824753 0.50745606 -0.39023592
v -0.66228992 0.60033420 -0.44829780
v -0.61713435 0.62326277 -0.48030064
v -0.74706733 0.51662840 -0.41831268
v -0.08778101 -0.58691814 0.80487365
v -0.06714489 -0.68078798 0.72939652
v 0.02105185 -0.37348882 -0.92739577
v 0.06580200 -0.46252613 -0.88416044
v -0.31472321 -0.43597483 0.84313419
v -0.29993166 -0.39135534 0.86998965
v -0.32373323 -0.47971450 0.81551873
v -0.31344379 -0.53204023 0.78656607
v -0.52368281 -0.83608767 0.16344332
v -0.55168311 -0.82831873 0.09764130
v -0.57091280 -0.82082417 -0.01750024
v -0.57199056 -0.81974229 -0.02914424
v -0.57258619 -0.81906327 -0.03578281
v -0.57285377 -0.81873072 -0.03896884
v -0.57295606 -0.81860193 -0.04015266
v -0.95024454 0.30408695 -0.06757548
v -0.94844758 0.30826153 -0.07363438
v -0.94598029 0.31133029 -0.09052477
v -0.94908644 0.30569314 -0.07606993
v -0.95710686 0.28444139 -0.05513215
v -0.96178807 0.27378120 -0.00275031
v -0.95827355 0.28445905 -0.02819305
v -0.95476247 0.29143302 -0.05912212
v -0.95343822 0.29551549 -0.06021751
v -0.95141152 0.29922794 -0.07265513
v -0.95062016 0.29865946 -0.08440280
v -0.94769280 0.30623544 -0.08999005
v -0.94738487 0.30713151 -0.09017835
v -0.94196451 0.31447671 -0.11750428
v -0.94341601 0.31171386 -0.11314021
v -0.94823699 0.30670668 -0.08232631
v -0.94472442 0.31247899 -0.09926053
v -0.94321269 0.31382777 -0.10891262
v -0.94770259 0.30710731 -0.08686134
v -0.95791118 0.28676884 -0.01303064
v -0.95725222 0.28814086 -0.02535823
v -0.96017521 0.27938804 0.00242743
v -0.96044237 0.27728651 0.02574182
v -0.93258272 0.28859554 0.21679964
v -0.94926721 0.28900012 0.12397863
v -0.83167112 0.24490514 0.49834187
v -0.69155408 0.33476981 0.64006416
v -0.74262554 0.30119248 0.59815583
v -0.85166467 0.23681080 0.46753388
v -0.95761948 0.27884266 0.07219212
v -0.95115149 0.27066995 0.14848780
v -0.95508048 0.28958883 0.06292524
v -0.95617266 0.29255456 0.01206944
v -0.96040572 0.26358776 0.09023494
v -0.96254813 0.26606188 0.05207843
v -0.96020717 0.24951012 0.12548659
v -0.95181951 0.24816296 0.18015205
v -0.93585917 0.31761082 -0.15261382
v -0.91965854 0.32941348 -0.21381050
v -0.88185182 0.24847386 0.40074695
v -0.92363753 0.24571547 0.29413879
v -0.68477661 0.31384359 0.65771057
v -0.95640067 0.21160110 -0.20130258
v -0.96204064 0.21721658 -0.16521130
v -0.35882459 0.18556872 0.91477274
v -0.35799327 0.20557887 0.91081181
v -0.86169286 0.19546981 0.46827018
v -0.91261359 0.18413696 0.36500686
v -0.40304036 0.22890420 0.88609330
v -0.38829753 0.23198190 0.89185729
v -0.19231382 0.02149808 0.98109797
v -0.08480033 0.65410090 0.75163882
v -0.94902115 0.26081888 0.17700954
v -0.94813512 0.25308479 0.19232237
v -0.83768971 0.40196456 -0.36973022
v -0.74678969 0.46578066 -0.47471416
v -0.79408562 0.41950779 -0.43981956
v -0.86528815 0.37386522 -0.33391798
v -0.19306194 0.57473644 -0.79523903
v -0.20454944 0.45635489 -0.86596752
v -0.23028076 0.45975791 -0.85766744
v -0.21123420 0.59107159 -0.77846932
v -0.85274127 0.44173091 -0.27875818
v -0.89977205 0.39387123 -0.18781830
v -0.88356842 0.42691800 -0.19247821
v -0.80734612 0.49806614 -0.31642119
v -0.92749295 0.36967597 -0.05564619
v -0.93094069 0.35329295 -0.09237709
v -0.94830841 0.31694383 0.01605532
v -0.94306317 0.32185276 0.08392056
v -0.56127572 0.06318350 -0.82521356
v -0.84733788 0.07955793 -0.52506100
v -0.43160420 0.05208753 0.90055800
v -0.31461398 -0.02003914 0.94900815
v -0.21613230 -0.12060544 0.96888655
v -0.12587379 -0.29214103 0.94805559
v -0.09231415 -0.35598065 0.92992251
v -0.05151348 -0.81560278 0.57631456
v -0.93247914 0.10486927 0.34566614
v -0.01036120 -0.97975300 -0.19994174
v -0.02297041 -0.75430345 -0.65612397
v -0.18344417 -0.38853252 -0.90298988
v -0.22439680 -0.35661526 -0.90690222
v -0.19938844 -0.33666261 -0.92027308
v -0.15187632 -0.37119033 -0.91605203
v -0.27243608 -0.32666180 -0.90502522
v -0.25136126 -0.30584939 -0.91829933
v -0.46167872 -0.53821143 0.70511078
v -0.57165961 -0.81691461 -0.07652333
v -0.57342756 -0.81705904 -0.05996133
v -0.57380323 -0.81513762 -0.07937573
v -0.57236045 -0.81786160 -0.05921082
v -0.57594778 -0.81399451 -0.07547908
v -0.57804364 -0.80932419 -0.10421090
v -0.57526938 -0.81716549 -0.03613462
v -0.57276526 -0.81821068 -0.04971161
v -0.57325666 -0.81788761 -0.04936261
v -0.57455101 -0.81638489 -0.05836822
v -0.57372433 -0.81759616 -0.04875357
v -0.09143895 -0.50485895 0.85834513
v -0.63948680 -0.02973082 0.76822700
v -0.59245500 -0.02888418 0.80508557
v -0.29951980 -0.19055439 0.93486733
v -0.21643009 -0.22216464 0.95068443
v -0.24188439 -0.01047197 0.97024857
v -0.34009031 0.03600682 0.93970319
v -0.35576208 0.07092309 0.93188157
v -0.49206173 0.17380478 0.85303408
v -0.48610528 0.15415074 0.86019719
v -0.34645902 0.05152872 0.93664878
v -0.88369136 0.16181260 0.43921095
v -0.85143273 0.15536238 -0.50092398
v -0.90852694 0.13787667 -0.39442215
v -0.86510031 0.16459416 0.47382510
v -0.95223678 0.12855035 -0.27698362
v -0.56443559 0.23300026 -0.79191120
v -0.17079885 0.10494871 -0.97970073
v -0.22813430 0.13836441 -0.96374791
v -0.23011394 0.16368883 -0.95929846
v -0.17562884 0.13004833 -0.97582885
v -0.07402672 -0.17978517 0.98091658
v -0.07978040 -0.40672551 0.91006014
v -0.27602836 -0.34719729 0.89624906
v -0.34834699 -0.26220443 0.89994623
v -0.47760205 -0.18142088 0.85964106
v -0.97075001 0.23601416 0.04406513
v -0.12715463 0.80051197 -0.58567250
v -0.15373378 0.78658472 -0.59803880
v -0.93650743 0.33595964 -0.10042383
v -0.95010335 0.31115375 -0.02206719
v -0.92896227 0.23810040 0.28343835
v -0.87535869 0.27869514 0.39506477
v -0.84153806 0.27304001 0.46611463
v -0.79284065 0.29990394 0.53052929
v -0.32932308 -0.10489131 0.93837313
v -0.49803123 -0.02894710 0.86667581
v -0.36590442 -0.12264553 0.92253565
v 0.03756526 -0.97496385 -0.21916739
v -0.16373464 -0.25132454 0.95395332
v -0.07979741 -0.69658799 -0.71302002
v -0.14183362 -0.69240487 -0.70743107
v -0.21207939 -0.70870663 -0.67287238
v -0.29236017 -0.73567081 -0.61099427
v -0.37612605 -0.77593821 -0.50640802
v -0.44511988 -0.79631986 -0.40956436
v -0.50177599 -0.82421915 -0.26245694
v -0.53783810 -0.82986236 -0.14852153
v -0.56307708 -0.82505693 -0.04717267
v -0.56367847 -0.82338831 -0.06556116
v -0.55526048 -0.82656731 -0.09204500
v -0.56799196 -0.82126335 -0.05395959
v -0.57033903 -0.82001998 -0.04775579
v -0.57176626 -0.81922534 -0.04419489
v -0.57248133 -0.81882378 -0.04234084
v -0.57281715 -0.81864104 -0.04132029
v -0.05471334 -0.56188098 0.82540670
v -0.04797737 -0.64238505 0.76487883
v -0.36295703 0.64357860 0.67384626
v -0.95355330 0.20032331 0.22495928
v -0.95339958 0.20459321 0.22174502
v -0.88792411 0.23850334 0.39332801
v -0.93630378 0.32457429 -0.13411471
v -0.93818505 0.32414168 -0.12141242
v -0.94465811 0.23342815 0.23050457
v -0.90059499 0.21871896 0.37562040
v -0.90692539 0.21738050 0.36087679
v -0.95208372 0.29987968 -0.06007307
v -0.95207114 0.29990204 -0.06016067
v -0.95207846 0.29988478 -0.06013087
v -0.95208531 0.29987242 -0.06008403
v -0.95209532 0.29985784 -0.05999807
v -0.95209109 0.29986136 -0.06004769
v -0.95210427 0.29982785 -0.06000604
v -0.95211252 0.29981600 -0.05993417
v -0.95209839 0.29984220 -0.06002759
v -0.95209378 0.29984896 -0.06006690
v -0.95209026 0.29986009 -0.06006713
v -0.95209177 0.29985660 -0.06006059
v -0.95209915 0.29984445 -0.06000433
v -0.95209574 0.29985197 -0.06002074
v -0.95207789 0.29987285 -0.06019946
v -0.95206643 0.29989402 -0.06027516
v -0.95205837 0.29990297 -0.06035779
v -0.95207863 0.29986591 -0.06022226
v -0.95238168 0.29930382 -0.05819247
v -0.95228734 0.29945200 -0.05896885
v -0.95242500 0.29917731 -0.05813400
v -0.95256199 0.29896502 -0.05696988
v -0.95206534 0.29993216 -0.06010225
v -0.95202610 0.30000016 -0.06038384
v -0.95205544 0.29993706 -0.06023462
v -0.95207863 0.29989615 -0.06007148
v -0.95216821 0.29973572 -0.05944907
v -0.95218498 0.29969550 -0.05938330
v -0.95226427 0.29956227 -0.05878104
v -0.95222625 0.29964831 -0.05895805
v -0.95203527 0.30000391 -0.06022042
v -0.95197141 0.30011255 -0.06068690
v -0.95211162 0.29982432 -0.05990698
v -0.95211515 0.29981474 -0.05989886
v -0.95214073 0.29977071 -0.05971228
v -0.95213280 0.29979066 -0.05973847
v -0.95208041 0.29987380 -0.06015469
v -0.95207702 0.29988022 -0.06017632
v -0.95207270 0.29988608 -0.06021558
v -0.95207904 0.29987421 -0.06017449
v -0.95209205 0.29985517 -0.06006337
v -0.95209079 0.29985646 -0.06007695
v -0.95210026 0.29984071 -0.06000543
v -0.95207453 0.29988832 -0.06017548
v -0.95207773 0.29988330 -0.06014984
v -0.95207134 0.29989674 -0.06018392
v -0.95206537 0.29990570 -0.06023372
v -0.95216495 0.29971081 -0.05962670
v -0.95218396 0.29968619 -0.05944661
v -0.95213819 0.29976907 -0.05976104
v -0.95212533 0.29978675 -0.05987708
v -0.95210458 0.29986079 -0.05983625
v -0.95210025 0.29985612 -0.05992844
v -0.95204879 0.29993675 -0.06034116
v -0.95205830 0.29992319 -0.06025839
v -0.95203367 0.29997200 -0.06040438
v -0.95201953 0.29999077 -0.06053399
v -0.95197402 0.30006196 -0.06089564
v -0.95199273 0.30002004 -0.06080965
v -0.95202605 0.29996687 -0.06054971
v -0.95201761 0.29998753 -0.06058013
v -0.95223797 0.29957263 -0.05915314
v -0.95217900 0.29966580 -0.05962859
v -0.95208490 0.29984512 -0.06022670
v -0.95204944 0.29990991 -0.06046416
v -0.95204566 0.29990168 -0.06056442
v -0.95210658 0.29979123 -0.06015221
v -0.95223246 0.29972695 -0.05845585
v -0.95205031 0.30005239 -0.05973916
v -0.95208759 0.29994743 -0.05967213
v -0.95220043 0.29974343 -0.05889166
v -0.95197973 0.30013251 -0.06045712
v -0.95186930 0.30036153 -0.06105564
v -0.95139462 0.30120870 -0.06419971
v -0.95124940 0.30139255 -0.06547597
v -0.95146178 0.30101175 -0.06412806
v -0.95157657 0.30086732 -0.06309423
v -0.95182952 0.30029576 -0.06199215
v -0.95187941 0.30018867 -0.06174420
v -0.95194605 0.30009165 -0.06118585
v -0.95191347 0.30016223 -0.06134634
v -0.95193179 0.30004364 -0.06164151
v -0.95208586 0.29976836 -0.06059249
v -0.95205499 0.29985833 -0.06063229
v -0.95195986 0.30003322 -0.06125750
v -0.95191286 0.29969764 -0.06358636
v -0.95248632 0.29865805 -0.05977610
v -0.95231979 0.29914387 -0.05999964
v -0.95196078 0.29979399 -0.06240388
v -0.95323314 0.29751258 -0.05322448
v -0.95387626 0.29613304 -0.04924739
v -0.95428633 0.29549734 -0.04493235
v -0.95355496 0.29701014 -0.05017884
v -0.95240099 0.29965848 -0.05601022
v -0.95175212 0.30080266 -0.06070962
v -0.95186517 0.30052584 -0.06030686
v -0.95232051 0.29972721 -0.05700212
v -0.95172328 0.30045873 -0.06282791
v -0.95180146 0.30029266 -0.06243635
v -0.95285329 0.29831198 -0.05550291
v -0.95307665 0.29796903 -0.05347299
v -0.95277425 0.29855809 -0.05553641
v -0.95260228 0.29882282 -0.05704216
v -0.95296158 0.29840333 -0.05310062
v -0.95265297 0.29903969 -0.05502340
v -0.95252160 0.29923107 -0.05624382
v -0.95273196 0.29879282 -0.05499689
v -0.95228630 0.29972637 -0.05757521
v -0.95194252 0.30033445 -0.06003887
v -0.95200023 0.30018470 -0.05987236
v -0.95225774 0.29972734 -0.05804071
v -0.95161421 0.30063532 -0.06363019
v -0.95155697 0.30076429 -0.06387625
v -0.95142375 0.30098046 -0.06483519
v -0.95149956 0.30080883 -0.06451842
v -0.95194442 0.29997713 -0.06177004
v -0.95213740 0.29963215 -0.06045619
v -0.95256096 0.29907624 -0.05640060
v -0.95259967 0.29894539 -0.05644045
v -0.95281793 0.29855315 -0.05480889
v -0.95175871 0.30058953 -0.06165469
v -0.95144961 0.30054683 -0.06644723
v -0.95104645 0.30130605 -0.06874091
v -0.95032363 0.30229374 -0.07418548
v -0.95101605 0.30101462 -0.07041778
v -0.95179262 0.29956701 -0.06595769
v -0.95271239 0.29787438 -0.06008292
v -0.95499950 0.29362528 -0.04195418
v -0.95564127 0.29253549 -0.03424528
v -0.95565148 0.29279062 -0.03168428
v -0.95536021 0.29367819 -0.03224889
v -0.95400622 0.29647443 -0.04444147
v -0.95428493 0.29571344 -0.04351832
v -0.95296758 0.29891782 -0.05000926
v -0.95182954 0.30095421 -0.05871188
v -0.95124880 0.30163231 -0.06437135
v -0.95099072 0.30229964 -0.06505066
v -0.95253114 0.29886513 -0.05800047
v -0.95277448 0.29831888 -0.05680345
v -0.95204572 0.29993850 -0.06038083
v -0.95204882 0.29992957 -0.06037625
v -0.95206358 0.29990494 -0.06026570
v -0.95206268 0.29990835 -0.06026302
v -0.95207422 0.29988588 -0.06019256
v -0.95206727 0.29989682 -0.06024793
v -0.95210473 0.29983917 -0.05994210
v -0.95211862 0.29982036 -0.05981547
v -0.95208805 0.29986466 -0.06007942
v -0.95241652 0.29937896 -0.05722775
v -0.95232965 0.29949650 -0.05805242
v -0.95120007 0.30140842 -0.06611655
v -0.95097606 0.30188273 -0.06716650
v -0.95090498 0.30190711 -0.06805748
v -0.95166334 0.30059491 -0.06308404
v -0.95179571 0.30037902 -0.06210778
v -0.95181322 0.30038110 -0.06182869
v -0.95161032 0.30072130 -0.06328103
v -0.95134202 0.30104221 -0.06574149
v -0.95123395 0.30128636 -0.06618542
v -0.95094501 0.30174676 -0.06820907
v -0.95109785 0.30140085 -0.06760476
v -0.95319443 0.29816115 -0.05020270
v -0.95281653 0.29879353 -0.05350788
v -0.94987890 0.30381747 -0.07365476
v -0.95056522 0.30261438 -0.06964403
v -0.95086471 0.30220835 -0.06727872
v -0.95042725 0.30306462 -0.06956921
v -0.95116934 0.30163438 -0.06552543
v -0.94959116 0.30410069 -0.07615383
v -0.95044790 0.30267569 -0.07096623
v -0.95430709 0.29618039 -0.03968830
v -0.95062992 0.30209058 -0.07102140
v -0.95047409 0.30249522 -0.07138378
v -0.94952714 0.30396593 -0.07747849
v -0.94980554 0.30328151 -0.07674477
v -0.95205646 0.29991347 -0.06033585
v -0.95204097 0.29993641 -0.06046606
v -0.95224375 0.29948793 -0.05948793
v -0.95215932 0.29967095 -0.05991624
v -0.95236360 0.29922963 -0.05886595
v -0.95209246 0.29984723 -0.06009646
v -0.95208683 0.29986041 -0.06011983
v -0.95212903 0.29976804 -0.05991183
v -0.95210340 0.29982240 -0.06004698
v -0.95197157 0.30007738 -0.06085802
v -0.95175456 0.30026412 -0.06328286
v -0.95196220 0.29988439 -0.06194608
v -0.95176264 0.30031153 -0.06293536
v -0.95401840 0.29540432 -0.05084475
v -0.95312917 0.29749565 -0.05514647
v -0.95167938 0.30049648 -0.06331051
v -0.95562536 0.29143845 -0.04293954
v -0.95172524 0.30058578 -0.06218722
v -0.95163460 0.30084528 -0.06231941
v -0.95148171 0.30116077 -0.06312488
v -0.95208160 0.29987676 -0.06012121
v -0.95214007 0.29979301 -0.05961066
v -0.95241600 0.29931112 -0.05759001
v -0.95242275 0.29925897 -0.05774928
v -0.95153524 0.30066577 -0.06465896
v -0.95138872 0.30084470 -0.06596945
v -0.95166910 0.30032667 -0.06426362
v -0.95334489 0.29771043 -0.05002027
v -0.95356823 0.29713238 -0.04919332
v -0.95208425 0.29986694 -0.06012823
v -0.95312776 0.29797636 -0.05251245
v -0.95187499 0.30030276 -0.06125568
v -0.00543756 0.71144459 -0.70272116
v -0.76690598 0.23529145 0.59707048
v -0.34977142 0.12048725 0.92905477
v -0.46187701 0.21273246 0.86105431
v -0.94990533 0.18912417 0.24882106
v -0.95287909 0.19470231 0.23262082
v -0.94879928 0.21046678 0.23554970
v -0.95718594 0.21282640 0.19621415
v -0.73866978 0.26401202 0.62021336
v -0.02679757 0.99665517 0.07720345
v -0.02622165 0.99698785 0.07299073
v -0.02736322 0.99627526 0.08177328
v -0.02073162 -0.03779265 0.99907053
v -0.02897859 0.99543196 0.09096957
v -0.02901348 0.99543135 0.09096507
v -0.02878406 0.99556845 0.08952616
v -0.02901815 0.99540093 0.09129585
v -0.02901417 0.99539999 0.09130743
v -0.02827137 0.99571606 0.08803558
v -0.02582450 0.99722575 0.06981334
v -0.02553514 0.99741306 0.06719477
v -0.02874887 0.99546927 0.09063356
v -0.07931749 0.00305340 -0.99684473
v -0.04302542 -0.00959112 -0.99902794
v -0.03967939 -0.01798556 -0.99905058
v -0.07776189 -0.00522921 -0.99695825
v -0.03844901 -0.02599924 -0.99892228
v -0.29166794 0.04638166 -0.95539445
v -0.42216900 0.10194833 -0.90076627
v -0.44006761 0.12533935 -0.88917408
v -0.29946851 0.06625808 -0.95180275
v -0.66330232 0.13943968 -0.73524595
v -0.44702181 0.14078415 -0.88337496
v -0.67384102 0.13029918 -0.72729664
v -0.99150525 0.11109405 0.06764215
v -0.99191451 0.11325110 0.05726954
v -0.74697924 0.17577989 0.64118909
v -0.75331539 0.17987111 0.63258384
v -0.58650538 0.13112164 0.79926126
v -0.44763115 0.01869433 0.89402286
v -0.31635239 -0.08612923 0.94472373
v -0.20763348 -0.10078980 0.97300039
v -0.30604916 -0.06622949 0.94970920
v -0.09960940 -0.10747202 0.98920561
v -0.14397466 -0.10777085 0.98369545
v -0.03650425 -0.10061291 0.99425574
v -0.06871522 -0.10538379 0.99205467
v -0.32667393 0.58237582 0.74439408
v -0.00570322 0.97012168 -0.24255183
v -0.01425846 0.96988805 -0.24313344
v -0.06372478 0.99130976 -0.11508306
v -0.02473720 0.90986223 -0.41417242
v -0.02673721 0.93605914 -0.35082533
v -0.01056707 0.91247065 -0.40900568
v -0.01866410 0.87878956 -0.47684438
v 0.00443348 0.95297066 -0.30303013
v 0.00714938 0.95463544 -0.29769123
v 0.00097231 0.94989552 -0.31256608
v 0.01131975 0.90431806 -0.42670915
v 0.00752286 0.92937787 -0.36905308
v -0.56362964 0.81164063 0.15349631
v -0.23561639 0.94988904 -0.20541600
v -0.45610049 0.87731453 -0.14930360
v -0.74836977 0.62291824 0.22784984
v -0.05985461 0.90882363 -0.41286443
v -0.05573897 0.88564282 -0.46100971
v -0.07449170 0.89560562 -0.43856763
v -0.09342581 0.91131444 -0.40097083
v -0.89835578 0.37458552 0.22943972
v -0.87314433 0.48745933 -0.00154417
v -0.90494971 0.42549429 0.00454214
v -0.91776377 0.34587563 0.19514021
v -0.13926388 0.92093336 -0.36398808
v -0.16610548 0.36021109 -0.91796347
v -0.18165399 0.46927538 -0.86416575
v -0.17707433 0.57064395 -0.80187915
v -0.10843087 0.81149590 -0.57421002
v -0.12130866 0.76666666 -0.63048112
v -0.14003470 0.75358423 -0.64226248
v -0.10937188 0.83597858 -0.53775237
v -0.13032045 0.84137033 -0.52451172
v -0.74638568 0.31101662 0.58836814
v -0.67641369 0.36068715 0.64215987
v -0.73881932 0.33806167 0.58297540
v -0.25706681 0.79033970 -0.55612932
v -0.18043735 0.81258946 -0.55420279
v -0.20929972 0.79438650 -0.57021375
v -0.29185310 0.76436190 -0.57495447
v -0.33041762 0.94311477 0.03686093
v -0.79825447 0.55866074 -0.22513990
v -0.72085691 0.64945535 -0.24201872
v -0.49451796 0.77850891 -0.38649174
v -0.64306830 0.66727679 -0.37577232
v -0.45856865 0.76773664 -0.44754357
v -0.32334884 0.84132154 -0.43315540
v -0.24512250 0.85746913 -0.45239545
v -0.35299789 0.80836299 -0.47110695
v -0.23678025 0.81034892 -0.53597551
v -0.16509296 0.83230031 -0.52916963
v -0.91131212 0.29415078 0.28807211
v -0.79929112 0.40153513 0.44710540
v -0.73265781 0.39070403 0.55728170
v -0.69665403 0.42829410 0.57553221
v -0.76507145 0.45398074 0.45669154
v -0.97099463 0.23513726 -0.04335782
v -0.96613413 0.21776115 0.13843741
v -0.92034990 0.28176560 -0.27122721
v -0.33555407 0.72530704 -0.60110994
v -0.79668901 0.38339703 -0.46721872
v -0.82058730 0.25918935 0.50936957
v -0.82060402 0.26877547 0.50434988
v -0.65486387 0.41539950 0.63134505
v -0.61195929 0.45552311 0.64653269
v -0.93291829 0.32945087 0.14534645
v -0.92293189 0.38485424 -0.00916179
v -0.40602954 0.71942809 -0.56352750
v -0.45326626 0.68415329 -0.57138775
v -0.64224488 0.55968113 -0.52371609
v -0.21426195 0.78429333 -0.58221628
v -0.24880044 0.77445992 -0.58164436
v -0.83285073 0.48542968 0.26592798
v -0.85689819 0.47518638 -0.19980843
v -0.74427263 0.56933342 -0.34916718
v -0.22698273 0.88150732 -0.41403344
v -0.34285015 0.85827817 -0.38185383
v -0.22849683 0.90051726 -0.36994306
v -0.14818512 0.90385426 -0.40135850
v -0.51584749 0.71157442 -0.47703586
v -0.45182525 0.73794478 -0.50128979
v -0.10881971 0.89569029 -0.43115794
v -0.16225973 0.88489538 -0.43661418
v -0.38151805 0.74284166 -0.55011840
v -0.56615073 0.49590172 0.65844881
v -0.48488599 0.51815230 0.70455927
v -0.43366333 0.55098236 0.71298987
v -0.58008145 0.44395923 0.68293903
v -0.53545196 0.48152432 0.69384834
v -0.62390238 0.40355922 0.66924269
v -0.38011746 0.57128543 0.72742262
v -0.95161221 0.30058224 -0.06391024
v -0.69759588 0.51172422 -0.50149607
v -0.79582612 0.43982994 -0.41618555
v -0.75755038 0.47461101 -0.44817609
v -0.93084811 0.32938149 -0.15820758
v -0.04923834 0.96706325 0.24972836
v -0.04815040 0.96937859 0.24080427
v -0.04480552 0.97585488 0.21377495
v -0.04422695 0.97686534 0.20923212
v -0.95139768 0.30107063 -0.06479919
v -0.95151345 0.30086917 -0.06403045
v -0.95189939 0.30020360 -0.06136247
v -0.95199054 0.30005555 -0.06066853
v -0.95191879 0.30018968 -0.06112911
v -0.95210232 0.29988590 -0.05974628
v -0.95216842 0.29976219 -0.05931216
v -0.95226602 0.29953869 -0.05887279
v -0.95199354 0.29999882 -0.06090170
v -0.95208415 0.29987015 -0.06011379
v -0.95208325 0.29987183 -0.06011970
v -0.95208335 0.29987130 -0.06012068
v -0.95208379 0.29987047 -0.06011787
v -0.95208355 0.29987075 -0.06012032
v -0.95208367 0.29987050 -0.06011969
v -0.95208407 0.29986989 -0.06011634
v -0.95208377 0.29987028 -0.06011920
v -0.95208432 0.29986935 -0.06011508
v -0.95208384 0.29987008 -0.06011895
v -0.95208377 0.29987015 -0.06011976
v -0.95208431 0.29986913 -0.06011627
v -0.95208443 0.29986904 -0.06011490
v -0.95208498 0.29986764 -0.06011310
v -0.95208404 0.29986952 -0.06011867
v -0.95208363 0.29987018 -0.06012189
v -0.95208420 0.29986887 -0.06011937
v -0.95208292 0.29987162 -0.06012595
v -0.95208272 0.29987200 -0.06012711
v -0.95208223 0.29987276 -0.06013113
v -0.95208263 0.29987197 -0.06012877
v -0.95208061 0.29987587 -0.06014131
v -0.95208075 0.29987536 -0.06014169
v -0.95208198 0.29987333 -0.06013230
v -0.95208196 0.29987349 -0.06013171
v -0.95208262 0.29987233 -0.06012714
v -0.95208272 0.29987220 -0.06012614
v -0.95208214 0.29987329 -0.06012993
v -0.95208514 0.29987029 -0.06009740
v -0.95208462 0.29986995 -0.06010728
v -0.95208606 0.29986713 -0.06009853
v -0.95208553 0.29986714 -0.06010695
v -0.95208770 0.29986342 -0.06009104
v -0.95208710 0.29986492 -0.06009303
v -0.95208529 0.29986778 -0.06010747
v -0.95208802 0.29986063 -0.06009990
v -0.95208691 0.29986388 -0.06010135
v -0.95208542 0.29986617 -0.06011348
v -0.95208544 0.29986705 -0.06010879
v -0.95208766 0.29986301 -0.06009373
v -0.95208317 0.29987063 -0.06012690
v -0.95208311 0.29987108 -0.06012561
v -0.95208228 0.29987350 -0.06012666
v -0.95208146 0.29987481 -0.06013313
v -0.95208248 0.29987278 -0.06012706
v -0.95208287 0.29987214 -0.06012407
v -0.95208345 0.29986950 -0.06012809
v -0.95207923 0.29987919 -0.06014658
v -0.95208086 0.29987663 -0.06013359
v -0.95208081 0.29987576 -0.06013868
v -0.95207811 0.29988070 -0.06015673
v -0.95208310 0.29987157 -0.06012322
v -0.95208334 0.29987115 -0.06012159
v -0.95208281 0.29987329 -0.06011931
v -0.95208215 0.29987248 -0.06013374
v -0.95208128 0.29987419 -0.06013908
v -0.95207966 0.29987654 -0.06015302
v -0.95208144 0.29987312 -0.06014178
v -0.95207266 0.29988950 -0.06019919
v -0.95207839 0.29987920 -0.06015990
v -0.95207786 0.29988061 -0.06016116
v -0.95208261 0.29987226 -0.06012756
v -0.95207268 0.29989046 -0.06019396
v -0.95208326 0.29987114 -0.06012290
v -0.95208327 0.29987112 -0.06012285
v -0.95208327 0.29987112 -0.06012282
v -0.95208326 0.29987114 -0.06012287
v -0.95208330 0.29987108 -0.06012264
v -0.95208331 0.29987106 -0.06012254
v -0.95208329 0.29987109 -0.06012265
v -0.95208329 0.29987110 -0.06012269
v -0.95208327 0.29987114 -0.06012285
v -0.95208327 0.29987112 -0.06012280
v -0.95208327 0.29987114 -0.06012283
v -0.95208326 0.29987115 -0.06012288
v -0.95208326 0.29987115 -0.06012289
v -0.95208325 0.29987116 -0.06012292
v -0.95208326 0.29987116 -0.06012288
v -0.95208325 0.29987117 -0.06012294
v -0.95208323 0.29987120 -0.06012303
v -0.95208322 0.29987122 -0.06012311
v -0.95208323 0.29987121 -0.06012308
v -0.95208324 0.29987119 -0.06012302
v -0.95208321 0.29987123 -0.06012319
v -0.95208322 0.29987122 -0.06012313
v -0.95208321 0.29987124 -0.06012318
v -0.95208320 0.29987126 -0.06012327
v -0.95208325 0.29987115 -0.06012298
v -0.95208326 0.29987114 -0.06012297
v -0.95208326 0.29987113 -0.06012292
v -0.95208326 0.29987115 -0.06012295
v -0.95208327 0.29987113 -0.06012278
v -0.95208327 0.29987114 -0.06012279
v -0.95208327 0.29987114 -0.06012282
v -0.95208327 0.29987113 -0.06012278
v -0.95208325 0.29987114 -0.06012311
v -0.95208326 0.29987110 -0.06012311
v -0.95208331 0.29987102 -0.06012276
v -0.95208327 0.29987110 -0.06012296
v -0.95208335 0.29987098 -0.06012230
v -0.95208338 0.29987092 -0.06012214
v -0.95208342 0.29987087 -0.06012175
v -0.95208337 0.29987095 -0.06012207
v -0.95208333 0.29987103 -0.06012245
v -0.95208334 0.29987101 -0.06012232
v -0.95208331 0.29987106 -0.06012249
v -0.95208329 0.29987109 -0.06012264
v -0.95208318 0.29987124 -0.06012366
v -0.95208319 0.29987125 -0.06012357
v -0.95208324 0.29987118 -0.06012298
v -0.95208324 0.29987118 -0.06012298
v -0.95208324 0.29987118 -0.06012298
v -0.95208324 0.29987118 -0.06012298
v -0.95208310 0.29987142 -0.06012409
v -0.95208308 0.29987147 -0.06012415
v -0.95208303 0.29987155 -0.06012451
v -0.95208306 0.29987147 -0.06012438
v -0.95208313 0.29987136 -0.06012382
v -0.95208313 0.29987139 -0.06012381
v -0.95208324 0.29987118 -0.06012298
v -0.95208324 0.29987118 -0.06012298
v -0.95208324 0.29987118 -0.06012298
v -0.95208324 0.29987118 -0.06012298
v -0.95208326 0.29987115 -0.06012290
v -0.95208326 0.29987115 -0.06012292
v -0.95208325 0.29987117 -0.06012296
v -0.95208325 0.29987116 -0.06012294
v -0.95208325 0.29987116 -0.06012292
v -0.95208325 0.29987116 -0.06012294
v -0.95208324 0.29987117 -0.06012301
v -0.95208325 0.29987116 -0.06012300
v -0.95208325 0.29987116 -0.06012297
v -0.95208325 0.29987117 -0.06012298
v -0.95208324 0.29987118 -0.06012308
v -0.95208324 0.29987118 -0.06012307
v -0.95208323 0.29987119 -0.06012311
v -0.95208323 0.29987119 -0.06012312
v -0.95208324 0.29987119 -0.06012306
v -0.95208324 0.29987119 -0.06012306
v -0.95208323 0.29987119 -0.06012307
v -0.95208323 0.29987119 -0.06012307
v -0.95208296 0.29987167 -0.06012501
v -0.95208301 0.29987155 -0.06012481
v -0.95208320 0.29987125 -0.06012328
v -0.95208320 0.29987125 -0.06012332
v -0.95208321 0.29987123 -0.06012324
v -0.95208321 0.29987123 -0.06012323
v -0.95208309 0.29987146 -0.06012398
v -0.95208304 0.29987155 -0.06012432
v -0.95208324 0.29987118 -0.06012299
v -0.95208324 0.29987118 -0.06012299
v -0.95208331 0.29987106 -0.06012247
v -0.95208329 0.29987110 -0.06012264
v -0.95208334 0.29987102 -0.06012225
v -0.95208337 0.29987097 -0.06012201
v -0.95208341 0.29987091 -0.06012170
v -0.95208325 0.29987117 -0.06012297
v -0.95208325 0.29987115 -0.06012295
v -0.95208325 0.29987116 -0.06012300
v -0.95208321 0.29987122 -0.06012325
v -0.95208321 0.29987123 -0.06012333
v -0.95208323 0.29987119 -0.06012319
v -0.95208323 0.29987120 -0.06012318
v -0.95208321 0.29987124 -0.06012328
v -0.95208321 0.29987122 -0.06012324
v -0.95208322 0.29987122 -0.06012320
v -0.95208321 0.29987122 -0.06012322
v -0.95208328 0.29987112 -0.06012275
v -0.95208328 0.29987113 -0.06012274
v -0.95208314 0.29987134 -0.06012388
v -0.95208312 0.29987135 -0.06012403
v -0.95208309 0.29987139 -0.06012435
v -0.95208326 0.29987113 -0.06012296
v -0.95208329 0.29987107 -0.06012285
v -0.95208330 0.29987105 -0.06012273
v -0.95208327 0.29987112 -0.06012292
v -0.95208328 0.29987110 -0.06012277
v -0.95208331 0.29987106 -0.06012262
v -0.95208328 0.29987110 -0.06012275
v -0.95208335 0.29987095 -0.06012241
v -0.95208335 0.29987092 -0.06012252
v -0.95208342 0.29987082 -0.06012196
v -0.95208325 0.29987109 -0.06012327
v -0.95208316 0.29987126 -0.06012390
v -0.95208342 0.29987078 -0.06012214
v -0.95208352 0.29987062 -0.06012132
v -0.95208327 0.29987103 -0.06012326
v -0.95208314 0.29987127 -0.06012417
v -0.95208285 0.29987191 -0.06012559
v -0.95208283 0.29987189 -0.06012593
v -0.95208297 0.29987169 -0.06012479
v -0.95208352 0.29987070 -0.06012102
v -0.95208345 0.29987079 -0.06012164
v -0.95208357 0.29987057 -0.06012083
v -0.95208347 0.29987081 -0.06012118
v -0.95208328 0.29987111 -0.06012272
v -0.95208328 0.29987111 -0.06012274
v -0.95208328 0.29987112 -0.06012276
v -0.95208328 0.29987112 -0.06012275
v -0.95208325 0.29987117 -0.06012295
v -0.95208325 0.29987117 -0.06012294
v -0.95208325 0.29987116 -0.06012291
v -0.95208323 0.29987118 -0.06012322
v -0.95208319 0.29987124 -0.06012347
v -0.95208325 0.29987117 -0.06012298
v -0.95208324 0.29987118 -0.06012298
v -0.95208324 0.29987118 -0.06012298
v -0.95208325 0.29987117 -0.06012298
v -0.95208324 0.29987118 -0.06012298
v -0.95208324 0.29987118 -0.06012300
v -0.95208325 0.29987117 -0.06012298
v -0.95208324 0.29987118 -0.06012298
v -0.95208324 0.29987118 -0.06012299
v -0.95208323 0.29987120 -0.06012309
v -0.95208323 0.29987120 -0.06012310
v -0.95208324 0.29987119 -0.06012302
v -0.95208324 0.29987118 -0.06012299
v -0.95208324 0.29987118 -0.06012297
v -0.95208324 0.29987118 -0.06012304
v -0.95208324 0.29987118 -0.06012305
v -0.95208324 0.29987119 -0.06012307
v -0.95208325 0.29987117 -0.06012298
v -0.95208324 0.29987117 -0.06012299
v -0.95208324 0.29987118 -0.06012300
v -0.95208325 0.29987117 -0.06012300
v -0.95208318 0.29987128 -0.06012344
v -0.95208319 0.29987126 -0.06012338
v -0.95208324 0.29987118 -0.06012298
v -0.95208324 0.29987118 -0.06012298
v -0.95208292 0.29987169 -0.06012553
v -0.95208303 0.29987147 -0.06012485
v -0.95208324 0.29987117 -0.06012304
v -0.95208324 0.29987118 -0.06012295
v -0.95208325 0.29987116 -0.06012304
v -0.95208322 0.29987121 -0.06012314
v -0.95208322 0.29987121 -0.06012315
v -0.95208323 0.29987121 -0.06012312
v -0.95208323 0.29987121 -0.06012312
v -0.95208324 0.29987118 -0.06012299
v -0.95208324 0.29987118 -0.06012299
v -0.95208324 0.29987118 -0.06012299
v -0.95208324 0.29987118 -0.06012299
v -0.95208325 0.29987117 -0.06012297
v -0.95208325 0.29987117 -0.06012296
v -0.95208325 0.29987117 -0.06012297
v -0.95208325 0.29987117 -0.06012298
v -0.95208325 0.29987117 -0.06012296
v -0.95208325 0.29987117 -0.06012297
v -0.95208324 0.29987118 -0.06012299
v -0.95208324 0.29987118 -0.06012299
v -0.95208324 0.29987118 -0.06012299
v -0.95208324 0.29987118 -0.06012299
v -0.95208318 0.29987130 -0.06012337
v -0.95208317 0.29987132 -0.06012349
v -0.95208319 0.29987127 -0.06012334
v -0.95208321 0.29987124 -0.06012325
v -0.95208322 0.29987122 -0.06012318
v -0.95208322 0.29987122 -0.06012314
v -0.95208319 0.29987128 -0.06012339
v -0.95208324 0.29987118 -0.06012302
v -0.95208324 0.29987118 -0.06012301
v -0.95208324 0.29987119 -0.06012303
v -0.95208324 0.29987118 -0.06012310
v -0.95208324 0.29987118 -0.06012298
v -0.95208328 0.29987116 -0.06012253
v -0.95208322 0.29987127 -0.06012296
v -0.95208322 0.29987125 -0.06012299
v -0.95208327 0.29987116 -0.06012264
v -0.95208324 0.29987118 -0.06012298
v -0.95208324 0.29987118 -0.06012298
v -0.95208323 0.29987120 -0.06012312
v -0.95208323 0.29987120 -0.06012311
v -0.95208323 0.29987120 -0.06012312
v -0.95208323 0.29987121 -0.06012313
v -0.95208316 0.29987133 -0.06012356
v -0.95208322 0.29987122 -0.06012320
v -0.95208322 0.29987122 -0.06012320
v -0.95208313 0.29987138 -0.06012370
v -0.95208316 0.29987135 -0.06012351
v -0.95208313 0.29987141 -0.06012367
v -0.95208323 0.29987120 -0.06012309
v -0.95208320 0.29987127 -0.06012325
v -0.95208318 0.29987131 -0.06012335
v -0.95208316 0.29987135 -0.06012340
v -0.95208314 0.29987140 -0.06012349
v -0.95208309 0.29987148 -0.06012385
v -0.95208324 0.29987118 -0.06012299
v -0.95208324 0.29987118 -0.06012299
v -0.95208304 0.29987160 -0.06012419
v -0.95208294 0.29987180 -0.06012479
v -0.95208304 0.29987163 -0.06012398
v -0.95208311 0.29987148 -0.06012365
v -0.95208320 0.29987127 -0.06012318
v -0.95208323 0.29987123 -0.06012300
v -0.95208321 0.29987125 -0.06012315
v -0.95208323 0.29987122 -0.06012304
v -0.95208323 0.29987120 -0.06012306
v -0.95208324 0.29987118 -0.06012299
v -0.95208324 0.29987118 -0.06012299
v -0.95208324 0.29987118 -0.06012299
v -0.95208324 0.29987118 -0.06012299
v -0.95208324 0.29987118 -0.06012299
v -0.95208324 0.29987118 -0.06012299
v -0.95208325 0.29987118 -0.06012291
v -0.95208324 0.29987118 -0.06012301
v -0.95208326 0.29987116 -0.06012275
v -0.95208326 0.29987116 -0.06012283
v -0.95208327 0.29987113 -0.06012273
v -0.95208332 0.29987107 -0.06012237
v -0.95208330 0.29987109 -0.06012253
v -0.95208336 0.29987102 -0.06012196
v -0.95208333 0.29987105 -0.06012221
v -0.95208341 0.29987095 -0.06012154
v -0.95208329 0.29987111 -0.06012264
v -0.95208324 0.29987118 -0.06012299
v -0.95208324 0.29987118 -0.06012299
v -0.95208329 0.29987115 -0.06012237
v -0.95208331 0.29987115 -0.06012213
v -0.95208328 0.29987111 -0.06012276
v -0.95208324 0.29987117 -0.06012310
v -0.95208325 0.29987115 -0.06012304
v -0.95208320 0.29987124 -0.06012338
v -0.95208323 0.29987119 -0.06012320
v -0.95208318 0.29987138 -0.06012297
v -0.95208360 0.29987042 -0.06012120
v -0.95208336 0.29987080 -0.06012295
v -0.95208291 0.29987191 -0.06012467
v -0.95208324 0.29987118 -0.06012299
v -0.95208323 0.29987119 -0.06012306
v -0.95208323 0.29987120 -0.06012307
v -0.95208329 0.29987110 -0.06012269
v -0.95208328 0.29987111 -0.06012272
v -0.95208328 0.29987111 -0.06012273
v -0.95208328 0.29987111 -0.06012272
v -0.95208329 0.29987110 -0.06012269
v -0.95208328 0.29987111 -0.06012269
v -0.95208325 0.29987114 -0.06012302
v -0.95208324 0.29987116 -0.06012310
v -0.95208316 0.29987132 -0.06012360
v -0.95208318 0.29987128 -0.06012352
v -0.95208325 0.29987117 -0.06012297
v -0.95208325 0.29987117 -0.06012297
v -0.95208324 0.29987118 -0.06012298
v -0.95208324 0.29987118 -0.06012299
v -0.95208324 0.29987118 -0.06012302
v -0.95208324 0.29987118 -0.06012300
v -0.95208331 0.29987105 -0.06012265
v -0.95208328 0.29987111 -0.06012284
v -0.95208327 0.29987112 -0.06012279
v -0.95208327 0.29987112 -0.06012278
v -0.95208324 0.29987117 -0.06012302
v -0.95208323 0.29987120 -0.06012307
v -0.95208324 0.29987119 -0.06012305
v -0.95208324 0.29987118 -0.06012302
v -0.95208324 0.29987118 -0.06012299
v -0.95208324 0.29987118 -0.06012299
v -0.95208324 0.29987118 -0.06012299
v -0.95208323 0.29987119 -0.06012310
v -0.95208323 0.29987120 -0.06012309
v -0.95208323 0.29987119 -0.06012307
v -0.95208322 0.29987122 -0.06012320
v -0.95208321 0.29987131 -0.06012294
v -0.95208324 0.29987118 -0.06012299
v -0.95208324 0.29987118 -0.06012299
v -0.95208324 0.29987118 -0.06012299
v -0.95208324 0.29987118 -0.06012299
v -0.95208316 0.29987131 -0.06012367
v -0.95208325 0.29987115 -0.06012300
v -0.95208313 0.29987123 -0.06012461
v -0.95208328 0.29987111 -0.06012271
v -0.95208328 0.29987112 -0.06012274
v -0.95208324 0.29987118 -0.06012303
v -0.95208322 0.29987122 -0.06012317
v -0.95208323 0.29987121 -0.06012312
v -0.95208323 0.29987120 -0.06012311
v -0.95208323 0.29987120 -0.06012309
v -0.95208323 0.29987120 -0.06012309
v -0.95208324 0.29987118 -0.06012299
v -0.95208324 0.29987118 -0.06012299
v -0.95208324 0.29987118 -0.06012299
v -0.95208324 0.29987118 -0.06012299
v -0.95208324 0.29987118 -0.06012299
v -0.95208324 0.29987118 -0.06012299
v -0.95208324 0.29987118 -0.06012299
v -0.95208324 0.29987118 -0.06012299
v -0.95208324 0.29987118 -0.06012299
v -0.95208324 0.29987118 -0.06012299
v -0.95208324 0.29987118 -0.06012299
v -0.95208324 0.29987118 -0.06012299
v -0.95208324 0.29987118 -0.06012299
v -0.95208324 0.29987118 -0.06012299
v -0.95208324 0.29987118 -0.06012299
v -0.95208324 0.29987118 -0.06012299
v -0.95208324 0.29987118 -0.06012299
v -0.95208324 0.29987118 -0.06012299
v -0.95208324 0.29987118 -0.06012299
v -0.95208324 0.29987118 -0.06012299
v -0.95208324 0.29987118 -0.06012299
v -0.95208324 0.29987118 -0.06012299
v -0.95208324 0.29987118 -0.06012299
v -0.95208324 0.29987118 -0.06012299
v -0.95208324 0.29987118 -0.06012299
v -0.95208324 0.29987118 -0.06012299
v -0.95208324 0.29987118 -0.06012299
v -0.95208324 0.29987118 -0.06012299
v -0.95208324 0.29987118 -0.06012299
v -0.95208324 0.29987118 -0.06012299
v -0.95208324 0.29987118 -0.06012299
v -0.95208324 0.29987118 -0.06012299
v -0.95208324 0.29987118 -0.06012299
v -0.95208324 0.29987118 -0.06012299
v -0.95208324 0.29987118 -0.06012299
v -0.95208324 0.29987118 -0.06012299
v -0.95208324 0.29987118 -0.06012299
v -0.95208324 0.29987118 -0.06012299
v -0.95208324 0.29987118 -0.06012299
v -0.95208324 0.29987118 -0.06012299
v -0.95208324 0.29987118 -0.06012299
v -0.95208324 0.29987118 -0.06012299
v -0.95208324 0.29987118 -0.06012299
v -0.95208324 0.29987118 -0.06012299
v -0.95208324 0.29987118 -0.06012299
v -0.95208324 0.29987118 -0.06012299
v -0.95208324 0.29987118 -0.06012299
v -0.95208324 0.29987118 -0.06012299
v -0.95208324 0.29987118 -0.06012299
v -0.95208324 0.29987118 -0.06012299
v -0.95208324 0.29987118 -0.06012299
v -0.95208324 0.29987118 -0.06012299
v -0.95208324 0.29987118 -0.06012299
v -0.95208324 0.29987118 -0.06012299
v -0.95208324 0.29987118 -0.06012299
v -0.95208324 0.29987118 -0.06012299
v -0.95208324 0.29987118 -0.06012299
v -0.95208324 0.29987118 -0.06012299
v -0.95208324 0.29987118 -0.06012299
v -0.95208324 0.29987118 -0.06012299
v -0.95208324 0.29987118 -0.06012299
v -0.95208324 0.29987118 -0.06012299
v -0.95208324 0.29987119 -0.06012304
v -0.95208324 0.29987119 -0.06012304
v -0.95208324 0.29987119 -0.06012304
v -0.95208324 0.29987119 -0.06012304
v -0.95208324 0.29987119 -0.06012304
v -0.95208324 0.29987119 -0.06012304
v -0.95208324 0.29987119 -0.06012304
v -0.95208324 0.29987119 -0.06012304
v -0.95208324 0.29987119 -0.06012304
v -0.95208324 0.29987119 -0.06012304
v -0.95208324 0.29987119 -0.06012304
v -0.95208324 0.29987119 -0.06012304
v -0.95208324 0.29987119 -0.06012303
v -0.95208324 0.29987119 -0.06012304
v -0.95208324 0.29987119 -0.06012305
v -0.95208324 0.29987119 -0.06012305
v -0.95208324 0.29987119 -0.06012304
v -0.95208324 0.29987119 -0.06012304
v -0.95208324 0.29987119 -0.06012305
v -0.95208324 0.29987119 -0.06012304
v -0.95208324 0.29987119 -0.06012304
v -0.95208324 0.29987119 -0.06012304
v -0.95208324 0.29987119 -0.06012303
v -0.95208324 0.29987119 -0.06012304
v -0.95208324 0.29987119 -0.06012303
v -0.95208324 0.29987119 -0.06012305
v -0.95208324 0.29987119 -0.06012305
v -0.95208324 0.29987119 -0.06012305
v -0.95208324 0.29987119 -0.06012305
v -0.95208324 0.29987119 -0.06012304
v -0.95208324 0.29987119 -0.06012304
v -0.95208324 0.29987119 -0.06012304
v -0.95208324 0.29987119 -0.06012304
v -0.95208324 0.29987119 -0.06012304
v -0.95208324 0.29987119 -0.06012304
v -0.95208324 0.29987119 -0.06012304
v -0.95208324 0.29987119 -0.06012304
v -0.95208324 0.29987119 -0.06012304
v -0.95208324 0.29987119 -0.06012304
v -0.95208324 0.29987119 -0.06012304
v -0.95208324 0.29987119 -0.06012304
v -0.95208324 0.29987119 -0.06012304
v -0.95208324 0.29987119 -0.06012304
v -0.95208324 0.29987119 -0.06012305
v -0.95208324 0.29987119 -0.06012304
v -0.95208324 0.29987119 -0.06012304
v -0.95208324 0.29987119 -0.06012304
v -0.95208324 0.29987119 -0.06012304
v -0.95208324 0.29987119 -0.06012304
v -0.95208324 0.29987119 -0.06012304
v -0.95208324 0.29987119 -0.06012304
v -0.95208324 0.29987119 -0.06012304
v -0.95208324 0.29987119 -0.06012304
v -0.95208324 0.29987119 -0.06012304
v -0.95208324 0.29987119 -0.06012304
v -0.95208324 0.29987119 -0.06012304
v -0.95208324 0.29987119 -0.06012304
v -0.95208324 0.29987119 -0.06012304
v -0.95208324 0.29987119 -0.06012304
v -0.95208324 0.29987119 -0.06012304
v -0.95208324 0.29987119 -0.06012304
v -0.95208324 0.29987119 -0.06012304
v -0.95208324 0.29987119 -0.06012304
v -0.95208324 0.29987119 -0.06012304
v -0.95208324 0.29987119 -0.06012304
v -0.95208324 0.29987119 -0.06012304
v -0.95208324 0.29987119 -0.06012304
v -0.95208324 0.29987119 -0.06012304
v -0.95208324 0.29987119 -0.06012304
v -0.95208324 0.29987119 -0.06012304
v -0.95208324 0.29987119 -0.06012304
v -0.95208324 0.29987119 -0.06012304
v -0.95208324 0.29987119 -0.06012304
v -0.95208324 0.29987119 -0.06012304
v -0.95208324 0.29987119 -0.06012304
v -0.95208324 0.29987119 -0.06012304
v -0.95208324 0.29987119 -0.06012304
v -0.95208324 0.29987119 -0.06012304
v -0.95208324 0.29987119 -0.06012304
v -0.95208324 0.29987119 -0.06012304
v -0.95208324 0.29987119 -0.06012304
v -0.95208324 0.29987119 -0.06012304
v -0.95208324 0.29987119 -0.06012304
v -0.95208324 0.29987119 -0.06012304
v -0.95208324 0.29987119 -0.06012304
v -0.95208324 0.29987119 -0.06012304
v -0.95208324 0.29987119 -0.06012304
v -0.95208324 0.29987119 -0.06012304
v -0.95208324 0.29987119 -0.06012304
v -0.95208324 0.29987119 -0.06012304
v -0.95208324 0.29987119 -0.06012304
v -0.95208324 0.29987119 -0.06012304
v -0.95208324 0.29987119 -0.06012304
v -0.95208324 0.29987119 -0.06012304
v -0.95208324 0.29987119 -0.06012304
v -0.95208324 0.29987119 -0.06012304
v -0.95208324 0.29987119 -0.06012304
v -0.95208324 0.29987119 -0.06012304
v -0.95208324 0.29987119 -0.06012304
v -0.95208324 0.29987119 -0.06012304
v -0.95208324 0.29987119 -0.06012304
v -0.95208324 0.29987119 -0.06012304
v -0.95208324 0.29987119 -0.06012304
v -0.95208324 0.29987119 -0.06012304
v -0.95208324 0.29987119 -0.06012304
v -0.95208324 0.29987119 -0.06012304
v -0.95208324 0.29987119 -0.06012304
v -0.95208324 0.29987119 -0.06012304
v -0.95208324 0.29987119 -0.06012304
v -0.95208324 0.29987119 -0.06012304
v -0.95208324 0.29987119 -0.06012304
v -0.95208324 0.29987119 -0.06012304
v -0.95208323 0.29987120 -0.06012310
v -0.95208323 0.29987120 -0.06012310
v -0.95208323 0.29987120 -0.06012310
v -0.95208323 0.29987120 -0.06012310
v -0.95208323 0.29987120 -0.06012310
v -0.95208323 0.29987120 -0.06012310
v -0.95208323 0.29987120 -0.06012310
v -0.95208323 0.29987120 -0.06012310
v -0.95208323 0.29987120 -0.06012310
v -0.95208323 0.29987120 -0.06012310
v -0.95208323 0.29987120 -0.06012310
v -0.95208323 0.29987120 -0.06012310
v -0.95208323 0.29987120 -0.06012309
v -0.95208323 0.29987120 -0.06012309
v -0.95208323 0.29987120 -0.06012310
v -0.95208323 0.29987120 -0.06012310
v -0.95208323 0.29987120 -0.06012310
v -0.95208323 0.29987120 -0.06012310
v -0.95208323 0.29987120 -0.06012310
v -0.95208323 0.29987120 -0.06012310
v -0.95208323 0.29987120 -0.06012309
v -0.95208323 0.29987120 -0.06012309
v -0.95208323 0.29987120 -0.06012309
v -0.95208323 0.29987120 -0.06012310
v -0.95208323 0.29987120 -0.06012310
v -0.95208323 0.29987120 -0.06012311
v -0.95208323 0.29987120 -0.06012311
v -0.95208323 0.29987120 -0.06012310
v -0.95208323 0.29987120 -0.06012310
v -0.95208323 0.29987120 -0.06012310
v -0.95208323 0.29987120 -0.06012310
v -0.95208323 0.29987120 -0.06012310
v -0.95208323 0.29987120 -0.06012310
v -0.95208323 0.29987120 -0.06012310
v -0.95208323 0.29987120 -0.06012310
v -0.95208323 0.29987120 -0.06012310
v -0.95208323 0.29987120 -0.06012310
v -0.95208323 0.29987120 -0.06012310
v -0.95208323 0.29987120 -0.06012310
v -0.95208323 0.29987120 -0.06012310
v -0.95208323 0.29987120 -0.06012310
v -0.95208323 0.29987120 -0.06012310
v -0.95208323 0.29987120 -0.06012311
v -0.95208323 0.29987120 -0.06012310
v -0.95208323 0.29987120 -0.06012310
v -0.95208323 0.29987120 -0.06012310
v -0.95208323 0.29987120 -0.06012310
v -0.95208323 0.29987120 -0.06012310
v -0.95208323 0.29987120 -0.06012310
v -0.95208323 0.29987120 -0.06012310
v -0.95208323 0.29987120 -0.06012310
v -0.95208323 0.29987120 -0.06012310
v -0.95208323 0.29987120 -0.06012310
v -0.95208323 0.29987120 -0.06012310
v -0.95208323 0.29987120 -0.06012310
v -0.95208323 0.29987120 -0.06012310
v -0.95208323 0.29987120 -0.06012310
v -0.95208323 0.29987120 -0.06012310
v -0.95208323 0.29987120 -0.06012310
v -0.95208323 0.29987120 -0.06012310
v -0.95208323 0.29987120 -0.06012310
v -0.95208323 0.29987120 -0.06012310
v -0.95208323 0.29987120 -0.06012310
v -0.95208323 0.29987120 -0.06012310
v -0.95208323 0.29987120 -0.06012310
v -0.95208323 0.29987120 -0.06012310
v -0.95208323 0.29987120 -0.06012310
v -0.95208323 0.29987120 -0.06012310
v -0.95208323 0.29987120 -0.06012310
v -0.95208323 0.29987120 -0.06012310
v -0.95208323 0.29987120 -0.06012310
v -0.95208323 0.29987120 -0.06012310
v -0.95208323 0.29987120 -0.06012310
v -0.95208323 0.29987120 -0.06012310
v -0.95208323 0.29987120 -0.06012310
v -0.95208323 0.29987120 -0.06012310
v -0.95208323 0.29987120 -0.06012310
v -0.95208323 0.29987120 -0.06012310
v -0.95208323 0.29987120 -0.06012310
v -0.95208323 0.29987120 -0.06012310
v -0.95208323 0.29987120 -0.06012310
v -0.95208323 0.29987120 -0.06012310
v -0.95208323 0.29987120 -0.06012310
v -0.95208323 0.29987120 -0.06012310
v -0.95208323 0.29987120 -0.06012310
v -0.95208323 0.29987120 -0.06012310
v -0.95208323 0.29987120 -0.06012310
v -0.95208323 0.29987120 -0.06012310
v -0.95208323 0.29987120 -0.06012310
v -0.95208323 0.29987120 -0.06012310
v -0.95208323 0.29987120 -0.06012310
v -0.95208323 0.29987120 -0.06012310
v -0.95208323 0.29987120 -0.06012310
v -0.95208323 0.29987120 -0.06012310
v -0.95208323 0.29987120 -0.06012310
v -0.95208323 0.29987120 -0.06012310
v -0.95208323 0.29987120 -0.06012310
v -0.95208323 0.29987120 -0.06012310
v -0.95208323 0.29987120 -0.06012310
v -0.95208323 0.29987120 -0.06012310
v -0.95208323 0.29987120 -0.06012310
v -0.95208323 0.29987120 -0.06012310
v -0.95208323 0.29987120 -0.06012310
v -0.95208323 0.29987120 -0.06012310
v -0.95208323 0.29987120 -0.06012310
v -0.95208323 0.29987120 -0.06012310
v -0.95208323 0.29987120 -0.06012310
v -0.95208323 0.29987120 -0.06012310
v -0.95208323 0.29987120 -0.06012310
v -0.95208323 0.29987120 -0.06012310
v -0.95208323 0.29987120 -0.06012310
v -0.95208323 0.29987120 -0.06012310
v -0.95208322 0.29987121 -0.06012316
v -0.95208322 0.29987121 -0.06012316
v -0.95208322 0.29987121 -0.06012316
v -0.95208322 0.29987121 -0.06012316
v -0.95208322 0.29987121 -0.06012316
v -0.95208322 0.29987121 -0.06012316
v -0.95208322 0.29987121 -0.06012316
v -0.95208322 0.29987121 -0.06012316
v -0.95208322 0.29987121 -0.06012316
v -0.95208322 0.29987121 -0.06012316
v -0.95208322 0.29987121 -0.06012316
v -0.95208322 0.29987121 -0.06012316
v -0.95208322 0.29987121 -0.06012315
v -0.95208322 0.29987121 -0.06012316
v -0.95208322 0.29987122 -0.06012318
v -0.95208322 0.29987121 -0.06012317
v -0.95208322 0.29987121 -0.06012316
v -0.95208322 0.29987121 -0.06012317
v -0.95208322 0.29987121 -0.06012316
v -0.95208322 0.29987121 -0.06012316
v -0.95208322 0.29987121 -0.06012316
v -0.95208322 0.29987121 -0.06012316
v -0.95208322 0.29987121 -0.06012316
v -0.95208322 0.29987121 -0.06012316
v -0.95208322 0.29987121 -0.06012316
v -0.95208322 0.29987121 -0.06012315
v -0.95208322 0.29987121 -0.06012315
v -0.95208322 0.29987121 -0.06012316
v -0.95208322 0.29987121 -0.06012315
v -0.95208322 0.29987121 -0.06012316
v -0.95208322 0.29987121 -0.06012317
v -0.95208322 0.29987122 -0.06012318
v -0.95208322 0.29987122 -0.06012318
v -0.95208322 0.29987121 -0.06012316
v -0.95208322 0.29987121 -0.06012316
v -0.95208322 0.29987121 -0.06012316
v -0.95208322 0.29987121 -0.06012316
v -0.95208322 0.29987121 -0.06012316
v -0.95208322 0.29987121 -0.06012316
v -0.95208322 0.29987121 -0.06012316
v -0.95208322 0.29987121 -0.06012316
v -0.95208322 0.29987121 -0.06012316
v -0.95208322 0.29987121 -0.06012316
v -0.95208322 0.29987121 -0.06012316
v -0.95208322 0.29987121 -0.06012316
v -0.95208322 0.29987121 -0.06012316
v -0.95208322 0.29987121 -0.06012316
v -0.95208322 0.29987122 -0.06012317
v -0.95208322 0.29987121 -0.06012316
v -0.95208322 0.29987121 -0.06012316
v -0.95208322 0.29987121 -0.06012316
v -0.95208322 0.29987121 -0.06012316
v -0.95208322 0.29987121 -0.06012316
v -0.95208322 0.29987121 -0.06012316
v -0.95208322 0.29987121 -0.06012316
v -0.95208322 0.29987121 -0.06012316
v -0.95208322 0.29987121 -0.06012316
v -0.95208322 0.29987121 -0.06012316
v -0.95208322 0.29987121 -0.06012316
v -0.95208322 0.29987121 -0.06012316
v -0.95208322 0.29987121 -0.06012316
v -0.95208322 0.29987121 -0.06012316
v -0.95208322 0.29987121 -0.06012316
v -0.95208322 0.29987121 -0.06012316
v -0.95208322 0.29987121 -0.06012316
v -0.95208322 0.29987121 -0.06012316
v -0.95208322 0.29987121 -0.06012316
v -0.95208322 0.29987121 -0.06012316
v -0.95208322 0.29987121 -0.06012316
v -0.95208322 0.29987121 -0.06012316
v -0.95208322 0.29987121 -0.06012316
v -0.95208322 0.29987121 -0.06012316
v -0.95208322 0.29987121 -0.06012316
v -0.95208322 0.29987121 -0.06012316
v -0.95208322 0.29987121 -0.06012316
v -0.95208322 0.29987121 -0.06012316
v -0.95208322 0.29987121 -0.06012316
v -0.95208322 0.29987121 -0.06012316
v -0.95208322 0.29987121 -0.06012316
v -0.95208322 0.29987121 -0.06012316
v -0.95208322 0.29987121 -0.06012316
v -0.95208322 0.29987121 -0.06012316
v -0.95208322 0.29987121 -0.06012316
v -0.95208322 0.29987121 -0.06012316
v -0.95208322 0.29987121 -0.06012316
v -0.95208322 0.29987121 -0.06012316
v -0.95208322 0.29987121 -0.06012316
v -0.95208322 0.29987121 -0.06012316
v -0.95208322 0.29987121 -0.06012316
v -0.95208322 0.29987121 -0.06012316
v -0.95208322 0.29987121 -0.06012316
v -0.95208322 0.29987121 -0.06012316
v -0.95208322 0.29987121 -0.06012316
v -0.95208322 0.29987121 -0.06012316
v -0.95208322 0.29987121 -0.06012316
v -0.95208322 0.29987121 -0.06012316
v -0.95208322 0.29987121 -0.06012316
v -0.95208322 0.29987121 -0.06012316
v -0.95208322 0.29987121 -0.06012316
v -0.95208322 0.29987121 -0.06012316
v -0.95208322 0.29987121 -0.06012316
v -0.95208322 0.29987121 -0.06012316
v -0.95208322 0.29987121 -0.06012316
v -0.95208322 0.29987121 -0.06012316
v -0.95208322 0.29987121 -0.06012316
v -0.95208322 0.29987121 -0.06012316
v -0.95208322 0.29987121 -0.06012316
v -0.95208322 0.29987121 -0.06012316
v -0.95208322 0.29987121 -0.06012316
v -0.95208322 0.29987121 -0.06012316
v -0.95208322 0.29987121 -0.06012316
v -0.95208322 0.29987121 -0.06012316
v -0.95208322 0.29987121 -0.06012316
v -0.95208322 0.29987121 -0.06012316
v -0.95208322 0.29987121 -0.06012316
v -0.95208322 0.29987121 -0.06012316
v -0.95208322 0.29987122 -0.06012319
v -0.95208328 0.29987112 -0.06012275
v -0.95208328 0.29987112 -0.06012276
v -0.95208328 0.29987112 -0.06012275
v -0.95208328 0.29987112 -0.06012276
v -0.95208328 0.29987112 -0.06012275
v -0.95208328 0.29987112 -0.06012274
v -0.95208328 0.29987112 -0.06012274
v -0.95208328 0.29987112 -0.06012276
v -0.95208328 0.29987112 -0.06012275
v -0.95208328 0.29987112 -0.06012274
v -0.95208328 0.29987112 -0.06012275
v -0.95208328 0.29987112 -0.06012275
v -0.95208328 0.29987112 -0.06012275
v -0.95208328 0.29987112 -0.06012275
v -0.95208328 0.29987112 -0.06012275
v -0.95208328 0.29987112 -0.06012275
v -0.95208328 0.29987112 -0.06012275
v -0.95208328 0.29987112 -0.06012276
v -0.95208328 0.29987112 -0.06012275
v -0.95208328 0.29987112 -0.06012275
v -0.95208328 0.29987112 -0.06012275
v -0.95208328 0.29987112 -0.06012275
v -0.95208328 0.29987112 -0.06012275
v -0.95208328 0.29987112 -0.06012275
v -0.95208328 0.29987112 -0.06012275
v -0.95208328 0.29987112 -0.06012275
v -0.95208328 0.29987112 -0.06012275
v -0.95208328 0.29987112 -0.06012275
v -0.95208328 0.29987112 -0.06012275
v -0.95208328 0.29987112 -0.06012275
v -0.95208328 0.29987112 -0.06012275
v -0.95208328 0.29987112 -0.06012275
v -0.95208328 0.29987112 -0.06012275
v -0.95208328 0.29987112 -0.06012275
v -0.95208328 0.29987112 -0.06012275
v -0.95208328 0.29987112 -0.06012275
v -0.95208328 0.29987112 -0.06012275
v -0.95208328 0.29987112 -0.06012275
v -0.95208328 0.29987112 -0.06012275
v -0.95208328 0.29987112 -0.06012275
v -0.95208328 0.29987112 -0.06012275
v -0.95208328 0.29987112 -0.06012275
v -0.95208328 0.29987112 -0.06012275
v -0.95208328 0.29987112 -0.06012275
v -0.95208328 0.29987112 -0.06012275
v -0.95208328 0.29987112 -0.06012275
v -0.95208328 0.29987112 -0.06012275
v -0.95208328 0.29987112 -0.06012275
v -0.95208328 0.29987112 -0.06012275
v -0.95208328 0.29987112 -0.06012275
v -0.95208328 0.29987112 -0.06012275
v -0.95208328 0.29987112 -0.06012275
v -0.95208328 0.29987112 -0.06012275
v -0.95208328 0.29987112 -0.06012275
v -0.95208328 0.29987112 -0.06012275
v -0.95208328 0.29987112 -0.06012275
v -0.95208328 0.29987112 -0.06012275
v -0.95208328 0.29987112 -0.06012275
v -0.95208328 0.29987112 -0.06012275
v -0.95208328 0.29987112 -0.06012275
v -0.95208328 0.29987112 -0.06012275
v -0.95208328 0.29987112 -0.06012275
v -0.95208328 0.29987112 -0.06012275
v -0.95208328 0.29987112 -0.06012275
v -0.95208328 0.29987112 -0.06012275
v -0.95208328 0.29987112 -0.06012275
v -0.95208328 0.29987112 -0.06012275
v -0.95208328 0.29987112 -0.06012275
v -0.95208328 0.29987112 -0.06012275
v -0.95208328 0.29987112 -0.06012275
v -0.95208328 0.29987112 -0.06012275
v -0.95208328 0.29987112 -0.06012275
v -0.95208322 0.29987121 -0.06012318
v -0.95208322 0.29987121 -0.06012316
v -0.95208322 0.29987121 -0.06012318
v -0.95208322 0.29987121 -0.06012321
v -0.95208321 0.29987123 -0.06012329
v -0.95208323 0.29987120 -0.06012316
v -0.95208323 0.29987120 -0.06012314
v -0.95208323 0.29987120 -0.06012313
v -0.95208323 0.29987119 -0.06012313
v -0.03680542 0.98797236 0.15018649
v -0.03681770 0.98792127 0.15051917
v -0.03734602 0.98737544 0.15393183
v -0.03714539 0.98763921 0.15227937
v -0.03774311 0.98683621 0.15725699
v -0.03757194 0.98707224 0.15580995
v -0.03695752 0.98771598 0.15182650
v -0.03724103 0.98734183 0.15417265
v -0.03790722 0.98650445 0.15928594
v -0.03802308 0.98636197 0.16013838
v -0.03805366 0.98632928 0.16033238
v -0.03803058 0.98637248 0.16007185
v -0.03792465 0.98653756 0.15907659
v -0.03680726 0.98804267 0.14972275
v -0.03678243 0.98805178 0.14966876
v -0.03680065 0.98800480 0.14997407
v -0.03780870 0.98672146 0.15795971
v -0.03703531 0.98777824 0.15140188
v -0.03688712 0.98795488 0.15028139
v -0.03759876 0.98689015 0.15695272
v -0.03739477 0.98723445 0.15482176
v -0.03722650 0.98746248 0.15340157
v -0.03713840 0.98752231 0.15303733
v -0.03737502 0.98720778 0.15499650
v -0.03783465 0.98662264 0.15856958
v -0.03769142 0.98681859 0.15737988
v -0.03713742 0.98761217 0.15245658
v -0.03752496 0.98704851 0.15597153
v -0.03705137 0.98766625 0.15212681
v -0.03762139 0.98688548 0.15697671
v -0.03780683 0.98664686 0.15842542
v -0.03689446 0.98793335 0.15042108
v -0.03692497 0.98790041 0.15062977
v -0.04022486 0.43446621 0.89978946
v -0.03575917 0.35731148 0.93330048
v -0.03698438 0.98777890 0.15141001
v -0.03698413 0.98782353 0.15111863
v -0.03705294 0.98772989 0.15171271
v -0.03696394 0.98782365 0.15112280
v -0.03691943 0.98789211 0.15068552
v -0.95887528 0.26658887 0.09740927
v -0.95824346 0.27198468 0.08828252
v -0.95133434 0.30563317 -0.03938707
v -0.94174444 0.32201235 -0.09708474
v -0.11311447 -0.03435194 0.99298795
v -0.29277542 0.18001936 -0.93908231
v -0.28839126 0.20316355 -0.93571099
v -0.08866013 0.06440783 -0.99397737
v -0.12528624 0.08147378 -0.98876963
v -0.63953257 0.23528331 0.73187421
v -0.64562141 0.24476734 0.72336847
v -0.24622617 0.00108508 0.96921179
v -0.25369155 0.01586903 0.96715499
v -0.47432597 0.13125916 0.87050899
v -0.17020253 0.07392666 -0.98263215
v -0.23238720 0.10743978 -0.96667103
v -0.22698371 0.11882118 -0.96662295
v -0.16951465 0.08704694 -0.98167592
v -0.05444211 0.05058828 -0.99723462
v -0.05219616 0.03478694 -0.99803078
v -0.91512483 0.15635738 0.37161661
v -0.81340948 0.17597690 -0.55443408
v -0.36414582 0.29664500 -0.88283609
v -0.29323833 0.24000116 -0.92542462
v -0.23553696 0.19979224 -0.95110746
v -0.17941275 0.16207835 -0.97033070
v -0.18887281 0.00638234 0.98198082
v -0.12868524 0.00824214 0.99165124
v -0.64497701 0.25508693 0.72037165
v -0.03051713 -0.00240653 0.99953135
v -0.13702026 0.17556212 -0.97488635
v -0.09260447 0.14524964 -0.98505175
v -0.48695457 0.33264784 -0.80760180
v -0.06484536 0.19950046 0.97774979
v -0.11200693 0.20980458 0.97130659
v -0.10465209 0.16808449 0.98020179
v -0.05955476 0.15810147 0.98562526
v -0.15005416 0.18281800 0.97162818
v -0.19923490 0.20501618 0.95826605
v -0.25017311 0.23422347 0.93944280
v -0.38942664 0.33254997 0.85892806
v -0.34683439 0.30157107 0.88812206
v -0.47654331 0.37527935 0.79502949
v -0.43112421 0.35726114 0.82855078
v -0.54167800 0.37233410 0.75362608
v -0.64811160 0.32784131 0.68736557
v -0.82943518 0.22685462 0.51046474
v -0.78450721 0.24353905 0.57029569
v -0.59792518 0.33848757 0.72657528
v -0.51565506 0.35411870 0.78019216
v -0.45833565 0.34255138 0.82011400
v -0.01305194 0.06631572 0.99771332
v -0.01310083 0.09462917 0.99542639
v -0.04566307 0.51601039 0.85536435
v -0.95202009 0.29996537 -0.06065084
v -0.95208483 0.29986880 -0.06010977
v 0.02179206 0.85045247 -0.52560032
v 0.01534500 0.87724674 -0.47979443
v -0.00365279 0.94623025 -0.32347329
v -0.02529316 0.96759585 -0.25123402
v 0.00428406 0.92031925 -0.39114463
v 0.00718514 0.88892165 -0.45800291
v -0.47139496 0.19535015 0.86001460
v -0.01517944 0.75983144 -0.64994290
v -0.00044146 0.86125911 -0.50816586
v -0.00033249 0.90242239 -0.43085231
v -0.00797558 0.93682882 -0.34969723
v -0.04608632 0.96141515 -0.27121388
v -0.11103087 0.96368709 -0.24285661
v -0.23848122 0.92090833 -0.30830919
v -0.39227515 0.86861282 -0.30270774
v -0.56048589 0.77670810 -0.28736753
v -0.82126339 0.57037986 -0.01390171
v -0.69030195 0.71902113 -0.08057193
v -0.91311737 0.36804208 -0.17539011
v -0.92094307 0.35193233 -0.16735441
v -0.92109268 0.34755342 -0.17548476
v -0.92065966 0.34434942 -0.18387297
v -0.90949023 0.35269049 -0.22008392
v -0.89365684 0.36481590 -0.26131746
v -0.85823983 0.39295008 -0.33017364
v -0.52358670 0.63060125 -0.57288658
v -0.35561313 0.72589066 -0.58874617
v -0.20266520 0.78560678 -0.58459285
v -0.18935125 0.77288622 -0.60563437
v -0.22993722 0.60990420 -0.75838364
v -0.25614481 0.50004504 -0.82725135
v -0.26235807 0.39023017 -0.88254669
v -0.16227134 0.01819006 -0.98657850
v -0.22062890 0.04325007 -0.97439844
v -0.22876893 0.05700108 -0.97181050
v -0.16224114 0.02757944 -0.98636565
v -0.08110609 0.01265344 -0.99662515
v -0.04728322 0.00059807 -0.99888134
v -0.66132030 0.14743820 -0.73547089
v -0.99323427 0.11451423 0.01929203
v -0.31501155 0.09833667 -0.94397967
v -0.43752101 0.15017687 -0.88657897
v -0.75500620 0.18394613 0.62938817
v -0.22035098 -0.06594846 0.97318870
v -0.15568038 -0.07660007 0.98483301
v -0.06888616 -0.07408217 0.99487011
v -0.03499923 -0.06836279 0.99704643
v -0.56912855 0.14740363 0.80892822
v -0.10762225 -0.07767424 0.99115295
v -0.43108016 0.03944313 0.90145113
v -0.31335788 -0.03219848 0.94908909
v -0.11793972 0.02727823 -0.99264602
v -0.11642429 0.01757402 -0.99304408
v -0.16141319 0.03621257 -0.98622230
v -0.08654411 0.30546334 -0.94826276
v -0.11894661 0.33774400 -0.93369197
v -0.14954678 0.37638718 -0.91431310
v -0.13582418 0.58030825 -0.80299074
v -0.16198734 0.49410498 -0.85417818
v -0.15353211 0.60947664 -0.77779568
v -0.11999338 0.68179204 -0.72163786
v -0.08056204 0.82016115 -0.56643221
v -0.10143369 0.78855253 -0.60654441
v -0.09205055 0.83020348 -0.54980803
v -0.07827523 0.85125713 -0.51887791
v -0.09655045 0.85020508 -0.51752231
v -0.11761198 0.85608008 -0.50328354
v -0.16132734 0.84774131 -0.50528029
v -0.23300111 0.82321585 -0.51771241
v -0.28509185 0.82612464 -0.48604600
v -0.18332408 0.86485374 -0.46735457
v -0.06335975 0.85558852 -0.51376437
v -0.06853489 0.81689740 -0.57269678
v -0.07474154 0.45461913 -0.88754445
v -0.04532674 0.41991156 -0.90643244
v -0.93730101 0.18443647 0.29571948
v -0.95518920 0.20022994 -0.21799440
v -0.69594601 0.35314146 -0.62526016
v -0.42231272 0.57687465 -0.69919068
v -0.29631273 0.65928214 -0.69104691
v -0.23679082 0.68090193 -0.69303872
v -0.18809252 0.74043362 -0.64527456
v -0.20350962 0.68495143 -0.69958943
v -0.16164647 0.74623179 -0.64576198
v -0.18309446 0.68478887 -0.70536560
v -0.16747856 0.67954338 -0.71426307
v -0.15078807 0.68117798 -0.71642133
v -0.12528891 0.71522514 -0.68757232
v -0.09624480 0.76357659 -0.63850429
v -0.08492213 0.75555100 -0.64956209
v -0.10247641 0.67324019 -0.73228836
v -0.07837488 0.68526043 -0.72406873
v -0.04819207 0.76652988 -0.64039789
v -0.10924047 0.58684052 -0.80229965
v -0.13270228 0.47828519 -0.86812060
v 0.00258179 0.96819278 -0.25019208
v 0.01257428 0.95033797 -0.31096564
v -0.80285689 0.44667470 -0.39484495
v -0.78481954 0.45799828 -0.41748757
v -0.82076307 0.42676465 -0.37976296
v -0.85469378 0.40125734 -0.32937985
v -0.87416639 0.38729783 -0.29297357
v -0.82358907 0.44070743 -0.35704061
v -0.82323276 0.43453121 -0.36533608
v -0.88378188 0.38346674 -0.26810976
v -0.88549045 0.38741444 -0.25654769
v -0.83177593 0.43997238 -0.33848649
v -0.88677069 0.39166707 -0.24542749
v -0.83726125 0.44155736 -0.32252240
v -0.87847820 0.40682232 -0.25054270
v -0.84094610 0.44387562 -0.30949005
v -0.61848922 0.65610806 -0.43242723
v -0.72402432 0.56235745 -0.39942820
v -0.79636941 0.49059426 -0.35371320
v -0.38462958 0.75169608 -0.53573602
v -0.57889785 0.62963855 -0.51810479
v -0.73043400 0.51302193 -0.45085992
v -0.73432511 0.51836856 -0.43824728
v -0.59164131 0.63088154 -0.50194525
v -0.41083500 0.74855058 -0.52046771
v -0.07824300 0.37286189 -0.92458209
v -0.10807529 0.41496979 -0.90339350
v -0.08971459 0.86605502 -0.49183330
v -0.11439920 0.86922946 -0.48099165
v -0.16170266 0.85964199 -0.48463172
v -0.25100866 0.82766178 -0.50196676
v -0.12803860 0.87900103 -0.45930742
v -0.09232573 0.88235306 -0.46144235
v -0.07103997 0.87472088 -0.47939202
v -0.09925255 0.50969262 -0.85461241
v -0.04746860 0.34786594 -0.93634183
v -0.69705262 0.37546544 0.61085460
v -0.77084306 0.35181223 0.53106415
v -0.83261247 0.35738252 0.42312434
v -0.87250862 0.41709598 0.25447917
v -0.95221416 0.29943333 -0.06023184
v -0.05194987 0.02251414 -0.99839588
v -0.05054713 0.01159648 -0.99865435
v -0.08489571 0.02419176 -0.99609612
v -0.05665219 0.13281590 -0.98952032
v -0.05406641 0.28216829 -0.95784022
v -0.26682838 0.18689654 0.94544820
v -0.22263506 0.16147367 0.96143637
v -0.23542874 0.19432802 0.95226568
v -0.28335443 0.22462083 0.93233886
v -0.35119388 0.24678031 0.90319563
v -0.31055234 0.21625808 0.92562935
v -0.32881006 0.25639876 0.90892443
v -0.37035819 0.28796453 0.88312583
v -0.39369428 0.27714835 0.87646655
v -0.41141363 0.31738608 0.85440324
v -0.29360306 0.18026570 0.93877661
v -0.25281268 0.15492896 0.95503024
v -0.20783099 0.13066414 0.96939835
v -0.37314102 0.23753053 0.89685284
v -0.33324615 0.20820710 0.91956338
v -0.05756102 0.94392792 0.32509507
v -0.05472538 0.95296434 0.29810081
v -0.04740199 0.97091230 0.23469632
v -0.04661291 0.97248847 0.22823982
v -0.05482324 0.64190678 0.76482031
v -0.05900972 0.69846997 0.71320232
v -0.01390906 0.12228980 0.99239697
v -0.02295278 0.19390824 0.98075112
v -0.02673519 0.23851349 0.97077111
v -0.03117569 0.29159106 0.95603490
v -0.04951208 0.57521947 0.81649930
v -0.01823086 0.15361967 0.98796186
v -0.35042379 -0.06534931 -0.93430864
v -0.26605557 -0.11597109 -0.95695618
v -0.29349474 -0.06945519 -0.95343422
v -0.24569084 -0.09848086 -0.96433269
v -0.44211829 0.06011070 -0.89494029
v -0.36634655 0.00287320 -0.93047405
v -0.43339249 0.08186835 -0.89747898
v -0.19173027 -0.12487522 -0.97347095
v -0.13947473 -0.14700903 -0.97925234
v -0.12792041 -0.12232504 -0.98421184
v -0.29410483 0.02756189 -0.95537568
v -0.29127750 0.00402966 -0.95663012
v -0.25948490 -0.06820269 -0.96333586
v -0.34058140 -0.03343598 -0.93962032
v -0.26978795 -0.05057807 -0.96159052
v -0.17595891 -0.10399410 -0.97888901
v -0.22197103 -0.08572869 -0.97127723
v -0.07913760 -0.01304778 -0.99677831
v -0.04088700 -0.03421582 -0.99857775
v -0.07969056 -0.02303928 -0.99655336
v -0.31232401 0.08543162 -0.94612639
v -0.21503148 0.02952040 -0.97616085
v -0.21602986 -0.06946696 -0.97391244
v -0.16683799 -0.08545826 -0.98227388
v -0.11977310 -0.10038831 -0.98771281
v -0.11457511 -0.04019656 -0.99260102
v -0.11183754 -0.05775846 -0.99204653
v -0.15524826 -0.04644896 -0.98678289
v -0.15835447 -0.02501079 -0.98706551
v -0.21106049 0.01286750 -0.97738830
v -0.20837636 -0.00575555 -0.97803178
v -0.11475726 -0.02337158 -0.99311859
v -0.15688505 -0.00824223 -0.98758248
v -0.15769661 0.00611304 -0.98746869
v -0.20882988 -0.02855209 -0.97753509
v -0.06756578 -0.09109079 -0.99354785
v -0.11380870 -0.07816028 -0.99042342
v -0.02861490 -0.10099853 -0.99447498
v -0.11402338 -0.01007923 -0.99342694
v -0.11863172 0.00178365 -0.99293672
v -0.11521637 0.00903472 -0.99329933
v -0.12084607 0.03909408 -0.99190114
v -0.49456129 -0.45897711 0.73807123
v -0.07161381 -0.50820133 0.85825572
v -0.05075604 -0.63819264 0.76820178
v -0.73565649 0.11527123 0.66747440
v -0.68558571 0.05924750 -0.72557699
v -0.45019770 0.00137737 -0.89292784
v -0.13639502 -0.32258735 0.93666099
v -0.10420784 -0.37791891 0.91995544
v -0.60165051 0.01859974 0.79854287
v -0.32656285 -0.22477336 0.91805972
v -0.08509818 -0.44362943 0.89216099
v -0.27900938 -0.02552236 -0.95994915
v -0.21358009 -0.04988457 -0.97565110
v -0.16171607 -0.06505013 -0.98469101
v -0.07343678 -0.11186050 -0.99100669
v -0.02675537 -0.12270864 -0.99208202
v -0.06177201 -0.20128043 0.97758396
v -0.05042023 -0.18062941 0.98225802
v -0.03442952 -0.18181199 0.98273038
v -0.03828952 -0.20874827 0.97721956
v -0.21426011 -0.07989185 0.97350393
v -0.15340328 -0.08995848 0.98406042
v -0.06624239 -0.08672355 0.99402765
v -0.03258100 -0.08162405 0.99613051
v -0.57313897 0.13774921 0.80779754
v -0.10314568 -0.09025990 0.99056253
v -0.44160771 0.03268285 0.89661277
v -0.31375110 -0.04592608 0.94839393
v -0.57294685 -0.81858164 -0.04069406
v -0.57298551 -0.81855024 -0.04078116
v -0.57298107 -0.81854964 -0.04085550
v -0.57293610 -0.81858015 -0.04087485
v -0.57295890 -0.81854098 -0.04133723
v -0.57294249 -0.81856283 -0.04113138
v -0.57299230 -0.81851092 -0.04146929
v -0.57300226 -0.81852261 -0.04109915
v -0.57301883 -0.81851043 -0.04111079
v -0.57303277 -0.81848265 -0.04146811
v -0.57305758 -0.81846800 -0.04141435
v -0.57303922 -0.81849979 -0.04103838
v -0.57304920 -0.81849864 -0.04092177
v -0.57309888 -0.81846031 -0.04099262
v -0.57308021 -0.81845843 -0.04129009
v -0.57306992 -0.81849420 -0.04071995
v -0.57303855 -0.81851204 -0.04080277
v -0.57303951 -0.81852133 -0.04060224
v -0.57297207 -0.81856950 -0.04058297
v -0.57299776 -0.81854410 -0.04073244
v -0.57298987 -0.81853376 -0.04104992
v -0.57298219 -0.81854351 -0.04096264
v -0.57293720 -0.81857337 -0.04099515
v -0.57298052 -0.81854754 -0.04090535
v -0.57300079 -0.81853631 -0.04084605
v -0.57300279 -0.81853629 -0.04081857
v -0.57300379 -0.81853005 -0.04092939
v -0.57300098 -0.81853357 -0.04089825
v -0.57301473 -0.81852123 -0.04095261
v -0.57300787 -0.81852634 -0.04094656
v -0.57302323 -0.81851664 -0.04092531
v -0.57302990 -0.81850383 -0.04108789
v -0.57301962 -0.81851824 -0.04094400
v -0.57302761 -0.81851539 -0.04088912
v -0.57302420 -0.81852047 -0.04083516
v -0.57300699 -0.81853426 -0.04080014
v -0.57300018 -0.81853556 -0.04086976
v -0.57301417 -0.81852690 -0.04084692
v -0.57301417 -0.81852690 -0.04084692
v -0.57301417 -0.81852690 -0.04084692
v -0.57301417 -0.81852690 -0.04084692
v -0.57301410 -0.81852697 -0.04084658
v -0.57301410 -0.81852697 -0.04084658
v -0.57301410 -0.81852697 -0.04084658
v -0.57301410 -0.81852697 -0.04084658
v -0.57301414 -0.81852694 -0.04084674
v -0.57301414 -0.81852694 -0.04084674
v -0.57301414 -0.81852694 -0.04084674
v -0.57301413 -0.81852694 -0.04084674
v -0.57301424 -0.81852683 -0.04084745
v -0.57301424 -0.81852682 -0.04084746
v -0.57301424 -0.81852683 -0.04084747
v -0.57301424 -0.81852683 -0.04084746
v -0.57301420 -0.81852687 -0.04084714
v -0.57301420 -0.81852687 -0.04084715
v -0.57301420 -0.81852687 -0.04084715
v -0.57301420 -0.81852687 -0.04084715
v -0.57301411 -0.81852696 -0.04084656
v -0.57301410 -0.81852697 -0.04084658
v -0.57301410 -0.81852697 -0.04084656
v -0.57301410 -0.81852697 -0.04084651
v -0.57301410 -0.81852697 -0.04084657
v -0.57301410 -0.81852697 -0.04084659
v -0.57301409 -0.81852698 -0.04084660
v -0.57301409 -0.81852698 -0.04084652
v -0.57301410 -0.81852697 -0.04084660
v -0.57301410 -0.81852697 -0.04084665
v -0.57301411 -0.81852696 -0.04084662
v -0.57301410 -0.81852697 -0.04084659
v -0.57301414 -0.81852693 -0.04084676
v -0.57301414 -0.81852693 -0.04084674
v -0.57301414 -0.81852694 -0.04084674
v -0.57301414 -0.81852693 -0.04084672
v -0.57301414 -0.81852694 -0.04084673
v -0.57301413 -0.81852694 -0.04084668
v -0.57301413 -0.81852694 -0.04084671
v -0.57301413 -0.81852694 -0.04084673
v -0.57301413 -0.81852694 -0.04084674
v -0.57301413 -0.81852694 -0.04084676
v -0.57301414 -0.81852693 -0.04084679
v -0.57301414 -0.81852694 -0.04084675
v -0.57301418 -0.81852690 -0.04084692
v -0.57301417 -0.81852690 -0.04084692
v -0.57301417 -0.81852691 -0.04084690
v -0.57301417 -0.81852691 -0.04084685
v -0.57301416 -0.81852691 -0.04084691
v -0.57301416 -0.81852691 -0.04084693
v -0.57301416 -0.81852691 -0.04084693
v -0.57301416 -0.81852691 -0.04084689
v -0.57301417 -0.81852690 -0.04084698
v -0.57301417 -0.81852690 -0.04084694
v -0.57301418 -0.81852690 -0.04084696
v -0.57301417 -0.81852690 -0.04084693
v -0.57301422 -0.81852685 -0.04084721
v -0.57301420 -0.81852687 -0.04084717
v -0.57301421 -0.81852687 -0.04084714
v -0.57301422 -0.81852685 -0.04084716
v -0.57301420 -0.81852687 -0.04084712
v -0.57301421 -0.81852687 -0.04084706
v -0.57301420 -0.81852687 -0.04084712
v -0.57301420 -0.81852687 -0.04084715
v -0.57301419 -0.81852688 -0.04084717
v -0.57301420 -0.81852688 -0.04084708
v -0.57301420 -0.81852687 -0.04084717
v -0.57301420 -0.81852686 -0.04084724
v -0.57301428 -0.81852680 -0.04084748
v -0.57301427 -0.81852680 -0.04084760
v -0.57301425 -0.81852682 -0.04084749
v -0.57301425 -0.81852682 -0.04084744
v -0.57301425 -0.81852682 -0.04084742
v -0.57301426 -0.81852682 -0.04084736
v -0.57301424 -0.81852683 -0.04084742
v -0.57301424 -0.81852683 -0.04084747
v -0.57301423 -0.81852683 -0.04084750
v -0.57301424 -0.81852683 -0.04084736
v -0.57301424 -0.81852682 -0.04084750
v -0.57301424 -0.81852682 -0.04084760
v -0.57301409 -0.81852698 -0.04084639
v -0.57301412 -0.81852696 -0.04084647
v -0.57301410 -0.81852697 -0.04084659
v -0.57301407 -0.81852700 -0.04084646
v -0.57301410 -0.81852697 -0.04084659
v -0.57301409 -0.81852696 -0.04084678
v -0.57301406 -0.81852699 -0.04084661
v -0.57301411 -0.81852696 -0.04084667
v -0.57301414 -0.81852694 -0.04084674
v -0.57301415 -0.81852692 -0.04084684
v -0.57301413 -0.81852693 -0.04084699
v -0.57301414 -0.81852694 -0.04084674
v -0.57301417 -0.81852692 -0.04084664
v -0.57301423 -0.81852686 -0.04084686
v -0.57301417 -0.81852690 -0.04084692
v -0.57301417 -0.81852690 -0.04084693
v -0.57301417 -0.81852689 -0.04084724
v -0.57301419 -0.81852688 -0.04084705
v -0.57301420 -0.81852687 -0.04084714
v -0.57301424 -0.81852683 -0.04084734
v -0.57301421 -0.81852684 -0.04084754
v -0.57301420 -0.81852687 -0.04084713
v -0.57301428 -0.81852681 -0.04084723
v -0.57301425 -0.81852682 -0.04084745
v -0.57301430 -0.81852676 -0.04084789
v -0.57301425 -0.81852680 -0.04084787
v -0.57301424 -0.81852682 -0.04084744
v -0.57301431 -0.81852677 -0.04084759
v -0.57299585 -0.81855421 -0.04055567
v -0.57300801 -0.81853746 -0.04072166
v -0.57301656 -0.81853790 -0.04059229
v -0.57302538 -0.81852408 -0.04074609
v -0.57301620 -0.81853097 -0.04073666
v -0.57301194 -0.81853077 -0.04080061
v -0.57301989 -0.81852451 -0.04081451
v -0.57301559 -0.81852797 -0.04080554
v -0.57301810 -0.81852150 -0.04089998
v -0.57302036 -0.81852085 -0.04088148
v -0.57301574 -0.81852274 -0.04090814
v -0.57301026 -0.81852684 -0.04090285
v -0.57301321 -0.81852441 -0.04091020
v -0.57301283 -0.81852889 -0.04082586
v -0.57301024 -0.81853072 -0.04082552
v -0.57301487 -0.81852726 -0.04082991
v -0.57301696 -0.81852557 -0.04083437
v -0.57301406 -0.81852702 -0.04084611
v -0.57301400 -0.81852709 -0.04084566
v -0.57301411 -0.81852703 -0.04084531
v -0.57301412 -0.81852698 -0.04084606
v -0.57301429 -0.81852690 -0.04084524
v -0.57301421 -0.81852691 -0.04084619
v -0.57301444 -0.81852676 -0.04084591
v -0.57301430 -0.81852683 -0.04084651
v -0.57301455 -0.81852663 -0.04084707
v -0.57301438 -0.81852675 -0.04084715
v -0.57301455 -0.81852656 -0.04084846
v -0.57301440 -0.81852670 -0.04084787
v -0.57301446 -0.81852658 -0.04084932
v -0.57301436 -0.81852670 -0.04084833
v -0.57301403 -0.81852703 -0.04084634
v -0.57301392 -0.81852712 -0.04084612
v -0.57301401 -0.81852703 -0.04084664
v -0.57301392 -0.81852709 -0.04084674
v -0.57301403 -0.81852700 -0.04084702
v -0.57301395 -0.81852704 -0.04084732
v -0.57301432 -0.81852668 -0.04084924
v -0.57301427 -0.81852676 -0.04084834
v -0.57301407 -0.81852695 -0.04084750
v -0.57301400 -0.81852696 -0.04084801
v -0.57301412 -0.81852689 -0.04084790
v -0.57301409 -0.81852687 -0.04084861
v -0.57301420 -0.81852682 -0.04084821
v -0.57301420 -0.81852677 -0.04084910
v -0.57301405 -0.81852717 -0.04084335
v -0.57301444 -0.81852690 -0.04084316
v -0.57301482 -0.81852658 -0.04084426
v -0.57301499 -0.81852633 -0.04084691
v -0.57301488 -0.81852626 -0.04084989
v -0.57301465 -0.81852635 -0.04085132
v -0.57301612 -0.81852545 -0.04084874
v -0.57301541 -0.81852563 -0.04085503
v -0.57301480 -0.81852605 -0.04085519
v -0.57301551 -0.81852511 -0.04086397
v -0.57301478 -0.81852575 -0.04086160
v -0.57301399 -0.81852556 -0.04087620
v -0.57301353 -0.81852612 -0.04087145
v -0.57301434 -0.81852569 -0.04086879
v -0.57301499 -0.81852506 -0.04087229
v -0.57301721 -0.81852407 -0.04086114
v -0.57301675 -0.81852358 -0.04087733
v -0.57301539 -0.81852408 -0.04088619
v -0.57301278 -0.81852656 -0.04087325
v -0.57301312 -0.81852637 -0.04087242
v -0.57301333 -0.81852600 -0.04087671
v -0.57301273 -0.81852640 -0.04087713
v -0.57301211 -0.81852692 -0.04087560
v -0.57301228 -0.81852697 -0.04087212
v -0.57301153 -0.81852751 -0.04087176
v -0.57301191 -0.81852735 -0.04086966
v -0.57301282 -0.81852573 -0.04088938
v -0.57301410 -0.81852484 -0.04088925
v -0.57301151 -0.81852685 -0.04088524
v -0.57301027 -0.81852795 -0.04088079
v -0.57300889 -0.81852947 -0.04086964
v -0.57301089 -0.81852824 -0.04086607
v -0.57301160 -0.81852776 -0.04086578
v -0.57301381 -0.81852726 -0.04084478
v -0.57301368 -0.81852729 -0.04084597
v -0.57301558 -0.81852623 -0.04084062
v -0.57301458 -0.81852703 -0.04083860
v -0.57301356 -0.81852781 -0.04083737
v -0.57301315 -0.81852779 -0.04084337
v -0.57301311 -0.81852765 -0.04084668
v -0.57301242 -0.81852803 -0.04084890
v -0.57301202 -0.81852851 -0.04084482
v -0.57301369 -0.81852723 -0.04084706
v -0.57301323 -0.81852748 -0.04084847
v -0.57301271 -0.81852770 -0.04085139
v -0.57301177 -0.81852825 -0.04085360
v -0.57301123 -0.81852881 -0.04084994
v -0.57301149 -0.81852820 -0.04085852
v -0.57301078 -0.81852882 -0.04085608
v -0.57301066 -0.81852864 -0.04086128
v -0.57301149 -0.81852801 -0.04086246
v -0.57300901 -0.81853014 -0.04085440
v -0.57300872 -0.81852998 -0.04086174
v -0.57301004 -0.81852994 -0.04084410
v -0.57301167 -0.81852910 -0.04083796
v -0.57301442 -0.81852650 -0.04085134
v -0.57301450 -0.81852628 -0.04085482
v -0.57301434 -0.81852612 -0.04086026
v -0.57301384 -0.81852618 -0.04086606
v -0.57301325 -0.81852645 -0.04086899
v -0.57301298 -0.81852659 -0.04086982
v -0.57301233 -0.81852705 -0.04086985
v -0.57301272 -0.81852674 -0.04087049
v -0.57301207 -0.81852728 -0.04086875
v -0.57301202 -0.81852747 -0.04086572
v -0.57301201 -0.81852759 -0.04086331
v -0.57301220 -0.81852783 -0.04085598
v -0.57301207 -0.81852771 -0.04086016
v -0.57300769 -0.81853202 -0.04083518
v -0.57300611 -0.81853234 -0.04085113
v -0.57300588 -0.81853192 -0.04086268
v -0.57300783 -0.81852903 -0.04089318
v -0.57300598 -0.81853123 -0.04087499
v -0.57301376 -0.81852713 -0.04084819
v -0.57301388 -0.81852698 -0.04084941
v -0.57301404 -0.81852682 -0.04085040
v -0.57301424 -0.81852665 -0.04085101
v -0.57301423 -0.81852649 -0.04085436
v -0.57301394 -0.81852673 -0.04085357
v -0.57301364 -0.81852702 -0.04085210
v -0.57301340 -0.81852727 -0.04085023
v -0.57301401 -0.81852641 -0.04085897
v -0.57301373 -0.81852668 -0.04085758
v -0.57301328 -0.81852706 -0.04085622
v -0.57301304 -0.81852736 -0.04085372
v -0.57301258 -0.81852746 -0.04085804
v -0.57301281 -0.81852718 -0.04086046
v -0.57301329 -0.81852677 -0.04086185
v -0.57301351 -0.81852651 -0.04086396
v -0.57301310 -0.81852664 -0.04086711
v -0.57301289 -0.81852689 -0.04086511
v -0.57301248 -0.81852725 -0.04086368
v -0.57301232 -0.81852747 -0.04086159
v -0.57301288 -0.81852675 -0.04086810
v -0.57301242 -0.81852704 -0.04086881
v -0.57301268 -0.81852685 -0.04086892
v -0.57301225 -0.81852719 -0.04086809
v -0.57301221 -0.81852733 -0.04086596
v -0.57301224 -0.81852740 -0.04086396
v -0.57301243 -0.81852722 -0.04086503
v -0.57301238 -0.81852719 -0.04086626
v -0.57301274 -0.81852693 -0.04086644
v -0.57301261 -0.81852696 -0.04086753
v -0.57301233 -0.81852717 -0.04086741
v -0.57301247 -0.81852704 -0.04086803
v -0.57301953 -0.81852317 -0.04084645
v -0.56104144 -0.81287748 0.15640558
v -0.54715012 -0.81976380 0.16915691
v -0.57109611 -0.80558123 0.15775969
v -0.41216741 -0.13616590 0.90087561
v -0.16970103 -0.02904063 0.98506761
v -0.18181111 -0.00766903 0.98330357
v -0.17374747 -0.01953129 0.98459654
v -0.45333782 -0.15169717 0.87833524
v -0.48671494 0.18685073 0.85334364
v -0.30149119 0.26928939 0.91465091
v -0.02953817 0.99503928 0.09499648
v -0.02960580 0.99500927 0.09528924
v -0.02951835 0.99508320 0.09454148
v -0.02939460 0.99517510 0.09360810
v -0.02923663 0.99528606 0.09247100
v -0.02906769 0.99540052 0.09128459
v -0.02933828 0.99519968 0.09336417
v -0.02911389 0.99534491 0.09187434
v -0.02914666 0.99531701 0.09216576
v -0.02937529 0.99516667 0.09370378
f 4 1 3
f 3 1 2
f 6 5 2
f 2 5 3
f 8 4 7
f 7 4 3
f 12 9 11
f 11 9 10
f 16 13 15
f 15 13 14
f 20 17 19
f 19 17 18
f 22 23 21
f 21 23 24
f 17 25 18
f 18 25 26
f 25 17 28
f 28 17 27
f 32 29 31
f 31 29 30
f 36 33 35
f 35 33 34
f 38 37 24
f 24 37 21
f 38 39 31
f 31 39 40
f 25 28 33
f 33 28 34
f 41 42 44
f 44 42 43
f 25 33 45
f 45 33 36
f 47 48 46
f 46 48 49
f 53 50 52
f 52 50 51
f 52 54 53
f 53 54 55
f 59 56 58
f 58 56 57
f 63 60 62
f 62 60 61
f 67 64 66
f 66 64 65
f 71 68 70
f 70 68 69
f 74 72 73
f 73 72 65
f 73 65 75
f 75 65 64
f 79 76 78
f 78 76 77
f 80 81 83
f 83 81 82
f 86 84 85
f 85 84 81
f 69 87 89
f 89 87 88
f 91 90 87
f 87 90 88
f 95 92 94
f 94 92 93
f 96 84 43
f 43 84 44
f 86 97 98
f 98 97 51
f 52 51 99
f 99 51 97
f 99 100 52
f 52 100 54
f 102 59 101
f 101 59 58
f 104 63 103
f 103 63 62
f 5 6 106
f 106 6 105
f 108 109 107
f 107 109 110
f 114 111 113
f 113 111 112
f 118 115 117
f 117 115 116
f 122 119 121
f 121 119 120
f 126 123 125
f 125 123 124
f 130 127 129
f 129 127 128
f 130 131 127
f 127 131 132
f 135 133 1
f 1 133 134
f 136 135 4
f 4 135 1
f 137 136 8
f 8 136 4
f 140 15 139
f 139 15 138
f 142 141 139
f 139 141 140
f 56 143 57
f 57 143 144
f 147 141 146
f 146 141 145
f 148 146 150
f 150 146 149
f 154 151 153
f 153 151 152
f 155 140 147
f 147 140 141
f 158 156 11
f 11 156 157
f 162 159 161
f 161 159 160
f 166 163 165
f 165 163 164
f 159 166 160
f 160 166 165
f 168 169 167
f 167 169 170
f 171 172 169
f 169 172 170
f 174 150 173
f 173 150 149
f 173 149 176
f 176 149 175
f 171 177 172
f 172 177 178
f 182 179 181
f 181 179 180
f 179 183 180
f 180 183 184
f 188 185 187
f 187 185 186
f 192 189 191
f 191 189 190
f 194 8 193
f 193 8 7
f 161 195 162
f 162 195 196
f 197 168 198
f 198 168 167
f 200 182 199
f 199 182 181
f 204 201 203
f 203 201 202
f 206 205 186
f 186 205 187
f 207 208 210
f 210 208 209
f 214 211 213
f 213 211 212
f 215 216 218
f 218 216 217
f 208 219 209
f 209 219 220
f 185 221 186
f 186 221 204
f 221 222 204
f 204 222 201
f 209 220 211
f 211 220 223
f 210 214 225
f 225 214 224
f 186 204 206
f 206 204 203
f 205 226 187
f 187 226 227
f 27 228 21
f 21 228 22
f 232 229 231
f 231 229 230
f 236 233 235
f 235 233 234
f 240 237 239
f 239 237 238
f 115 118 122
f 122 118 119
f 243 241 242
f 242 241 112
f 50 244 51
f 51 244 98
f 15 14 138
f 138 14 245
f 246 158 10
f 10 158 11
f 70 69 85
f 85 69 89
f 247 12 157
f 157 12 11
f 163 248 164
f 164 248 249
f 251 178 250
f 250 178 177
f 255 252 254
f 254 252 253
f 256 188 227
f 227 188 187
f 212 257 213
f 213 257 258
f 133 259 134
f 134 259 260
f 133 135 164
f 164 135 165
f 135 136 165
f 165 136 160
f 161 160 137
f 137 160 136
f 195 161 261
f 261 161 137
f 265 262 264
f 264 262 263
f 267 266 16
f 16 266 13
f 16 155 267
f 267 155 268
f 268 155 269
f 269 155 147
f 162 196 167
f 167 196 198
f 167 170 162
f 162 170 159
f 166 159 172
f 172 159 170
f 163 166 178
f 178 166 172
f 248 163 251
f 251 163 178
f 168 270 169
f 169 270 271
f 177 171 273
f 273 171 272
f 272 171 271
f 271 171 169
f 274 270 197
f 197 270 168
f 273 275 177
f 177 275 250
f 278 276 45
f 45 276 277
f 282 279 281
f 281 279 280
f 103 283 104
f 104 283 284
f 285 215 286
f 286 215 218
f 290 287 289
f 289 287 288
f 83 66 80
f 80 66 291
f 292 293 295
f 295 293 294
f 87 74 91
f 91 74 73
f 75 92 73
f 73 92 91
f 76 280 77
f 77 280 279
f 70 80 71
f 71 80 291
f 82 96 47
f 47 96 277
f 149 296 175
f 175 296 297
f 153 298 154
f 154 298 299
f 207 210 300
f 300 210 225
f 224 301 206
f 206 301 205
f 211 214 209
f 209 214 210
f 301 302 205
f 205 302 226
f 306 303 305
f 305 303 304
f 310 307 309
f 309 307 308
f 66 65 291
f 291 65 72
f 46 67 83
f 83 67 66
f 314 311 313
f 313 311 312
f 36 315 317
f 317 315 316
f 319 35 318
f 318 35 29
f 322 320 32
f 32 320 321
f 324 323 314
f 314 323 311
f 326 316 325
f 325 316 315
f 290 319 287
f 287 319 318
f 320 327 321
f 321 327 328
f 331 39 330
f 330 39 329
f 322 40 333
f 333 40 332
f 309 334 285
f 285 334 335
f 1 134 2
f 2 134 236
f 337 233 336
f 336 233 260
f 13 265 14
f 14 265 237
f 98 44 86
f 86 44 84
f 193 7 192
f 192 7 189
f 244 41 98
f 98 41 44
f 245 14 240
f 240 14 237
f 5 189 3
f 3 189 7
f 338 71 72
f 72 71 291
f 13 266 265
f 265 266 262
f 124 123 339
f 339 123 105
f 106 105 109
f 109 105 123
f 106 190 5
f 5 190 189
f 9 12 114
f 114 12 111
f 237 265 340
f 340 265 264
f 344 341 343
f 343 341 342
f 339 105 235
f 235 105 6
f 347 345 346
f 346 345 234
f 351 348 350
f 350 348 349
f 353 108 352
f 352 108 107
f 357 354 356
f 356 354 355
f 358 238 340
f 340 238 237
f 359 111 247
f 247 111 12
f 360 116 263
f 263 116 264
f 201 222 362
f 362 222 361
f 366 363 365
f 365 363 364
f 370 367 369
f 369 367 368
f 374 371 373
f 373 371 372
f 377 372 376
f 376 372 375
f 378 379 381
f 381 379 380
f 268 269 383
f 383 269 382
f 384 365 174
f 174 365 150
f 376 381 377
f 377 381 380
f 181 180 270
f 270 180 271
f 184 252 272
f 272 252 273
f 180 184 271
f 271 184 272
f 181 270 274
f 275 273 255
f 255 273 252
f 254 385 255
f 255 385 386
f 183 179 388
f 388 179 387
f 179 182 387
f 387 182 389
f 390 389 200
f 200 389 182
f 253 183 391
f 391 183 388
f 254 253 392
f 392 253 391
f 378 393 379
f 379 393 394
f 396 395 188
f 188 395 185
f 395 397 185
f 185 397 221
f 397 398 221
f 221 398 222
f 399 396 256
f 256 396 188
f 399 256 401
f 401 256 400
f 402 403 405
f 405 403 404
f 365 364 150
f 150 364 148
f 407 394 406
f 406 394 393
f 406 393 246
f 246 393 158
f 239 238 19
f 19 238 342
f 354 350 22
f 22 350 23
f 138 245 50
f 50 245 244
f 139 53 142
f 142 53 55
f 143 296 144
f 144 296 145
f 20 341 228
f 228 341 355
f 239 42 240
f 240 42 41
f 307 284 308
f 308 284 283
f 410 408 409
f 409 408 349
f 240 41 245
f 245 41 244
f 407 406 383
f 383 406 268
f 409 349 411
f 411 349 346
f 413 248 412
f 412 248 251
f 275 414 250
f 250 414 415
f 277 26 45
f 45 26 25
f 43 26 96
f 96 26 277
f 62 61 417
f 417 61 416
f 23 408 24
f 24 408 329
f 322 32 40
f 40 32 31
f 39 38 329
f 329 38 24
f 31 30 38
f 38 30 37
f 418 419 421
f 421 419 420
f 294 79 295
f 295 79 78
f 345 422 339
f 339 422 124
f 351 357 131
f 131 357 232
f 235 6 236
f 236 6 2
f 183 253 184
f 184 253 252
f 423 400 227
f 227 400 256
f 226 305 227
f 227 305 423
f 424 258 425
f 425 258 257
f 426 427 212
f 212 427 257
f 164 249 133
f 133 249 259
f 429 428 418
f 418 428 419
f 288 328 430
f 430 328 327
f 67 46 431
f 431 46 49
f 306 302 424
f 424 302 258
f 433 314 432
f 432 314 313
f 318 29 321
f 321 29 32
f 324 314 433
f 321 328 318
f 318 328 287
f 233 236 260
f 260 236 134
f 339 235 345
f 345 235 234
f 350 354 351
f 351 354 357
f 350 349 23
f 23 349 408
f 45 36 278
f 278 36 317
f 428 429 313
f 313 429 432
f 313 434 428
f 428 434 435
f 19 18 239
f 239 18 42
f 18 26 42
f 42 26 43
f 437 436 120
f 120 436 121
f 302 301 258
f 258 301 213
f 110 109 126
f 126 109 123
f 343 342 358
f 358 342 238
f 19 342 20
f 20 342 341
f 439 320 438
f 438 320 322
f 320 439 327
f 327 439 430
f 438 322 440
f 440 322 333
f 430 323 288
f 288 323 289
f 264 116 340
f 340 116 115
f 296 149 145
f 145 149 146
f 155 16 140
f 140 16 15
f 441 442 152
f 152 442 153
f 225 224 203
f 203 224 206
f 151 154 297
f 297 154 175
f 293 443 294
f 294 443 444
f 248 413 249
f 249 413 445
f 401 400 447
f 447 400 446
f 395 396 387
f 387 396 388
f 397 395 389
f 389 395 387
f 396 399 388
f 388 399 391
f 391 399 392
f 392 399 401
f 255 386 275
f 275 386 414
f 451 448 450
f 450 448 449
f 335 452 285
f 285 452 215
f 153 442 298
f 298 442 453
f 426 212 223
f 223 212 211
f 425 257 454
f 454 257 427
f 9 262 10
f 10 262 266
f 360 113 456
f 456 113 455
f 261 137 194
f 194 137 8
f 267 246 266
f 266 246 10
f 203 202 225
f 225 202 300
f 114 263 9
f 9 263 262
f 191 190 353
f 353 190 108
f 398 397 390
f 390 397 389
f 129 128 422
f 422 128 457
f 393 378 158
f 158 378 156
f 349 348 346
f 346 348 347
f 392 401 458
f 458 401 447
f 269 148 382
f 382 148 364
f 58 57 54
f 54 57 55
f 460 459 64
f 64 459 75
f 95 101 90
f 90 101 100
f 101 58 100
f 100 58 54
f 57 144 55
f 55 144 142
f 148 269 146
f 146 269 147
f 92 75 93
f 93 75 459
f 141 142 145
f 145 142 144
f 17 20 27
f 27 20 228
f 176 175 299
f 299 175 154
f 301 224 213
f 213 224 214
f 424 461 306
f 306 461 303
f 310 309 286
f 286 309 285
f 308 462 309
f 309 462 334
f 305 226 306
f 306 226 302
f 27 21 28
f 28 21 37
f 34 30 35
f 35 30 29
f 28 37 34
f 34 37 30
f 229 356 436
f 436 356 344
f 289 326 290
f 290 326 325
f 438 312 439
f 439 312 311
f 315 36 319
f 319 36 35
f 323 430 311
f 311 430 439
f 290 325 319
f 319 325 315
f 312 438 463
f 463 438 440
f 356 355 344
f 344 355 341
f 117 116 456
f 456 116 360
f 228 355 22
f 22 355 354
f 323 324 289
f 289 324 326
f 69 68 87
f 87 68 74
f 139 138 53
f 53 138 50
f 246 267 406
f 406 267 268
f 109 108 106
f 106 108 190
f 113 112 455
f 455 112 241
f 121 343 122
f 122 343 358
f 129 347 130
f 130 347 348
f 131 130 351
f 351 130 348
f 357 356 232
f 232 356 229
f 122 358 115
f 115 358 340
f 242 112 359
f 359 112 111
f 422 457 124
f 124 457 125
f 131 232 132
f 132 232 231
f 436 344 121
f 121 344 343
f 113 360 114
f 114 360 263
f 422 345 129
f 129 345 347
f 437 230 436
f 436 230 229
f 400 423 446
f 446 423 464
f 465 466 468
f 468 466 467
f 472 469 471
f 471 469 470
f 374 373 472
f 472 373 469
f 373 473 469
f 469 473 474
f 476 472 475
f 475 472 471
f 477 478 472
f 472 478 374
f 477 472 476
f 477 476 480
f 480 476 479
f 372 377 373
f 373 377 473
f 480 479 482
f 482 479 481
f 482 481 484
f 484 481 483
f 486 485 402
f 402 485 403
f 484 483 488
f 488 483 487
f 487 489 488
f 488 489 490
f 492 490 491
f 491 490 489
f 494 492 493
f 493 492 491
f 496 494 495
f 495 494 493
f 483 481 498
f 498 481 497
f 367 482 499
f 499 482 484
f 370 480 367
f 367 480 482
f 478 477 370
f 370 477 480
f 481 479 497
f 497 479 500
f 377 380 473
f 473 380 451
f 380 379 451
f 451 379 448
f 501 502 504
f 504 502 503
f 506 507 505
f 505 507 449
f 506 505 508
f 508 505 486
f 510 506 509
f 509 506 508
f 511 507 510
f 510 507 506
f 513 512 508
f 508 512 509
f 512 514 509
f 509 514 515
f 516 510 515
f 515 510 509
f 510 516 511
f 511 516 517
f 518 485 505
f 505 485 486
f 448 518 449
f 449 518 505
f 404 403 382
f 382 403 383
f 382 364 404
f 404 364 363
f 407 383 485
f 485 383 403
f 362 361 520
f 520 361 519
f 495 521 496
f 496 521 522
f 473 451 474
f 474 451 450
f 524 523 366
f 366 523 363
f 525 499 488
f 488 499 484
f 526 525 490
f 490 525 488
f 527 520 522
f 522 520 496
f 520 519 496
f 496 519 494
f 519 528 494
f 494 528 492
f 529 530 495
f 495 530 521
f 490 492 526
f 526 492 528
f 493 531 495
f 495 531 529
f 535 532 534
f 534 532 533
f 534 533 524
f 524 533 523
f 533 532 402
f 402 532 486
f 537 530 536
f 536 530 529
f 539 537 538
f 538 537 536
f 540 541 539
f 539 541 537
f 530 537 535
f 535 537 541
f 542 539 543
f 543 539 538
f 542 544 539
f 539 544 540
f 541 540 513
f 513 540 512
f 512 540 514
f 514 540 544
f 548 545 547
f 547 545 546
f 551 531 550
f 550 531 549
f 553 552 549
f 549 552 550
f 552 554 550
f 550 554 546
f 554 555 546
f 546 555 547
f 498 556 558
f 558 556 557
f 557 556 559
f 559 556 560
f 559 560 562
f 562 560 561
f 554 552 559
f 559 552 557
f 555 554 562
f 562 554 559
f 552 553 557
f 557 553 558
f 564 563 471
f 471 563 475
f 565 563 567
f 567 563 566
f 466 564 470
f 470 564 471
f 465 568 466
f 466 568 564
f 570 569 465
f 465 569 568
f 574 571 573
f 573 571 572
f 576 567 575
f 575 567 569
f 567 576 565
f 565 576 577
f 578 579 581
f 581 579 580
f 560 576 561
f 561 576 575
f 576 560 577
f 577 560 556
f 498 497 556
f 556 497 577
f 497 500 577
f 577 500 565
f 500 475 565
f 565 475 563
f 487 558 489
f 489 558 553
f 491 549 493
f 493 549 531
f 549 491 553
f 553 491 489
f 485 518 407
f 407 518 394
f 379 394 448
f 448 394 518
f 543 538 548
f 548 538 545
f 538 536 545
f 545 536 551
f 531 551 529
f 529 551 536
f 507 582 449
f 449 582 450
f 511 583 507
f 507 583 582
f 511 517 583
f 583 517 584
f 585 586 588
f 588 586 587
f 592 589 591
f 591 589 590
f 594 593 590
f 590 593 591
f 598 595 597
f 597 595 596
f 599 600 602
f 602 600 601
f 606 603 605
f 605 603 604
f 608 609 607
f 607 609 610
f 614 611 613
f 613 611 612
f 617 618 616
f 616 618 615
f 622 619 621
f 621 619 620
f 626 623 625
f 625 623 624
f 628 629 627
f 627 629 630
f 634 631 633
f 633 631 632
f 635 636 638
f 638 636 637
f 639 640 642
f 642 640 641
f 646 643 645
f 645 643 644
f 648 647 622
f 622 647 619
f 652 649 651
f 651 649 650
f 602 601 654
f 654 601 653
f 658 655 657
f 657 655 656
f 662 659 661
f 661 659 660
f 666 663 665
f 665 663 664
f 668 667 594
f 594 667 593
f 671 672 670
f 670 672 669
f 673 674 676
f 676 674 675
f 678 677 632
f 632 677 633
f 680 679 666
f 666 679 663
f 683 684 682
f 682 684 681
f 686 687 685
f 685 687 688
f 691 689 661
f 661 689 690
f 685 692 686
f 686 692 693
f 695 597 694
f 694 597 668
f 694 668 696
f 696 668 594
f 697 698 696
f 696 698 699
f 700 701 697
f 697 701 698
f 702 585 703
f 703 585 588
f 689 672 690
f 690 672 671
f 705 704 639
f 639 704 640
f 658 663 706
f 706 663 679
f 710 707 709
f 709 707 708
f 607 610 712
f 712 610 711
f 713 714 716
f 716 714 715
f 717 718 720
f 720 718 719
f 722 634 721
f 721 634 633
f 726 723 725
f 725 723 724
f 728 729 727
f 727 729 730
f 734 731 733
f 733 731 732
f 736 735 710
f 710 735 707
f 738 644 737
f 737 644 643
f 742 739 741
f 741 739 740
f 745 743 744
f 744 743 608
f 749 746 748
f 748 746 747
f 751 752 750
f 750 752 753
f 754 755 757
f 757 755 756
f 758 759 761
f 761 759 760
f 765 762 764
f 764 762 763
f 767 768 766
f 766 768 769
f 773 770 772
f 772 770 771
f 777 774 776
f 776 774 775
f 781 778 780
f 780 778 779
f 784 782 712
f 712 782 783
f 785 786 788
f 788 786 787
f 790 628 789
f 789 628 627
f 794 791 793
f 793 791 792
f 723 726 796
f 796 726 795
f 800 797 799
f 799 797 798
f 677 801 633
f 633 801 721
f 803 802 800
f 800 802 797
f 807 804 806
f 806 804 805
f 811 808 810
f 810 808 809
f 815 812 814
f 814 812 813
f 817 809 816
f 816 809 808
f 818 819 804
f 804 819 805
f 819 818 821
f 821 818 820
f 822 587 820
f 820 587 821
f 809 823 810
f 810 823 824
f 814 807 815
f 815 807 806
f 223 825 426
f 426 825 826
f 427 426 827
f 827 426 826
f 830 454 829
f 829 454 828
f 831 832 677
f 677 832 801
f 834 835 833
f 833 835 836
f 838 839 837
f 837 839 840
f 841 842 844
f 844 842 843
f 802 803 846
f 846 803 845
f 677 678 831
f 831 678 847
f 848 849 851
f 851 849 850
f 855 852 854
f 854 852 853
f 680 856 858
f 858 856 857
f 862 859 861
f 861 859 860
f 864 865 863
f 863 865 866
f 870 867 869
f 869 867 868
f 839 871 840
f 840 871 872
f 849 848 874
f 874 848 873
f 878 875 877
f 877 875 876
f 882 879 881
f 881 879 880
f 883 884 886
f 886 884 885
f 846 887 802
f 802 887 888
f 888 889 891
f 891 889 890
f 895 892 894
f 894 892 893
f 896 897 728
f 728 897 729
f 901 898 900
f 900 898 899
f 902 852 904
f 904 852 903
f 849 905 850
f 850 905 906
f 908 907 878
f 878 907 875
f 910 911 909
f 909 911 912
f 914 915 913
f 913 915 916
f 859 862 918
f 918 862 917
f 921 856 920
f 920 856 919
f 925 922 924
f 924 922 923
f 922 925 927
f 927 925 926
f 693 928 930
f 930 928 929
f 694 931 695
f 695 931 932
f 933 824 867
f 867 824 823
f 937 934 936
f 936 934 935
f 867 823 868
f 868 823 938
f 678 939 847
f 847 939 940
f 939 678 655
f 655 678 632
f 619 941 620
f 620 941 942
f 687 943 688
f 688 943 944
f 851 850 945
f 945 850 903
f 850 906 903
f 903 906 904
f 946 947 949
f 949 947 948
f 953 950 952
f 952 950 951
f 957 954 956
f 956 954 955
f 874 875 958
f 958 875 907
f 962 959 961
f 961 959 960
f 852 902 853
f 853 902 963
f 965 910 964
f 964 910 909
f 969 966 968
f 968 966 967
f 973 970 972
f 972 970 971
f 974 960 975
f 975 960 959
f 979 976 978
f 978 976 977
f 976 980 977
f 977 980 981
f 983 981 982
f 982 981 980
f 982 984 983
f 983 984 985
f 987 985 986
f 986 985 984
f 991 988 990
f 990 988 989
f 995 992 994
f 994 992 993
f 999 996 998
f 998 996 997
f 1003 1000 1002
f 1002 1000 1001
f 1007 1004 1006
f 1006 1004 1005
f 1009 1005 1008
f 1008 1005 1004
f 1011 1009 1010
f 1010 1009 1008
f 1010 1012 1011
f 1011 1012 1013
f 1016 1017 1015
f 1015 1017 1014
f 1021 1018 1020
f 1020 1018 1019
f 980 976 1023
f 1023 976 1022
f 984 982 1025
f 1025 982 1024
f 1027 1026 995
f 995 1026 992
f 1029 1028 955
f 955 1028 956
f 1030 1031 1033
f 1033 1031 1032
f 1035 1034 1008
f 1008 1034 1010
f 1036 1035 1004
f 1004 1035 1008
f 1007 1002 1038
f 1038 1002 1037
f 1039 1037 1001
f 1001 1037 1002
f 998 997 1041
f 1041 997 1040
f 1015 1014 1043
f 1043 1014 1042
f 1046 1047 1045
f 1045 1047 1044
f 1049 1048 1020
f 1020 1048 1044
f 1000 1003 1051
f 1051 1003 1050
f 1003 1006 1050
f 1050 1006 1052
f 1009 1011 1054
f 1054 1011 1053
f 1056 1055 1045
f 1045 1055 1013
f 1060 1057 1059
f 1059 1057 1058
f 1062 1063 1061
f 1061 1063 1064
f 1051 1050 1066
f 1066 1050 1065
f 1050 1052 1065
f 1065 1052 1067
f 1068 1069 1054
f 1054 1069 1070
f 1071 1068 1053
f 1053 1068 1054
f 1074 1072 1071
f 1071 1072 1073
f 1053 1055 1071
f 1071 1055 1074
f 1078 1075 1077
f 1077 1075 1076
f 1079 1080 1057
f 1057 1080 1058
f 1081 1082 1064
f 1064 1082 1061
f 1084 1085 1083
f 1083 1085 1086
f 1090 1087 1089
f 1089 1087 1088
f 1091 1092 1094
f 1094 1092 1093
f 1098 1095 1097
f 1097 1095 1096
f 1101 1102 1100
f 1100 1102 1099
f 1103 1104 1099
f 1099 1104 1100
f 1108 1105 1107
f 1107 1105 1106
f 1110 1111 1109
f 1109 1111 1112
f 1116 1113 1115
f 1115 1113 1114
f 1118 1119 1117
f 1117 1119 1077
f 1117 1120 1122
f 1122 1120 1121
f 1124 1106 1123
f 1123 1106 1105
f 1125 1126 1128
f 1128 1126 1127
f 1132 1129 1131
f 1131 1129 1130
f 1114 1133 1135
f 1135 1133 1134
f 1113 1136 1114
f 1114 1136 1133
f 1118 1137 1113
f 1113 1137 1136
f 1118 1117 1137
f 1137 1117 1122
f 1139 1140 1138
f 1138 1140 1141
f 1142 1143 952
f 952 1143 953
f 956 1144 957
f 957 1144 1145
f 1144 956 1146
f 1146 956 1028
f 1148 1042 1147
f 1147 1042 1014
f 1014 1017 1147
f 1147 1017 1149
f 1151 1150 1058
f 1058 1150 1059
f 1153 1080 1152
f 1152 1080 1154
f 1087 1155 1088
f 1088 1155 1156
f 1157 1158 1106
f 1106 1158 1107
f 1159 1157 1124
f 1124 1157 1106
f 1163 1160 1162
f 1162 1160 1161
f 1167 1164 1166
f 1166 1164 1165
f 1031 1046 1168
f 1168 1046 1012
f 1034 1035 1023
f 1023 1035 1024
f 1036 1038 1025
f 1025 1038 1169
f 1037 1039 1171
f 1171 1039 1170
f 1028 1029 1042
f 1042 1029 1043
f 1172 1173 1175
f 1175 1173 1174
f 1011 1013 1053
f 1053 1013 1055
f 1005 1009 1070
f 1070 1009 1054
f 996 999 1062
f 1062 999 1063
f 1059 1017 1060
f 1060 1017 1016
f 1150 1149 1059
f 1059 1149 1017
f 1103 1176 1178
f 1178 1176 1177
f 1074 1179 1072
f 1072 1179 1176
f 1083 1086 1102
f 1102 1086 1073
f 1065 1067 1181
f 1181 1067 1180
f 1181 1184 1183
f 1183 1184 1182
f 1188 1185 1187
f 1187 1185 1186
f 799 798 1190
f 1190 798 1189
f 1194 1191 1193
f 1193 1191 1192
f 1195 1196 1194
f 1194 1196 1191
f 1196 1195 1198
f 1198 1195 1197
f 673 1199 674
f 674 1199 1200
f 928 1201 1203
f 1203 1201 1202
f 921 862 1204
f 1204 862 861
f 1207 913 1206
f 1206 913 1205
f 879 882 1209
f 1209 882 1208
f 1164 1167 1211
f 1211 1167 1210
f 768 1213 769
f 769 1213 1212
f 727 1214 728
f 728 1214 1215
f 1217 1218 1216
f 1216 1218 1219
f 812 1221 813
f 813 1221 1220
f 827 828 427
f 427 828 454
f 1165 1222 1224
f 1224 1222 1223
f 1228 1225 1227
f 1227 1225 1226
f 851 1229 848
f 848 1229 1230
f 834 854 835
f 835 854 1231
f 1235 1232 1234
f 1234 1232 1233
f 750 1236 751
f 751 1236 1237
f 743 819 1238
f 1238 819 821
f 1242 1239 1241
f 1241 1239 1240
f 1246 1243 1245
f 1245 1243 1244
f 1248 841 1247
f 1247 841 844
f 1252 1249 1251
f 1251 1249 1250
f 1237 1253 893
f 893 1253 1254
f 1257 1258 1256
f 1256 1258 1255
f 1262 1259 1261
f 1261 1259 1260
f 852 855 903
f 903 855 945
f 1264 945 1263
f 1263 945 855
f 803 801 845
f 845 801 832
f 801 803 721
f 721 803 800
f 799 722 800
f 800 722 721
f 1266 1267 1265
f 1265 1267 1268
f 1270 795 1269
f 1269 795 726
f 1269 726 1271
f 1271 726 725
f 764 738 765
f 765 738 737
f 739 760 740
f 740 760 759
f 1273 1274 1272
f 1272 1274 717
f 1225 1275 1226
f 1226 1275 1163
f 881 1276 882
f 882 1276 1277
f 1041 1040 1027
f 1027 1040 1026
f 934 901 935
f 935 901 900
f 1222 1165 1278
f 1278 1165 1164
f 1278 1164 1279
f 1279 1164 1211
f 1281 453 1280
f 1280 453 442
f 788 1282 785
f 785 1282 1283
f 1287 1284 1286
f 1286 1284 1285
f 1289 1285 1288
f 1288 1285 1284
f 1288 754 1289
f 1289 754 757
f 605 604 675
f 675 604 676
f 1290 1291 1293
f 1293 1291 1292
f 1295 1296 1294
f 1294 1296 1297
f 696 699 694
f 694 699 931
f 1298 1299 592
f 592 1299 589
f 1299 1300 589
f 589 1300 700
f 701 700 1301
f 1301 700 1300
f 805 819 745
f 745 819 743
f 1303 1304 1302
f 1302 1304 1305
f 1306 1307 1305
f 1305 1307 1302
f 592 610 1298
f 1298 610 609
f 587 822 588
f 588 822 1308
f 1308 1309 588
f 588 1309 703
f 1309 571 703
f 703 571 1310
f 1311 1312 789
f 789 1312 790
f 220 1313 223
f 223 1313 825
f 1313 220 1314
f 1314 220 219
f 1312 1311 1316
f 1316 1311 1315
f 1317 1318 1319
f 1319 1318 1241
f 1280 442 1320
f 1320 442 441
f 1321 217 572
f 572 217 216
f 1229 1322 1230
f 1230 1322 1323
f 656 631 1325
f 1325 631 1324
f 1012 1010 1168
f 1168 1010 1034
f 1329 1326 1328
f 1328 1326 1327
f 1201 1330 1202
f 1202 1330 1331
f 1321 572 1309
f 1309 572 571
f 216 1332 572
f 572 1332 573
f 1334 1335 1333
f 1333 1335 1336
f 918 1337 859
f 859 1337 1338
f 863 866 1339
f 1339 866 1340
f 1341 1342 1344
f 1344 1342 1343
f 920 919 1346
f 1346 919 1345
f 1199 673 1348
f 1348 673 1347
f 693 1349 928
f 928 1349 1201
f 1351 1257 1350
f 1350 1257 1256
f 1350 1352 1351
f 1351 1352 1353
f 653 930 654
f 654 930 662
f 1355 1278 1354
f 1354 1278 1279
f 1359 1356 1358
f 1358 1356 1357
f 937 1360 1140
f 1140 1360 1361
f 964 909 1228
f 1228 909 1225
f 901 934 1362
f 1362 934 1139
f 1362 1363 1365
f 1365 1363 1364
f 1367 912 1366
f 1366 912 911
f 1369 1368 1142
f 1142 1368 1143
f 1185 1145 1186
f 1186 1145 1144
f 1186 1144 1175
f 1175 1144 1146
f 1148 1172 1146
f 1146 1172 1175
f 1172 1148 1018
f 1018 1148 1147
f 1149 1019 1147
f 1147 1019 1018
f 1370 1019 1150
f 1150 1019 1149
f 1371 1370 1151
f 1151 1370 1150
f 1151 1153 1371
f 1371 1153 1177
f 1152 1156 1178
f 1178 1156 1372
f 1374 1373 1158
f 1158 1373 1155
f 1157 1159 1376
f 1376 1159 1375
f 1380 1377 1379
f 1379 1377 1378
f 1384 1381 1383
f 1383 1381 1382
f 1387 1385 1386
f 1386 1385 1382
f 1232 1387 1233
f 1233 1387 1386
f 1390 1391 1389
f 1389 1391 1388
f 1395 1392 1394
f 1394 1392 1393
f 1399 1396 1398
f 1398 1396 1397
f 1396 630 1397
f 1397 630 629
f 1342 1400 1343
f 1343 1400 1401
f 1403 1404 1402
f 1402 1404 1405
f 1409 1406 1408
f 1408 1406 1407
f 1413 1410 1412
f 1412 1410 1411
f 1415 794 1414
f 1414 794 793
f 1344 1416 1341
f 1341 1416 1417
f 1418 1347 705
f 705 1347 704
f 1420 742 1419
f 1419 742 741
f 672 1421 669
f 669 1421 1422
f 1424 646 1423
f 1423 646 645
f 611 614 1198
f 1198 614 1196
f 613 1425 614
f 614 1425 1426
f 660 659 616
f 616 659 1427
f 1426 1191 614
f 614 1191 1196
f 590 697 594
f 594 697 696
f 589 700 590
f 590 700 697
f 703 1310 702
f 702 1310 1428
f 1192 1421 689
f 689 1421 672
f 622 1269 648
f 648 1269 1271
f 621 1270 622
f 622 1270 1269
f 1341 1417 1430
f 1430 1417 1429
f 1431 1432 1434
f 1434 1432 1433
f 1436 1437 1435
f 1435 1437 1438
f 1442 1439 1441
f 1441 1439 1440
f 1443 1444 1446
f 1446 1444 1445
f 823 809 938
f 938 809 817
f 1448 811 1447
f 1447 811 810
f 706 679 1450
f 1450 679 1449
f 1451 1205 916
f 916 1205 913
f 1275 1225 912
f 912 1225 909
f 881 880 1453
f 1453 880 1452
f 1444 1401 1445
f 1445 1401 1400
f 1360 937 1454
f 1454 937 936
f 1447 810 1455
f 1455 810 824
f 655 632 656
f 656 632 631
f 966 1456 967
f 967 1456 1457
f 1461 1458 1460
f 1460 1458 1459
f 1463 1461 1462
f 1462 1461 1460
f 975 973 974
f 974 973 972
f 994 991 995
f 995 991 990
f 1174 1033 1187
f 1187 1033 1464
f 1173 1172 1021
f 1021 1172 1018
f 998 1001 999
f 999 1001 1000
f 976 979 1022
f 1022 979 1032
f 982 980 1024
f 1024 980 1023
f 1169 1171 986
f 986 1171 989
f 990 989 1170
f 1170 989 1171
f 995 990 1027
f 1027 990 1170
f 1001 998 1039
f 1039 998 1041
f 999 1000 1063
f 1063 1000 1051
f 1063 1051 1064
f 1064 1051 1066
f 1064 1066 1081
f 1081 1066 1183
f 1178 1372 1103
f 1103 1372 1104
f 1182 1465 1091
f 1091 1465 1092
f 1468 1466 1465
f 1465 1466 1467
f 1469 1470 1184
f 1184 1470 1468
f 1101 1471 1098
f 1098 1471 1095
f 1376 1120 1374
f 1374 1120 1076
f 1132 1127 1472
f 1472 1127 1110
f 1129 1132 1473
f 1473 1132 1472
f 1474 1475 1466
f 1466 1475 1473
f 1113 1116 1118
f 1118 1116 1119
f 1120 1376 1121
f 1121 1376 1375
f 1127 1132 1128
f 1128 1132 1131
f 1361 1228 1476
f 1476 1228 1227
f 1365 1477 1362
f 1362 1477 872
f 1230 1323 1479
f 1479 1323 1478
f 915 914 1481
f 1481 914 1480
f 1276 914 1277
f 1277 914 913
f 1023 1022 1034
f 1034 1022 1168
f 1025 1024 1036
f 1036 1024 1035
f 1027 1170 1041
f 1041 1170 1039
f 1146 1028 1148
f 1148 1028 1042
f 1458 969 1459
f 1459 969 968
f 665 664 1483
f 1483 664 1482
f 1487 1484 1486
f 1486 1484 1485
f 1491 1488 1490
f 1490 1488 1489
f 634 722 1493
f 1493 722 1492
f 1497 1494 1496
f 1496 1494 1495
f 863 1339 1207
f 1207 1339 1498
f 1166 1165 1499
f 1499 1165 1224
f 1160 1163 1500
f 1500 1163 1275
f 1500 877 1160
f 1160 877 1501
f 1479 1502 873
f 873 1502 876
f 945 1264 851
f 851 1264 1229
f 835 1231 839
f 839 1231 871
f 1282 778 1283
f 1283 778 1503
f 716 715 1505
f 1505 715 1504
f 1446 1445 1507
f 1507 1445 1506
f 791 1381 792
f 792 1381 779
f 1342 1341 1409
f 1409 1341 1430
f 1417 1508 1429
f 1429 1508 1411
f 1511 1509 1510
f 1510 1509 635
f 1316 1315 1380
f 1380 1315 1377
f 1445 1400 1506
f 1506 1400 1408
f 1333 1336 917
f 917 1336 918
f 870 1512 1514
f 1514 1512 1513
f 1364 1363 1516
f 1516 1363 1515
f 1276 881 1517
f 1517 881 1453
f 1519 993 1518
f 1518 993 992
f 955 1518 1029
f 1029 1518 1520
f 1040 1521 1026
f 1026 1521 1520
f 1043 1521 1015
f 1015 1521 1522
f 996 1523 997
f 997 1523 1522
f 1060 1016 1524
f 1524 1016 1523
f 1061 1525 1062
f 1062 1525 1524
f 1079 1527 1526
f 1526 1527 1528
f 1093 1529 1094
f 1094 1529 1528
f 1531 1112 1530
f 1530 1112 1111
f 1533 1123 1532
f 1532 1123 1105
f 1140 1139 937
f 937 1139 934
f 1362 1139 1363
f 1363 1139 1138
f 1278 1355 1222
f 1222 1355 1534
f 1222 1534 1223
f 1223 1534 1535
f 821 587 1238
f 1238 587 586
f 1319 711 1317
f 1317 711 1536
f 1199 1537 1200
f 1200 1537 1538
f 1416 1539 1417
f 1417 1539 1508
f 1540 1541 840
f 840 1541 837
f 1231 898 871
f 871 898 901
f 1500 1275 1367
f 1367 1275 912
f 1543 1379 1542
f 1542 1379 1395
f 1544 1508 772
f 772 1508 1539
f 1402 1545 1403
f 1403 1545 1546
f 1550 1547 1549
f 1549 1547 1548
f 1547 1551 1548
f 1548 1551 1552
f 1556 1553 1555
f 1555 1553 1554
f 1560 1557 1559
f 1559 1557 1558
f 1564 1561 1563
f 1563 1561 1562
f 1568 1565 1567
f 1567 1565 1566
f 1572 1569 1571
f 1571 1569 1570
f 1576 1573 1575
f 1575 1573 1574
f 1569 1572 1578
f 1578 1572 1577
f 1582 1579 1581
f 1581 1579 1580
f 1586 1583 1585
f 1585 1583 1584
f 1589 1587 1555
f 1555 1587 1588
f 1593 1590 1592
f 1592 1590 1591
f 1597 1594 1596
f 1596 1594 1595
f 1576 1597 1581
f 1581 1597 1596
f 1569 1598 1570
f 1570 1598 1599
f 1603 1600 1602
f 1602 1600 1601
f 1607 1604 1606
f 1606 1604 1605
f 1565 1568 1609
f 1609 1568 1608
f 1613 1610 1612
f 1612 1610 1611
f 1617 1614 1616
f 1616 1614 1615
f 1616 1618 1617
f 1617 1618 1619
f 1623 1620 1622
f 1622 1620 1621
f 1627 1624 1626
f 1626 1624 1625
f 1631 1628 1630
f 1630 1628 1629
f 1635 1632 1634
f 1634 1632 1633
f 1636 1637 1639
f 1639 1637 1638
f 1643 1640 1642
f 1642 1640 1641
f 1645 1644 1627
f 1627 1644 1624
f 1649 1646 1648
f 1648 1646 1647
f 1653 1650 1652
f 1652 1650 1651
f 1655 1656 1654
f 1654 1656 1657
f 1661 1658 1660
f 1660 1658 1659
f 1628 1631 1663
f 1663 1631 1662
f 1666 1664 1665
f 1665 1664 1651
f 1617 1619 1656
f 1656 1619 1667
f 1671 1668 1670
f 1670 1668 1669
f 1673 1672 1635
f 1635 1672 1632
f 1639 1638 1675
f 1675 1638 1674
f 1679 1676 1678
f 1678 1676 1677
f 1680 1640 1681
f 1681 1640 1643
f 1682 1683 1643
f 1643 1683 1681
f 1232 1235 1669
f 1669 1235 1670
f 1675 1674 1399
f 1399 1674 1396
f 627 630 1679
f 1679 630 1676
f 1311 1680 1315
f 1315 1680 1681
f 1315 1681 1377
f 1377 1681 1683
f 1385 1387 1673
f 1673 1387 1672
f 1685 1646 1684
f 1684 1646 1636
f 1689 1686 1688
f 1688 1686 1687
f 1585 1690 1586
f 1586 1690 1691
f 1693 1551 1692
f 1692 1551 1599
f 1557 1694 1558
f 1558 1694 1552
f 1614 1695 1615
f 1615 1695 1696
f 1623 1697 1699
f 1699 1697 1698
f 1700 1701 1703
f 1703 1701 1702
f 1707 1704 1706
f 1706 1704 1705
f 1708 1709 1640
f 1640 1709 1641
f 1710 1711 1713
f 1713 1711 1712
f 1652 1655 1653
f 1653 1655 1654
f 1713 1712 1699
f 1699 1712 1714
f 1715 1710 1716
f 1716 1710 1713
f 1717 1708 1680
f 1680 1708 1640
f 1393 1392 1715
f 1715 1392 1710
f 1721 1718 1720
f 1720 1718 1719
f 789 1717 1311
f 1311 1717 1680
f 1710 1392 1711
f 1711 1392 1378
f 1720 1719 1391
f 1391 1719 1388
f 1723 1606 1722
f 1722 1606 1689
f 1567 1724 1568
f 1568 1724 1725
f 1646 1685 1647
f 1647 1685 1726
f 1553 1727 1554
f 1554 1727 1728
f 1686 1600 1687
f 1687 1600 1591
f 1594 1729 1595
f 1595 1729 1730
f 1604 1731 1605
f 1605 1731 1601
f 1734 1732 1663
f 1663 1732 1733
f 1736 1639 1735
f 1735 1639 1675
f 1645 1737 1644
f 1644 1737 1658
f 1631 1724 1662
f 1662 1724 1726
f 1735 1675 1738
f 1738 1675 1399
f 1619 1739 1667
f 1667 1739 1621
f 1741 1620 1740
f 1740 1620 1714
f 1592 1549 1593
f 1593 1549 1742
f 1550 1603 1571
f 1571 1603 1602
f 1722 1689 1690
f 1690 1689 1688
f 1579 1582 1559
f 1559 1582 1588
f 1738 1385 1735
f 1735 1385 1673
f 1387 1232 1672
f 1672 1232 1669
f 1743 1573 1692
f 1692 1573 1580
f 1711 1378 1683
f 1683 1378 1377
f 1745 1744 1666
f 1666 1744 1664
f 1695 1664 1696
f 1696 1664 1744
f 1748 1732 1747
f 1747 1732 1746
f 1677 1749 1678
f 1678 1749 1750
f 1678 1750 1708
f 1708 1750 1709
f 1672 1669 1632
f 1632 1669 1668
f 1732 1734 1746
f 1746 1734 1633
f 1679 1678 1717
f 1717 1678 1708
f 789 627 1717
f 1717 627 1679
f 1722 1564 1723
f 1723 1564 1563
f 1583 1751 1584
f 1584 1751 1728
f 630 1396 1676
f 1676 1396 1674
f 1565 1745 1566
f 1566 1745 1666
f 1628 1645 1629
f 1629 1645 1627
f 1637 1749 1638
f 1638 1749 1677
f 1752 1649 1665
f 1665 1649 1648
f 1657 1741 1642
f 1642 1741 1740
f 1638 1677 1674
f 1674 1677 1676
f 1683 1682 1711
f 1711 1682 1712
f 1739 1619 1753
f 1753 1619 1618
f 1753 1702 1739
f 1739 1702 1701
f 1755 1756 1214
f 1214 1756 1754
f 941 619 1757
f 1757 619 647
f 691 1758 1193
f 1193 1758 1759
f 1761 1420 1760
f 1760 1420 1419
f 1763 683 1762
f 1762 683 682
f 1384 1413 780
f 780 1413 1412
f 1413 1384 1398
f 1398 1384 1383
f 1197 1424 1764
f 1764 1424 1423
f 1286 1538 1287
f 1287 1538 1537
f 1736 1635 1684
f 1684 1635 1634
f 1630 1725 1631
f 1631 1725 1724
f 1729 1610 1730
f 1730 1610 1562
f 1635 1736 1673
f 1673 1736 1735
f 1757 1195 941
f 941 1195 1194
f 199 1765 200
f 200 1765 1766
f 479 476 500
f 500 476 475
f 498 558 483
f 483 558 487
f 550 546 551
f 551 546 545
f 1314 219 1281
f 1281 219 453
f 219 208 453
f 453 208 298
f 1767 368 199
f 199 368 1765
f 404 363 405
f 405 363 523
f 402 405 533
f 533 405 523
f 207 299 208
f 208 299 298
f 300 176 207
f 207 176 299
f 202 173 300
f 300 173 176
f 201 174 202
f 202 174 173
f 1336 1768 918
f 918 1768 1337
f 859 1338 1770
f 1770 1338 1769
f 581 570 578
f 578 570 1771
f 555 562 580
f 580 562 561
f 548 501 1772
f 1772 501 504
f 543 584 542
f 542 584 517
f 544 516 514
f 514 516 515
f 516 544 517
f 517 544 542
f 581 580 575
f 575 580 561
f 570 581 569
f 569 581 575
f 547 1773 548
f 548 1773 501
f 1771 570 1775
f 1775 570 1774
f 1767 1776 368
f 368 1776 369
f 1776 375 369
f 369 375 372
f 1320 1308 1280
f 1280 1308 822
f 1280 822 1281
f 1281 822 820
f 1281 820 1314
f 1314 820 818
f 1314 818 1313
f 1313 818 804
f 807 814 825
f 825 814 826
f 814 813 826
f 826 813 827
f 813 1220 827
f 827 1220 828
f 547 555 579
f 579 555 580
f 1477 1540 872
f 872 1540 840
f 1765 368 499
f 499 368 367
f 499 525 1765
f 1765 525 1766
f 525 526 1766
f 1766 526 1777
f 384 362 527
f 527 362 520
f 361 1778 519
f 519 1778 528
f 369 372 1779
f 1779 372 371
f 478 370 1779
f 1779 370 369
f 374 478 371
f 371 478 1779
f 1778 1777 528
f 528 1777 526
f 1781 1782 1780
f 1780 1782 1783
f 64 67 460
f 460 67 431
f 72 74 338
f 338 74 68
f 1785 1782 1784
f 1784 1782 1786
f 1787 1788 1790
f 1790 1788 1789
f 1793 1791 1789
f 1789 1791 1792
f 1791 1794 1792
f 1792 1794 1795
f 1794 1796 1795
f 1795 1796 1797
f 868 938 1798
f 1798 938 1797
f 869 868 1799
f 1799 868 1798
f 1451 1800 1802
f 1802 1800 1801
f 1803 1804 1205
f 1205 1804 1206
f 1805 1806 864
f 864 1806 865
f 1808 865 1807
f 1807 865 1806
f 68 71 338
f 287 328 288
f 1320 1321 1308
f 1308 1321 1309
f 1321 1320 217
f 217 1320 441
f 218 217 152
f 152 217 441
f 152 151 218
f 218 151 286
f 286 151 310
f 310 151 297
f 310 297 307
f 307 297 296
f 284 307 143
f 143 307 296
f 104 284 56
f 56 284 143
f 63 104 59
f 59 104 56
f 60 63 102
f 102 63 59
f 282 60 94
f 94 60 102
f 93 459 279
f 279 459 77
f 78 77 460
f 460 77 459
f 295 78 431
f 431 78 460
f 292 295 49
f 49 295 431
f 48 421 49
f 49 421 292
f 429 418 278
f 278 418 276
f 278 317 429
f 429 317 432
f 432 317 433
f 433 317 316
f 316 326 433
f 433 326 324
f 1536 592 1809
f 1809 592 591
f 1810 744 1812
f 1812 744 1811
f 1816 1813 1815
f 1815 1813 1814
f 1817 748 1818
f 1818 748 747
f 1817 1810 1819
f 1819 1810 1812
f 749 748 1821
f 1821 748 1820
f 1825 1822 1824
f 1824 1822 1823
f 1829 1826 1828
f 1828 1826 1827
f 1833 1830 1832
f 1832 1830 1831
f 1826 1243 1827
f 1827 1243 1834
f 825 1313 807
f 807 1313 804
f 1835 1253 1236
f 1236 1253 1237
f 1435 1438 1837
f 1837 1438 1836
f 1839 1840 1505
f 1505 1840 1838
f 1841 1842 716
f 716 1842 713
f 1845 1510 1844
f 1844 1510 1843
f 1849 1846 1848
f 1848 1846 1847
f 1239 1822 1240
f 1240 1822 1850
f 1830 637 1831
f 1831 637 636
f 1852 1853 1851
f 1851 1853 1854
f 1855 1856 1858
f 1858 1856 1857
f 1860 1859 1849
f 1849 1859 1846
f 1343 1401 1509
f 1509 1401 1861
f 1509 1861 635
f 635 1861 636
f 1865 1862 1864
f 1864 1862 1863
f 1283 1503 1867
f 1867 1503 1866
f 682 681 1867
f 1867 681 1868
f 1286 1285 683
f 683 1285 684
f 757 756 1274
f 1274 756 1869
f 1869 718 1274
f 1274 718 717
f 720 719 1433
f 1433 719 1434
f 1200 1538 1545
f 1545 1538 1763
f 1273 684 1289
f 1289 684 1285
f 684 1273 681
f 681 1273 1272
f 785 1283 1868
f 1868 1283 1867
f 786 785 1870
f 1870 785 1868
f 1289 757 1273
f 1273 757 1274
f 1872 1871 1416
f 1416 1871 1539
f 1404 1403 1871
f 1871 1403 773
f 675 674 1405
f 1405 674 1402
f 1874 1865 1873
f 1873 1865 1864
f 1510 635 1843
f 1843 635 638
f 1344 1343 1511
f 1511 1343 1509
f 1871 773 1539
f 1539 773 772
f 1545 1402 1200
f 1200 1402 674
f 1538 1286 1763
f 1763 1286 683
f 1876 1875 1443
f 1443 1875 1444
f 1832 1831 1876
f 1876 1831 1875
f 1511 1872 1344
f 1344 1872 1416
f 1879 774 1878
f 1878 774 1877
f 1846 1879 1847
f 1847 1879 1878
f 1881 1880 1848
f 1848 1880 714
f 1875 1861 1444
f 1444 1861 1401
f 1831 636 1875
f 1875 636 1861
f 1862 1882 1863
f 1863 1882 1823
f 1440 1883 1441
f 1441 1883 1884
f 1851 1884 1852
f 1852 1884 1883
f 1888 1885 1887
f 1887 1885 1886
f 1890 1359 1889
f 1889 1359 1358
f 1891 1886 1892
f 1892 1886 1885
f 1893 775 1879
f 1879 775 774
f 1859 1893 1846
f 1846 1893 1879
f 1849 713 1860
f 1860 713 1842
f 1896 1894 1895
f 1895 1894 1318
f 1898 1874 1897
f 1897 1874 1873
f 1898 605 1899
f 1899 605 675
f 1899 675 1844
f 1844 675 1405
f 1844 1405 1845
f 1845 1405 1404
f 1809 591 1296
f 1296 591 593
f 1295 1292 1900
f 1900 1292 1895
f 1896 1291 1897
f 1897 1291 606
f 1872 1511 1845
f 1845 1511 1510
f 1871 1872 1404
f 1404 1872 1845
f 1546 1762 770
f 770 1762 1866
f 1867 1866 682
f 682 1866 1762
f 681 1272 1868
f 1868 1272 1870
f 1272 717 1870
f 1870 717 720
f 1870 720 786
f 786 720 1433
f 786 1433 787
f 787 1433 1432
f 787 1432 1414
f 1414 1432 1261
f 1415 1260 1234
f 1234 1260 1389
f 1719 1670 1388
f 1388 1670 1235
f 1718 1671 1719
f 1719 1671 1670
f 1671 1718 1747
f 1747 1718 1705
f 1748 1704 1901
f 1901 1704 1659
f 1904 1902 1903
f 1903 1902 1877
f 1259 1905 1390
f 1390 1905 1394
f 1391 1393 1720
f 1720 1393 1715
f 1720 1715 1721
f 1721 1715 1716
f 1721 1716 1706
f 1706 1716 1698
f 48 47 276
f 276 47 277
f 84 96 81
f 81 96 82
f 85 81 70
f 70 81 80
f 89 88 97
f 97 88 99
f 90 100 88
f 88 100 99
f 94 102 95
f 95 102 101
f 281 280 1907
f 1907 280 1906
f 85 89 86
f 86 89 97
f 281 61 282
f 282 61 60
f 47 46 82
f 82 46 83
f 293 292 420
f 420 292 421
f 420 419 1909
f 1909 419 1908
f 90 91 95
f 95 91 92
f 94 93 282
f 282 93 279
f 421 48 418
f 418 48 276
f 1707 1697 1660
f 1660 1697 1910
f 1644 1700 1624
f 1624 1700 1703
f 1697 1623 1910
f 1910 1623 1622
f 1661 1911 1700
f 1700 1911 1701
f 1658 1661 1644
f 1644 1661 1700
f 1645 1733 1737
f 1737 1733 1901
f 1731 1604 1912
f 1912 1604 1625
f 1914 1731 1913
f 1913 1731 1912
f 1572 1914 1577
f 1577 1914 1913
f 1915 1578 1616
f 1616 1578 1618
f 1743 1598 1916
f 1916 1598 1915
f 1573 1743 1574
f 1574 1743 1916
f 1597 1576 1917
f 1917 1576 1575
f 1594 1597 1609
f 1609 1597 1917
f 1610 1729 1611
f 1611 1729 1608
f 1630 1629 1612
f 1612 1629 1918
f 1629 1627 1918
f 1918 1627 1626
f 1922 1919 1921
f 1921 1919 1920
f 1920 1924 1923
f 1923 1924 1925
f 1925 1924 1927
f 1927 1924 1926
f 1931 1928 1930
f 1930 1928 1929
f 1932 1933 1935
f 1935 1933 1934
f 1939 1936 1938
f 1938 1936 1937
f 1941 1942 1940
f 1940 1942 1943
f 1946 1944 1945
f 1945 1944 1941
f 1949 1694 1948
f 1948 1694 1947
f 1950 1951 1953
f 1953 1951 1952
f 1589 1954 1956
f 1956 1954 1955
f 1932 1957 1956
f 1956 1957 1958
f 1933 1959 1934
f 1934 1959 1960
f 1964 1961 1963
f 1963 1961 1962
f 1954 1751 1955
f 1955 1751 1965
f 1957 1932 1930
f 1930 1932 1935
f 1951 1950 1926
f 1926 1950 1929
f 1966 1967 1593
f 1593 1967 1590
f 1964 1968 1967
f 1967 1968 1969
f 1971 1970 1921
f 1921 1970 1962
f 1968 1964 1945
f 1945 1964 1963
f 1919 1922 1948
f 1948 1922 1972
f 1922 1961 1972
f 1972 1961 1966
f 1560 1587 1953
f 1953 1587 1958
f 1974 1975 1973
f 1973 1975 1976
f 1691 1977 1979
f 1979 1977 1978
f 1586 1691 1975
f 1975 1691 1979
f 1980 1939 1942
f 1942 1939 1938
f 1694 1557 1947
f 1947 1557 1952
f 1977 1981 1978
f 1978 1981 1969
f 1985 1982 1984
f 1984 1982 1983
f 1986 1987 1989
f 1989 1987 1988
f 1990 1991 1983
f 1983 1991 1984
f 1990 1993 1992
f 1992 1993 1994
f 1995 1996 1994
f 1994 1996 1997
f 2001 1998 2000
f 2000 1998 1999
f 2005 2002 2004
f 2004 2002 2003
f 2009 2006 2008
f 2008 2006 2007
f 2013 2010 2012
f 2012 2010 2011
f 2014 2015 2017
f 2017 2015 2016
f 2020 2021 2019
f 2019 2021 2018
f 2022 1989 2024
f 2024 1989 2023
f 1989 1988 2023
f 2023 1988 2025
f 2027 2014 2026
f 2026 2014 2017
f 2031 2028 2030
f 2030 2028 2029
f 2035 2032 2034
f 2034 2032 2033
f 2037 2036 2035
f 2035 2036 2032
f 2041 2038 2040
f 2040 2038 2039
f 1982 2042 1983
f 1983 2042 2043
f 2047 2044 2046
f 2046 2044 2045
f 2051 2048 2050
f 2050 2048 2049
f 2055 2052 2054
f 2054 2052 2053
f 2059 2056 2058
f 2058 2056 2057
f 2034 2033 2061
f 2061 2033 2060
f 2065 2062 2064
f 2064 2062 2063
f 2066 2035 2067
f 2067 2035 2034
f 2069 2039 2068
f 2068 2039 2038
f 2071 2023 2070
f 2070 2023 2025
f 2023 2071 2024
f 2024 2071 2072
f 2019 2073 2020
f 2020 2073 2074
f 2075 2047 2049
f 2049 2047 2050
f 1993 1990 2043
f 2043 1990 1983
f 2006 2050 2007
f 2007 2050 2076
f 2077 2051 2006
f 2006 2051 2050
f 2081 2078 2080
f 2080 2078 2079
f 2082 2083 2085
f 2085 2083 2084
f 2087 2086 2013
f 2013 2086 2010
f 2032 2088 2033
f 2033 2088 2089
f 2033 2089 2060
f 2060 2089 2090
f 2094 2091 2093
f 2093 2091 2092
f 2097 2095 1986
f 1986 2095 2096
f 2097 1986 2022
f 2022 1986 1989
f 2015 2094 2016
f 2016 2094 2098
f 2016 2098 2100
f 2100 2098 2099
f 2101 2017 2100
f 2100 2017 2016
f 2017 2101 2026
f 2026 2101 2102
f 2100 2099 2104
f 2104 2099 2103
f 2104 2105 2100
f 2100 2105 2101
f 2102 2101 2106
f 2106 2101 2105
f 2109 2107 2061
f 2061 2107 2108
f 2020 2110 2112
f 2112 2110 2111
f 2113 2110 2074
f 2074 2110 2020
f 2117 2114 2116
f 2116 2114 2115
f 2120 1995 2119
f 2119 1995 2118
f 2014 2027 2122
f 2122 2027 2121
f 2123 2044 2075
f 2075 2044 2047
f 2126 2127 2125
f 2125 2127 2124
f 2131 2128 2130
f 2130 2128 2129
f 2058 2057 2133
f 2133 2057 2132
f 2134 1999 2136
f 2136 1999 2135
f 2139 2137 2138
f 2138 2137 2055
f 2143 2140 2142
f 2142 2140 2141
f 2065 2064 2082
f 2082 2064 2083
f 2082 2144 2065
f 2065 2144 2145
f 2147 2041 2146
f 2146 2041 2040
f 2149 2148 2090
f 2090 2148 2060
f 2150 2137 2051
f 2051 2137 2048
f 2151 1997 2135
f 2135 1997 1996
f 2051 2077 2150
f 2150 2077 2152
f 2119 2118 2045
f 2045 2118 2046
f 2156 2153 2155
f 2155 2153 2154
f 2160 2157 2159
f 2159 2157 2158
f 2164 2161 2163
f 2163 2161 2162
f 2166 2165 2163
f 2163 2165 2164
f 2170 2167 2169
f 2169 2167 2168
f 2173 2171 2172
f 2172 2171 2003
f 2176 2002 2175
f 2175 2002 2174
f 2062 2065 2177
f 2177 2065 2145
f 2178 2179 2180
f 2180 2179 2134
f 2150 2152 2052
f 2052 2152 2181
f 2146 2040 2182
f 2182 2040 2127
f 2161 2131 2162
f 2162 2131 2130
f 2137 2150 2055
f 2055 2150 2052
f 2186 2183 2185
f 2185 2183 2184
f 2159 2030 2160
f 2160 2030 2187
f 2182 2188 2146
f 2146 2188 2029
f 2192 2189 2191
f 2191 2189 2190
f 2002 2176 2003
f 2003 2176 2172
f 2135 1999 2151
f 2151 1999 1998
f 2176 2062 2172
f 2172 2062 2177
f 2193 2173 2177
f 2177 2173 2172
f 2195 2064 2194
f 2194 2064 2063
f 2198 2196 2197
f 2197 2196 2066
f 2199 2174 2005
f 2005 2174 2002
f 2171 2200 2003
f 2003 2200 2004
f 2200 2171 2201
f 2201 2171 2198
f 2201 2198 2202
f 2202 2198 2197
f 2204 2203 2197
f 2197 2203 2202
f 2171 2173 2198
f 2198 2173 2196
f 2205 2069 2170
f 2170 2069 2206
f 2067 2204 2066
f 2066 2204 2197
f 2208 2108 2207
f 2207 2108 2107
f 2207 2209 2208
f 2208 2209 2210
f 2185 2211 2212
f 2212 2211 2214
f 2214 2211 2213
f 2214 2213 2001
f 2001 2213 1998
f 2000 1999 2215
f 2215 1999 2134
f 2218 2219 2217
f 2217 2219 2216
f 2170 2206 2167
f 2167 2206 2220
f 2221 2206 2068
f 2068 2206 2069
f 2213 2222 1998
f 1998 2222 2151
f 2039 2069 2124
f 2124 2069 2205
f 2128 2143 2223
f 2223 2143 2142
f 2185 2202 2186
f 2186 2202 2203
f 2224 2211 2184
f 2184 2211 2185
f 2226 2222 2225
f 2225 2222 2224
f 2228 2072 2227
f 2227 2072 2071
f 2229 2074 2230
f 2230 2074 2073
f 2074 2229 2113
f 2113 2229 2231
f 2224 2227 2225
f 2225 2227 2232
f 2028 2031 2234
f 2234 2031 2233
f 2229 2235 2231
f 2231 2235 2236
f 2235 2229 2183
f 2183 2229 2230
f 1986 2096 1987
f 1987 2096 2237
f 2239 2181 2238
f 2238 2181 2152
f 2241 2081 2240
f 2240 2081 2080
f 1970 1971 2242
f 2242 1971 2236
f 1925 2113 1923
f 1923 2113 2231
f 1928 2111 1927
f 1927 2111 2110
f 2103 2111 1931
f 1931 2111 1928
f 1931 2243 2103
f 2103 2243 2104
f 2105 2104 2244
f 2244 2104 2243
f 2109 2148 1980
f 1980 2148 1939
f 2107 2109 1944
f 1944 2109 1980
f 2209 2207 2245
f 2245 2207 1946
f 2242 2209 1970
f 1970 2209 2245
f 1971 1923 2236
f 2236 1923 2231
f 2113 1925 2110
f 2110 1925 1927
f 2147 2028 2246
f 2246 2028 2234
f 2058 2247 2059
f 2059 2247 2248
f 2250 2249 2117
f 2117 2249 2114
f 2254 2251 2253
f 2253 2251 2252
f 2091 2094 2255
f 2255 2094 2015
f 2256 2255 2014
f 2014 2255 2015
f 2144 2258 2145
f 2145 2258 2257
f 2044 2123 2161
f 2161 2123 2131
f 2045 2044 2164
f 2164 2044 2161
f 2165 2119 2164
f 2164 2119 2045
f 2119 2165 2120
f 2120 2165 2259
f 2120 2259 2261
f 2261 2259 2260
f 2262 2125 2205
f 2205 2125 2124
f 2264 2178 2263
f 2263 2178 2180
f 2093 2092 2266
f 2266 2092 2265
f 1992 2267 2268
f 2184 2228 2224
f 2224 2228 2227
f 2141 2049 2269
f 2269 2049 2048
f 2167 2157 2168
f 2168 2157 2129
f 2140 2075 2141
f 2141 2075 2049
f 2270 2199 2271
f 2271 2199 2215
f 2269 2272 2141
f 2141 2272 2142
f 2102 2090 2026
f 2026 2090 2089
f 2028 2147 2029
f 2029 2147 2146
f 2112 2111 2099
f 2099 2111 2103
f 2148 2109 2060
f 2060 2109 2061
f 2038 2041 2274
f 2274 2041 2273
f 2136 2261 2275
f 2275 2261 2260
f 2276 2132 2138
f 2138 2132 2057
f 2139 2056 2269
f 2269 2056 2272
f 2199 2270 2278
f 2278 2270 2277
f 2187 2030 2188
f 2188 2030 2029
f 2040 2039 2127
f 2127 2039 2124
f 2083 2064 2279
f 2279 2064 2195
f 2138 2057 2139
f 2139 2057 2056
f 2248 2247 2277
f 2277 2247 2278
f 2175 2063 2176
f 2176 2063 2062
f 2209 2242 2210
f 2210 2242 2280
f 2031 2281 2233
f 2233 2281 2282
f 2221 2283 2219
f 2219 2283 2216
f 2219 2218 2220
f 2220 2218 2158
f 2281 2218 2282
f 2282 2218 2217
f 2157 2167 2158
f 2158 2167 2220
f 2263 2128 2264
f 2264 2128 2223
f 1995 2120 1996
f 1996 2120 2261
f 2213 2211 2222
f 2222 2211 2224
f 2068 2284 2221
f 2221 2284 2283
f 2261 2136 1996
f 1996 2136 2135
f 2241 2258 2081
f 2081 2258 2144
f 2242 2236 2280
f 2280 2236 2235
f 2041 2147 2273
f 2273 2147 2246
f 2088 2032 2285
f 2285 2032 2036
f 2238 2152 2286
f 2286 2152 2077
f 1959 1973 1960
f 1960 1973 1937
f 2227 2071 2232
f 2232 2071 2070
f 2244 2287 2105
f 2105 2287 2106
f 2148 2149 1939
f 1939 2149 1936
f 2207 2107 1946
f 1946 2107 1944
f 2121 2027 2285
f 2285 2027 2088
f 2254 2253 2250
f 2250 2253 2249
f 2286 2077 2009
f 2009 2077 2006
f 2087 2288 2086
f 2086 2288 2289
f 2272 2290 2142
f 2142 2290 2223
f 2128 2131 2143
f 2143 2131 2123
f 2175 2153 2291
f 2291 2153 2156
f 2294 2278 2293
f 2293 2278 2292
f 2143 2123 2140
f 2140 2123 2075
f 2169 2180 2262
f 2262 2180 2275
f 2134 2136 2180
f 2180 2136 2275
f 2274 2284 2038
f 2038 2284 2068
f 2166 2182 2126
f 2126 2182 2127
f 2094 2093 2098
f 2098 2093 2021
f 2098 2021 2099
f 2099 2021 2112
f 2093 2266 2021
f 2021 2266 2018
f 2288 2252 2289
f 2289 2252 2251
f 2222 2226 2151
f 2151 2226 1997
f 2219 2220 2221
f 2221 2220 2206
f 2137 2139 2048
f 2048 2139 2269
f 2218 2281 2158
f 2158 2281 2159
f 2191 2190 2155
f 2155 2190 2156
f 1751 1583 1965
f 1965 1583 1974
f 2026 2089 2027
f 2027 2089 2088
f 2281 2031 2159
f 2159 2031 2030
f 2090 2102 2149
f 2149 2102 2106
f 2149 2106 1936
f 1936 2106 2287
f 2293 2154 2294
f 2294 2154 2153
f 2021 2020 2112
f 2292 2278 2295
f 2295 2278 2247
f 2284 2296 2283
f 2283 2296 2297
f 2284 2274 2296
f 2296 2274 2298
f 2299 2298 2273
f 2273 2298 2274
f 2299 2273 2300
f 2300 2273 2246
f 2283 2297 2216
f 2216 2297 2301
f 2216 2301 2217
f 2217 2301 2302
f 2302 2303 2217
f 2217 2303 2282
f 2305 2304 2297
f 2297 2304 2301
f 2307 2308 2306
f 2306 2308 2309
f 2311 2307 2310
f 2310 2307 2306
f 2307 2312 2308
f 2308 2312 2313
f 2316 2312 2315
f 2315 2312 2314
f 2313 2312 2317
f 2317 2312 2316
f 2318 2313 2305
f 2305 2313 2317
f 2307 2311 2312
f 2312 2311 2314
f 2319 2320 2322
f 2322 2320 2321
f 2322 2311 2319
f 2319 2311 2310
f 2308 2313 2309
f 2309 2313 2318
f 2309 2318 2298
f 2298 2318 2296
f 2309 2298 2323
f 2323 2298 2299
f 2306 2309 2324
f 2324 2309 2323
f 2325 2310 2324
f 2324 2310 2306
f 2305 2297 2318
f 2318 2297 2296
f 2319 2310 2326
f 2326 2310 2325
f 2324 2327 2325
f 2325 2327 2328
f 2325 2328 2326
f 2326 2328 2329
f 2327 2330 2328
f 2328 2330 2331
f 2330 2327 2333
f 2333 2327 2332
f 2334 2329 2331
f 2331 2329 2328
f 2324 2323 2327
f 2327 2323 2332
f 2323 2299 2332
f 2332 2299 2300
f 2326 2335 2319
f 2319 2335 2320
f 2305 2317 2336
f 2336 2317 2316
f 2315 2337 2316
f 2316 2337 2336
f 2305 2336 2304
f 2304 2336 2338
f 2337 2339 2336
f 2336 2339 2338
f 2337 2315 2341
f 2341 2315 2340
f 2246 2234 2300
f 2300 2234 2342
f 2233 2282 2343
f 2343 2282 2303
f 2343 2342 2233
f 2233 2342 2234
f 2342 2343 2333
f 2333 2343 2344
f 2333 2344 2330
f 2330 2344 2345
f 2343 2303 2344
f 2344 2303 2346
f 2342 2333 2300
f 2300 2333 2332
f 2347 2346 2302
f 2302 2346 2303
f 2347 2302 2304
f 2304 2302 2301
f 2348 2347 2338
f 2338 2347 2304
f 2348 2349 2347
f 2347 2349 2346
f 2348 2350 2349
f 2349 2350 2351
f 2344 2346 2345
f 2345 2346 2349
f 2352 2345 2351
f 2351 2345 2349
f 2338 2339 2348
f 2348 2339 2350
f 2350 2339 2353
f 2353 2339 2354
f 2356 2357 2355
f 2355 2357 2353
f 2351 2350 2357
f 2357 2350 2353
f 2335 2355 2354
f 2354 2355 2353
f 2354 2341 2335
f 2335 2341 2320
f 2339 2337 2354
f 2354 2337 2341
f 2330 2345 2331
f 2331 2345 2352
f 2356 2334 2352
f 2352 2334 2331
f 2351 2357 2352
f 2352 2357 2356
f 2355 2329 2356
f 2356 2329 2334
f 2329 2355 2326
f 2326 2355 2335
f 2311 2322 2314
f 2314 2322 2321
f 2321 2320 2340
f 2340 2320 2341
f 2321 2340 2314
f 2314 2340 2315
f 2125 2260 2126
f 2126 2260 2259
f 2130 2129 2160
f 2160 2129 2157
f 2188 2163 2187
f 2187 2163 2162
f 2163 2188 2166
f 2166 2188 2182
f 2168 2263 2169
f 2169 2263 2180
f 2187 2162 2160
f 2160 2162 2130
f 2275 2260 2262
f 2262 2260 2125
f 2168 2129 2263
f 2263 2129 2128
f 2262 2205 2169
f 2169 2205 2170
f 2126 2259 2166
f 2166 2259 2165
f 2360 2361 2359
f 2359 2361 2358
f 2365 2362 2364
f 2364 2362 2363
f 2362 2366 2363
f 2363 2366 2367
f 2370 2371 2369
f 2369 2371 2368
f 2059 2248 2373
f 2373 2248 2372
f 2375 2365 2374
f 2374 2365 2364
f 2379 2376 2378
f 2378 2376 2377
f 2380 2381 2290
f 2290 2381 2223
f 2382 2264 2381
f 2381 2264 2223
f 2383 2384 2386
f 2386 2384 2385
f 2374 2364 2387
f 2387 2364 2371
f 2373 2380 2059
f 2059 2380 2290
f 2378 2360 2379
f 2379 2360 2388
f 2389 2359 2387
f 2387 2359 2374
f 2390 2367 2386
f 2386 2367 2391
f 2395 2392 2394
f 2394 2392 2393
f 2386 2391 2383
f 2383 2391 2396
f 2397 2391 2366
f 2366 2391 2367
f 2390 2368 2367
f 2367 2368 2363
f 2358 2361 2399
f 2399 2361 2398
f 2375 2358 2400
f 2400 2358 2399
f 2368 2390 2369
f 2369 2390 2401
f 2383 2376 2384
f 2384 2376 2372
f 2359 2358 2374
f 2374 2358 2375
f 2362 2365 2403
f 2403 2365 2402
f 2388 2360 2389
f 2389 2360 2359
f 2364 2363 2371
f 2371 2363 2368
f 2361 2404 2398
f 2398 2404 2405
f 2397 2406 2395
f 2395 2406 2392
f 2395 2394 2396
f 2396 2394 2377
f 2405 2404 2393
f 2393 2404 2394
f 2396 2377 2383
f 2383 2377 2376
f 2366 2407 2397
f 2397 2407 2406
f 2365 2375 2402
f 2402 2375 2400
f 2271 2401 2270
f 2270 2401 2385
f 2366 2362 2407
f 2407 2362 2403
f 2382 2387 2370
f 2370 2387 2371
f 2395 2396 2397
f 2397 2396 2391
f 2394 2404 2377
f 2377 2404 2378
f 2404 2361 2378
f 2378 2361 2360
f 2407 2408 2406
f 2406 2408 2409
f 2410 2408 2403
f 2403 2408 2407
f 2403 2402 2410
f 2410 2402 2411
f 2402 2400 2411
f 2411 2400 2412
f 2406 2409 2392
f 2392 2409 2413
f 2392 2413 2393
f 2393 2413 2414
f 2415 2405 2414
f 2414 2405 2393
f 2416 2413 2417
f 2417 2413 2409
f 2421 2418 2420
f 2420 2418 2419
f 2420 2422 2421
f 2421 2422 2423
f 2420 2424 2422
f 2422 2424 2425
f 2428 2424 2427
f 2427 2424 2426
f 2425 2424 2429
f 2429 2424 2428
f 2426 2424 2419
f 2419 2424 2420
f 2430 2431 2418
f 2418 2431 2419
f 2425 2432 2422
f 2422 2432 2423
f 2408 2410 2432
f 2432 2410 2423
f 2423 2410 2433
f 2433 2410 2411
f 2421 2423 2434
f 2434 2423 2433
f 2435 2418 2434
f 2434 2418 2421
f 2417 2432 2429
f 2429 2432 2425
f 2417 2409 2432
f 2432 2409 2408
f 2436 2430 2435
f 2435 2430 2418
f 2434 2437 2435
f 2435 2437 2438
f 2435 2438 2436
f 2436 2438 2439
f 2437 2440 2438
f 2438 2440 2441
f 2440 2437 2443
f 2443 2437 2442
f 2438 2441 2439
f 2439 2441 2444
f 2437 2434 2442
f 2442 2434 2433
f 2433 2411 2442
f 2442 2411 2412
f 2436 2445 2430
f 2430 2445 2446
f 2430 2446 2431
f 2431 2446 2447
f 2417 2429 2448
f 2448 2429 2428
f 2427 2449 2428
f 2428 2449 2448
f 2417 2448 2416
f 2416 2448 2450
f 2448 2449 2450
f 2450 2449 2451
f 2427 2452 2449
f 2449 2452 2453
f 2447 2446 2452
f 2452 2446 2453
f 2400 2399 2412
f 2412 2399 2454
f 2405 2415 2398
f 2398 2415 2455
f 2455 2454 2398
f 2398 2454 2399
f 2454 2455 2443
f 2443 2455 2456
f 2440 2443 2457
f 2457 2443 2456
f 2455 2415 2456
f 2456 2415 2458
f 2454 2443 2412
f 2412 2443 2442
f 2415 2414 2458
f 2458 2414 2459
f 2459 2414 2416
f 2416 2414 2413
f 2459 2416 2460
f 2460 2416 2450
f 2460 2461 2459
f 2459 2461 2458
f 2462 2463 2460
f 2460 2463 2461
f 2456 2458 2457
f 2457 2458 2461
f 2457 2461 2464
f 2464 2461 2463
f 2460 2450 2462
f 2462 2450 2451
f 2466 2465 2451
f 2451 2465 2462
f 2469 2465 2468
f 2468 2465 2467
f 2465 2469 2462
f 2462 2469 2463
f 2466 2445 2465
f 2465 2445 2467
f 2446 2445 2453
f 2453 2445 2466
f 2449 2453 2451
f 2451 2453 2466
f 2440 2457 2441
f 2441 2457 2464
f 2468 2444 2464
f 2464 2444 2441
f 2468 2464 2469
f 2469 2464 2463
f 2467 2439 2468
f 2468 2439 2444
f 2439 2467 2436
f 2436 2467 2445
f 2419 2431 2426
f 2426 2431 2447
f 2447 2452 2426
f 2426 2452 2427
f 2369 2179 2370
f 2370 2179 2178
f 2373 2372 2379
f 2379 2372 2376
f 2380 2388 2381
f 2381 2388 2389
f 2381 2389 2382
f 2382 2389 2387
f 2384 2277 2385
f 2385 2277 2270
f 2380 2373 2388
f 2388 2373 2379
f 2179 2369 2271
f 2271 2369 2401
f 2384 2372 2277
f 2277 2372 2248
f 2401 2390 2385
f 2385 2390 2386
f 2370 2178 2382
f 2382 2178 2264
f 2215 2134 2271
f 2271 2134 2179
f 2000 2215 2005
f 2005 2215 2199
f 2000 2005 2001
f 2001 2005 2004
f 2001 2004 2214
f 2214 2004 2200
f 2470 2471 2473
f 2473 2471 2472
f 2477 2474 2476
f 2476 2474 2475
f 2478 2479 2474
f 2474 2479 2475
f 2483 2480 2482
f 2482 2480 2481
f 2485 2477 2484
f 2484 2477 2476
f 2489 2486 2488
f 2488 2486 2487
f 2491 2058 2490
f 2490 2058 2133
f 2492 2247 2491
f 2491 2247 2058
f 2496 2493 2495
f 2495 2493 2494
f 2484 2476 2497
f 2497 2476 2483
f 2488 2472 2489
f 2489 2472 2498
f 2499 2471 2497
f 2497 2471 2484
f 2500 2479 2496
f 2496 2479 2501
f 2502 2503 2505
f 2505 2503 2504
f 2496 2501 2493
f 2493 2501 2506
f 2479 2478 2501
f 2501 2478 2507
f 2475 2479 2480
f 2480 2479 2500
f 2509 2470 2508
f 2508 2470 2473
f 2485 2470 2510
f 2510 2470 2509
f 2511 2481 2500
f 2500 2481 2480
f 2493 2486 2494
f 2494 2486 2512
f 2485 2484 2470
f 2470 2484 2471
f 2474 2477 2514
f 2514 2477 2513
f 2498 2472 2499
f 2499 2472 2471
f 2476 2475 2483
f 2483 2475 2480
f 2473 2515 2508
f 2508 2515 2516
f 2507 2517 2505
f 2505 2517 2502
f 2504 2487 2505
f 2505 2487 2506
f 2515 2504 2516
f 2516 2504 2503
f 2486 2493 2487
f 2487 2493 2506
f 2507 2478 2517
f 2517 2478 2518
f 2477 2485 2513
f 2513 2485 2510
f 2511 2495 2293
f 2293 2495 2154
f 2514 2518 2474
f 2474 2518 2478
f 2492 2497 2482
f 2482 2497 2483
f 2505 2506 2507
f 2507 2506 2501
f 2504 2515 2487
f 2487 2515 2488
f 2488 2515 2472
f 2472 2515 2473
f 2518 2519 2517
f 2517 2519 2520
f 2518 2514 2519
f 2519 2514 2521
f 2514 2513 2521
f 2521 2513 2522
f 2513 2510 2522
f 2522 2510 2523
f 2517 2520 2502
f 2502 2520 2524
f 2502 2524 2503
f 2503 2524 2525
f 2516 2503 2526
f 2526 2503 2525
f 2528 2527 2520
f 2520 2527 2524
f 2532 2529 2531
f 2531 2529 2530
f 2534 2532 2533
f 2533 2532 2531
f 2531 2535 2533
f 2533 2535 2536
f 2539 2535 2538
f 2538 2535 2537
f 2536 2535 2540
f 2540 2535 2539
f 2537 2535 2530
f 2530 2535 2531
f 2542 2530 2541
f 2541 2530 2529
f 2533 2536 2534
f 2534 2536 2543
f 2534 2543 2521
f 2521 2543 2519
f 2534 2521 2544
f 2544 2521 2522
f 2532 2534 2545
f 2545 2534 2544
f 2545 2546 2532
f 2532 2546 2529
f 2536 2540 2543
f 2543 2540 2528
f 2528 2520 2543
f 2543 2520 2519
f 2541 2529 2547
f 2547 2529 2546
f 2548 2549 2545
f 2545 2549 2546
f 2547 2546 2550
f 2550 2546 2549
f 2549 2548 2552
f 2552 2548 2551
f 2548 2553 2551
f 2551 2553 2554
f 2550 2549 2555
f 2555 2549 2552
f 2545 2544 2548
f 2548 2544 2553
f 2544 2522 2553
f 2553 2522 2523
f 2556 2557 2547
f 2547 2557 2541
f 2541 2557 2542
f 2542 2557 2558
f 2539 2559 2540
f 2540 2559 2528
f 2559 2539 2560
f 2560 2539 2538
f 2528 2559 2527
f 2527 2559 2561
f 2561 2559 2562
f 2562 2559 2560
f 2560 2538 2564
f 2564 2538 2563
f 2558 2557 2563
f 2563 2557 2564
f 2510 2509 2523
f 2523 2509 2565
f 2508 2516 2566
f 2566 2516 2526
f 2566 2565 2508
f 2508 2565 2509
f 2565 2566 2554
f 2554 2566 2567
f 2554 2567 2551
f 2551 2567 2568
f 2566 2526 2567
f 2567 2526 2569
f 2565 2554 2523
f 2523 2554 2553
f 2526 2525 2569
f 2569 2525 2570
f 2570 2525 2527
f 2527 2525 2524
f 2571 2570 2561
f 2561 2570 2527
f 2571 2572 2570
f 2570 2572 2569
f 2573 2574 2571
f 2571 2574 2572
f 2567 2569 2568
f 2568 2569 2572
f 2568 2572 2575
f 2575 2572 2574
f 2571 2561 2573
f 2573 2561 2562
f 2577 2576 2562
f 2562 2576 2573
f 2576 2578 2580
f 2580 2578 2579
f 2576 2580 2573
f 2573 2580 2574
f 2576 2577 2578
f 2578 2577 2556
f 2577 2564 2556
f 2556 2564 2557
f 2564 2577 2560
f 2560 2577 2562
f 2551 2568 2552
f 2552 2568 2575
f 2579 2555 2575
f 2575 2555 2552
f 2579 2575 2580
f 2580 2575 2574
f 2579 2578 2555
f 2555 2578 2550
f 2550 2578 2547
f 2547 2578 2556
f 2530 2542 2537
f 2537 2542 2558
f 2558 2563 2537
f 2537 2563 2538
f 2482 2481 2295
f 2295 2481 2292
f 2581 2512 2489
f 2489 2512 2486
f 2499 2491 2498
f 2498 2491 2490
f 2491 2499 2492
f 2492 2499 2497
f 2155 2154 2494
f 2494 2154 2495
f 2581 2489 2490
f 2490 2489 2498
f 2481 2511 2292
f 2292 2511 2293
f 2494 2512 2155
f 2155 2512 2191
f 2495 2511 2496
f 2496 2511 2500
f 2247 2492 2295
f 2295 2492 2482
f 2584 2585 2583
f 2583 2585 2582
f 2589 2586 2588
f 2588 2586 2587
f 2586 2590 2587
f 2587 2590 2591
f 2595 2592 2594
f 2594 2592 2593
f 2596 2597 2599
f 2599 2597 2598
f 2601 2589 2600
f 2600 2589 2588
f 2602 2603 2605
f 2605 2603 2604
f 2607 2608 2606
f 2606 2608 2609
f 2610 2190 2608
f 2608 2190 2609
f 2611 2612 2614
f 2614 2612 2613
f 2600 2588 2615
f 2615 2588 2595
f 2599 2598 2606
f 2606 2598 2607
f 2605 2604 2616
f 2616 2604 2584
f 2583 2600 2617
f 2617 2600 2615
f 2618 2591 2614
f 2614 2591 2619
f 2623 2620 2622
f 2622 2620 2621
f 2614 2619 2611
f 2611 2619 2624
f 2625 2619 2590
f 2590 2619 2591
f 2618 2592 2591
f 2591 2592 2587
f 2582 2585 2627
f 2627 2585 2626
f 2601 2582 2628
f 2628 2582 2627
f 2592 2618 2593
f 2593 2618 2629
f 2602 2597 2611
f 2611 2597 2612
f 2583 2582 2600
f 2600 2582 2601
f 2630 2631 2589
f 2589 2631 2586
f 2616 2584 2617
f 2617 2584 2583
f 2588 2587 2595
f 2595 2587 2592
f 2585 2632 2626
f 2626 2632 2633
f 2625 2634 2623
f 2623 2634 2620
f 2622 2603 2623
f 2623 2603 2624
f 2621 2633 2622
f 2622 2633 2632
f 2611 2624 2602
f 2602 2624 2603
f 2590 2635 2625
f 2625 2635 2634
f 2589 2601 2630
f 2630 2601 2628
f 2194 2629 2195
f 2195 2629 2613
f 2631 2635 2586
f 2586 2635 2590
f 2610 2615 2594
f 2594 2615 2595
f 2623 2624 2625
f 2625 2624 2619
f 2632 2604 2622
f 2622 2604 2603
f 2585 2584 2632
f 2632 2584 2604
f 2635 2636 2634
f 2634 2636 2637
f 2635 2631 2636
f 2636 2631 2638
f 2631 2630 2638
f 2638 2630 2639
f 2639 2630 2640
f 2640 2630 2628
f 2634 2637 2620
f 2620 2637 2641
f 2620 2641 2621
f 2621 2641 2642
f 2642 2643 2621
f 2621 2643 2633
f 2641 2637 2644
f 2644 2637 2645
f 2649 2646 2648
f 2648 2646 2647
f 2651 2649 2650
f 2650 2649 2648
f 2648 2652 2650
f 2650 2652 2653
f 2652 2654 2656
f 2656 2654 2655
f 2653 2652 2657
f 2657 2652 2656
f 2648 2647 2652
f 2652 2647 2654
f 2647 2646 2659
f 2659 2646 2658
f 2650 2653 2651
f 2651 2653 2660
f 2651 2660 2638
f 2638 2660 2636
f 2651 2638 2661
f 2661 2638 2639
f 2649 2651 2662
f 2662 2651 2661
f 2663 2646 2662
f 2662 2646 2649
f 2660 2653 2645
f 2645 2653 2657
f 2645 2637 2660
f 2660 2637 2636
f 2664 2658 2663
f 2663 2658 2646
f 2665 2666 2662
f 2662 2666 2663
f 2664 2663 2667
f 2667 2663 2666
f 2666 2665 2669
f 2669 2665 2668
f 2665 2670 2668
f 2668 2670 2671
f 2667 2666 2672
f 2672 2666 2669
f 2662 2661 2665
f 2665 2661 2670
f 2661 2639 2670
f 2670 2639 2640
f 2673 2674 2664
f 2664 2674 2658
f 2658 2674 2659
f 2659 2674 2675
f 2656 2676 2657
f 2657 2676 2645
f 2656 2655 2676
f 2676 2655 2677
f 2676 2678 2645
f 2645 2678 2644
f 2678 2676 2679
f 2679 2676 2677
f 2681 2677 2680
f 2680 2677 2655
f 2675 2674 2680
f 2680 2674 2681
f 2628 2627 2640
f 2640 2627 2682
f 2683 2626 2643
f 2643 2626 2633
f 2682 2627 2683
f 2683 2627 2626
f 2671 2682 2684
f 2684 2682 2683
f 2668 2671 2685
f 2685 2671 2684
f 2683 2643 2684
f 2684 2643 2686
f 2682 2671 2640
f 2640 2671 2670
f 2687 2686 2642
f 2642 2686 2643
f 2642 2641 2687
f 2687 2641 2644
f 2687 2644 2688
f 2688 2644 2678
f 2688 2689 2687
f 2687 2689 2686
f 2690 2691 2688
f 2688 2691 2689
f 2684 2686 2685
f 2685 2686 2689
f 2685 2689 2692
f 2692 2689 2691
f 2688 2678 2690
f 2690 2678 2679
f 2694 2693 2679
f 2679 2693 2690
f 2693 2695 2697
f 2697 2695 2696
f 2693 2697 2690
f 2690 2697 2691
f 2693 2694 2695
f 2695 2694 2673
f 2694 2681 2673
f 2673 2681 2674
f 2679 2677 2694
f 2694 2677 2681
f 2685 2692 2668
f 2668 2692 2669
f 2696 2672 2692
f 2692 2672 2669
f 2697 2696 2691
f 2691 2696 2692
f 2695 2667 2696
f 2696 2667 2672
f 2667 2695 2664
f 2664 2695 2673
f 2647 2659 2654
f 2654 2659 2675
f 2675 2680 2654
f 2654 2680 2655
f 2594 2593 2156
f 2156 2593 2291
f 2597 2602 2598
f 2598 2602 2605
f 2616 2617 2607
f 2607 2617 2608
f 2608 2617 2610
f 2610 2617 2615
f 2698 2612 2596
f 2596 2612 2597
f 2598 2605 2607
f 2607 2605 2616
f 2593 2629 2291
f 2291 2629 2194
f 2629 2618 2613
f 2613 2618 2614
f 2594 2156 2610
f 2610 2156 2190
f 2086 2699 2010
f 2010 2699 2700
f 2267 2701 2116
f 2116 2701 2702
f 2116 2702 2117
f 2117 2702 2703
f 2705 2254 2704
f 2704 2254 2250
f 2011 2706 2267
f 2267 2706 2701
f 2289 2707 2086
f 2086 2707 2699
f 2010 2700 2011
f 2011 2700 2706
f 2708 2707 2251
f 2251 2707 2289
f 2250 2117 2704
f 2704 2117 2703
f 2705 2708 2254
f 2254 2708 2251
f 2708 2709 2707
f 2707 2709 2710
f 2708 2705 2709
f 2709 2705 2711
f 2705 2704 2711
f 2711 2704 2712
f 2704 2703 2712
f 2712 2703 2713
f 2707 2710 2699
f 2699 2710 2714
f 2699 2714 2700
f 2700 2714 2715
f 2700 2715 2706
f 2706 2715 2716
f 2714 2710 2717
f 2717 2710 2718
f 2722 2719 2721
f 2721 2719 2720
f 2721 2723 2722
f 2722 2723 2724
f 2726 2723 2725
f 2725 2723 2721
f 2726 2725 2728
f 2728 2725 2727
f 2729 2725 2720
f 2720 2725 2721
f 2720 2730 2729
f 2729 2730 2731
f 2730 2720 2732
f 2732 2720 2719
f 2724 2723 2733
f 2733 2723 2726
f 2724 2733 2711
f 2711 2733 2709
f 2712 2734 2711
f 2711 2734 2724
f 2734 2735 2724
f 2724 2735 2722
f 2719 2722 2736
f 2736 2722 2735
f 2726 2728 2733
f 2733 2728 2718
f 2718 2710 2733
f 2733 2710 2709
f 2732 2719 2737
f 2737 2719 2736
f 2738 2739 2735
f 2735 2739 2736
f 2739 2740 2736
f 2736 2740 2737
f 2742 2739 2741
f 2741 2739 2738
f 2744 2741 2743
f 2743 2741 2738
f 2742 2745 2739
f 2739 2745 2740
f 2743 2738 2734
f 2734 2738 2735
f 2734 2712 2743
f 2743 2712 2713
f 2747 2732 2746
f 2746 2732 2737
f 2732 2747 2730
f 2730 2747 2731
f 2727 2748 2728
f 2728 2748 2718
f 2748 2727 2750
f 2750 2727 2749
f 2748 2751 2718
f 2718 2751 2717
f 2750 2752 2748
f 2748 2752 2751
f 2750 2749 2754
f 2754 2749 2753
f 2754 2753 2747
f 2747 2753 2731
f 2727 2725 2749
f 2749 2725 2729
f 2749 2729 2753
f 2753 2729 2731
f 2702 2755 2703
f 2703 2755 2713
f 2756 2701 2716
f 2716 2701 2706
f 2701 2756 2702
f 2702 2756 2755
f 2755 2756 2744
f 2744 2756 2757
f 2741 2744 2758
f 2758 2744 2757
f 2759 2757 2716
f 2716 2757 2756
f 2755 2744 2713
f 2713 2744 2743
f 2760 2759 2715
f 2715 2759 2716
f 2714 2717 2715
f 2715 2717 2760
f 2751 2761 2717
f 2717 2761 2760
f 2759 2760 2762
f 2762 2760 2761
f 2763 2764 2761
f 2761 2764 2762
f 2762 2758 2759
f 2759 2758 2757
f 2758 2762 2765
f 2765 2762 2764
f 2752 2763 2751
f 2751 2763 2761
f 2763 2752 2766
f 2766 2752 2767
f 2768 2769 2766
f 2766 2769 2770
f 2766 2770 2763
f 2763 2770 2764
f 2746 2768 2767
f 2767 2768 2766
f 2747 2746 2754
f 2754 2746 2767
f 2752 2750 2767
f 2767 2750 2754
f 2742 2741 2765
f 2765 2741 2758
f 2769 2745 2765
f 2765 2745 2742
f 2764 2770 2765
f 2765 2770 2769
f 2768 2740 2769
f 2769 2740 2745
f 2740 2768 2737
f 2737 2768 2746
f 2214 2200 2212
f 2212 2200 2201
f 2201 2202 2212
f 2212 2202 2185
f 2192 2191 2581
f 2581 2191 2512
f 2059 2290 2056
f 2056 2290 2272
f 2278 2294 2199
f 2199 2294 2174
f 2291 2194 2175
f 2175 2194 2063
f 2490 2133 2581
f 2581 2133 2192
f 2133 2132 2192
f 2192 2132 2189
f 2138 2055 2276
f 2276 2055 2054
f 2083 2279 2084
f 2084 2279 2771
f 2771 2279 2599
f 2599 2279 2596
f 2606 2772 2599
f 2599 2772 2771
f 2772 2773 2771
f 2771 2773 2084
f 2773 2774 2084
f 2084 2774 2085
f 2144 2082 2775
f 2775 2082 2085
f 2078 2775 2774
f 2774 2775 2085
f 2776 2079 2774
f 2774 2079 2078
f 2774 2773 2776
f 2776 2773 2777
f 2773 2772 2777
f 2777 2772 2778
f 2190 2189 2609
f 2609 2189 2778
f 2181 2779 2052
f 2052 2779 2053
f 2078 2081 2775
f 2775 2081 2144
f 2175 2174 2153
f 2153 2174 2294
f 2778 2189 2276
f 2276 2189 2132
f 2778 2772 2609
f 2609 2772 2606
f 2612 2698 2613
f 2613 2698 2195
f 2596 2279 2698
f 2698 2279 2195
f 2054 2777 2276
f 2276 2777 2778
f 2777 2054 2776
f 2776 2054 2053
f 2079 2776 2779
f 2779 2776 2053
f 2181 2080 2779
f 2779 2080 2079
f 2240 2080 2239
f 2239 2080 2181
f 2122 2256 2014
f 2007 2076 1982
f 1982 2076 2042
f 2008 2007 1985
f 1985 2007 1982
f 2266 2265 2097
f 2097 2265 2095
f 2076 2050 2042
f 2042 2050 2047
f 2042 2047 2043
f 2043 2047 2046
f 2043 2046 1993
f 1993 2046 2118
f 1993 2118 1994
f 1994 2118 1995
f 2012 2011 1992
f 1992 2011 2267
f 1997 2012 1994
f 1994 2012 1992
f 2012 1997 2013
f 2013 1997 2226
f 2225 2087 2226
f 2226 2087 2013
f 2288 2087 2232
f 2232 2087 2225
f 2252 2288 2070
f 2070 2288 2232
f 2253 2252 2025
f 2025 2252 2070
f 2253 2025 2249
f 2249 2025 1988
f 2268 2267 2115
f 2115 2267 2116
f 2096 1984 2237
f 2237 1984 1991
f 1984 2096 1985
f 1985 2096 2095
f 1985 2095 2008
f 2008 2095 2265
f 2008 2265 2009
f 2009 2265 2092
f 2009 2092 2286
f 2286 2092 2091
f 2286 2091 2238
f 2238 2091 2255
f 2238 2255 2239
f 2239 2255 2256
f 2239 2256 2240
f 2240 2256 2122
f 2240 2122 2241
f 2241 2122 2121
f 2266 2097 2018
f 2018 2097 2022
f 2022 2024 2018
f 2018 2024 2019
f 2073 2019 2072
f 2072 2019 2024
f 2230 2073 2228
f 2228 2073 2072
f 2183 2230 2184
f 2184 2230 2228
f 2258 2241 2285
f 2285 2241 2121
f 2257 2258 2036
f 2036 2258 2285
f 2257 2193 2145
f 2145 2193 2177
f 2037 2196 2193
f 2193 2196 2173
f 2036 2037 2257
f 2257 2037 2193
f 2196 2037 2066
f 2066 2037 2035
f 2067 2034 2108
f 2108 2034 2061
f 2204 2067 2208
f 2208 2067 2108
f 2203 2204 2210
f 2210 2204 2208
f 2186 2203 2280
f 2280 2203 2210
f 2183 2186 2235
f 2235 2186 2280
f 2249 1988 2114
f 2114 1988 1987
f 2114 1987 2115
f 2115 1987 2237
f 1991 2268 2237
f 2237 2268 2115
f 1991 1990 2268
f 2268 1990 1992
f 107 110 2781
f 2781 110 2780
f 117 2782 118
f 118 2782 2783
f 119 2784 120
f 120 2784 2785
f 2787 126 2786
f 2786 126 125
f 2789 128 2788
f 2788 128 127
f 127 132 2788
f 2788 132 2790
f 231 230 2792
f 2792 230 2791
f 118 2783 119
f 119 2783 2784
f 241 243 2794
f 2794 243 2793
f 352 107 2795
f 2795 107 2781
f 2796 437 2785
f 2785 437 120
f 2780 110 2787
f 2787 110 126
f 2798 456 2797
f 2797 456 455
f 2799 457 2789
f 2789 457 128
f 2782 117 2798
f 2798 117 456
f 2797 455 2794
f 2794 455 241
f 457 2799 125
f 125 2799 2786
f 132 231 2790
f 2790 231 2792
f 437 2796 230
f 230 2796 2791
f 2788 2790 2789
f 2789 2790 2792
f 2785 2784 2801
f 2801 2784 2800
f 2803 2787 2802
f 2802 2787 2786
f 2792 2791 2805
f 2805 2791 2804
f 2784 2783 2800
f 2800 2783 2806
f 2807 2796 2801
f 2801 2796 2785
f 2787 2803 2780
f 2780 2803 2808
f 2810 2799 2809
f 2809 2799 2789
f 2802 2786 2810
f 2810 2786 2799
f 2791 2796 2804
f 2804 2796 2807
f 2789 2792 2809
f 2809 2792 2805
f 2794 2811 2797
f 2797 2811 2812
f 2804 2810 2805
f 2805 2810 2809
f 2807 2802 2804
f 2804 2802 2810
f 2801 2803 2807
f 2807 2803 2802
f 2808 2803 2800
f 2800 2803 2801
f 2814 699 2813
f 2813 699 698
f 2780 2808 2781
f 2781 2808 2815
f 2798 2816 2782
f 2782 2816 2817
f 2795 2781 2818
f 2818 2781 2815
f 2797 2812 2798
f 2798 2812 2816
f 2783 2782 2806
f 2806 2782 2817
f 2815 2808 2806
f 2806 2808 2800
f 2794 2793 2811
f 2811 2793 2819
f 362 384 201
f 201 384 174
f 1777 390 1766
f 1766 390 200
f 398 390 1778
f 1778 390 1777
f 222 398 361
f 361 398 1778
f 629 628 2821
f 2821 628 2820
f 628 790 2820
f 2820 790 1406
f 1234 1233 1415
f 1415 1233 794
f 1312 1407 790
f 790 1407 1406
f 1316 2822 1312
f 1312 2822 1407
f 1379 1543 1380
f 1380 1543 2823
f 1383 1382 1738
f 1738 1382 1385
f 1386 1382 791
f 791 1382 1381
f 1233 1386 794
f 794 1386 791
f 1389 1260 1390
f 1390 1260 1259
f 1905 1542 1394
f 1394 1542 1395
f 1398 1397 1413
f 1413 1397 1410
f 1397 629 1410
f 1410 629 2821
f 2823 2822 1380
f 1380 2822 1316
f 1379 1378 1395
f 1395 1378 1392
f 1398 1383 1399
f 1399 1383 1738
f 1234 1389 1235
f 1235 1389 1388
f 1393 1391 1394
f 1394 1391 1390
f 780 779 1384
f 1384 779 1381
f 793 792 788
f 788 792 1282
f 1261 1432 1262
f 1262 1432 1431
f 1400 1342 1408
f 1408 1342 1409
f 1412 1411 1544
f 1544 1411 1508
f 1414 793 787
f 787 793 788
f 1430 1429 2820
f 2820 1429 2821
f 2822 2823 1506
f 1506 2823 1507
f 792 779 1282
f 1282 779 778
f 1409 1430 1406
f 1406 1430 2820
f 1429 1411 2821
f 2821 1411 1410
f 1408 1407 1506
f 1506 1407 2822
f 1544 781 1412
f 1412 781 780
f 1414 1261 1415
f 1415 1261 1260
f 924 923 2824
f 2824 923 1334
f 1267 2825 1268
f 1268 2825 2826
f 2828 2827 1212
f 1212 2827 769
f 1267 1266 1190
f 1190 1266 1492
f 2830 1489 2829
f 2829 1489 1488
f 1328 923 1329
f 1329 923 922
f 2832 1485 2831
f 2831 1485 1484
f 1486 1485 2833
f 2833 1485 1482
f 1490 1489 1493
f 1493 1489 1324
f 1490 1266 1491
f 1491 1266 1265
f 2837 2834 2836
f 2836 2834 2835
f 2839 2827 2838
f 2838 2827 1250
f 2841 2840 1491
f 1491 2840 1488
f 1268 2826 2842
f 2842 2826 2843
f 1496 1495 2845
f 2845 1495 2844
f 926 2846 2847
f 2847 2846 1427
f 2840 2848 1488
f 1488 2848 2829
f 927 2849 922
f 922 2849 1329
f 2850 2851 768
f 768 2851 1213
f 1265 1268 2852
f 2852 1268 2842
f 2852 2841 1265
f 1265 2841 1491
f 2854 2855 2853
f 2853 2855 2856
f 2855 2857 2856
f 2856 2857 598
f 2857 2858 598
f 598 2858 595
f 626 595 2859
f 2859 595 2858
f 2861 2860 652
f 652 2860 649
f 2863 2862 642
f 642 2862 639
f 639 2862 705
f 705 2862 2864
f 2865 1418 2864
f 2864 1418 705
f 1418 2865 2867
f 2867 2865 2866
f 2867 1761 1348
f 1348 1761 1760
f 1197 1764 1198
f 1198 1764 2868
f 1198 2868 611
f 611 2868 2869
f 611 2869 612
f 612 2869 2870
f 1352 1350 944
f 944 1350 688
f 1350 1256 688
f 688 1256 685
f 1256 1255 685
f 685 1255 692
f 2872 692 2871
f 2871 692 1255
f 701 2873 698
f 698 2873 2813
f 693 692 1349
f 1349 692 2872
f 1575 1574 1744
f 1744 1574 1696
f 1578 1577 1618
f 1618 1577 1753
f 1609 1608 1594
f 1594 1608 1729
f 1612 1611 1630
f 1630 1611 1725
f 1626 1625 1607
f 1607 1625 1604
f 1624 1703 1625
f 1625 1703 1912
f 1913 1912 1702
f 1702 1912 1703
f 1702 1753 1913
f 1913 1753 1577
f 1578 1915 1569
f 1569 1915 1598
f 1916 1915 1615
f 1615 1915 1616
f 1574 1916 1696
f 1696 1916 1615
f 1917 1575 1745
f 1745 1575 1744
f 1609 1917 1565
f 1565 1917 1745
f 1611 1608 1725
f 1725 1608 1568
f 1612 1918 1613
f 1613 1918 2874
f 1607 2874 1626
f 1626 2874 1918
f 1563 1562 1613
f 1613 1562 1610
f 1571 1570 1550
f 1550 1570 1547
f 1581 1580 1576
f 1576 1580 1573
f 1596 1595 1556
f 1556 1595 1553
f 1581 1596 1582
f 1582 1596 1556
f 1570 1599 1547
f 1547 1599 1551
f 1602 1601 1914
f 1914 1601 1731
f 1606 1605 1689
f 1689 1605 1686
f 1692 1599 1743
f 1743 1599 1598
f 2874 1607 1723
f 1723 1607 1606
f 1595 1730 1553
f 1553 1730 1727
f 1605 1601 1686
f 1686 1601 1600
f 1571 1602 1572
f 1572 1602 1914
f 1692 1580 1693
f 1693 1580 1579
f 1723 1563 2874
f 2874 1563 1613
f 1730 1562 1727
f 1727 1562 1561
f 1549 1548 1742
f 1742 1548 1949
f 1548 1552 1949
f 1949 1552 1694
f 1555 1554 1589
f 1589 1554 1954
f 1559 1558 1579
f 1579 1558 1693
f 1585 1584 1564
f 1564 1584 1561
f 1555 1588 1556
f 1556 1588 1582
f 1592 1591 1603
f 1603 1591 1600
f 1688 1687 1977
f 1977 1687 1981
f 1564 1722 1585
f 1585 1722 1690
f 1558 1552 1693
f 1693 1552 1551
f 1554 1728 1954
f 1954 1728 1751
f 1687 1591 1981
f 1981 1591 1590
f 1549 1592 1550
f 1550 1592 1603
f 1690 1688 1691
f 1691 1688 1977
f 1559 1588 1560
f 1560 1588 1587
f 1584 1728 1561
f 1561 1728 1727
f 1948 1947 1919
f 1919 1947 2875
f 1557 1560 1952
f 1952 1560 1953
f 1933 1932 1955
f 1955 1932 1956
f 1956 1958 1589
f 1589 1958 1587
f 1955 1965 1933
f 1933 1965 1959
f 1967 1966 1964
f 1964 1966 1961
f 1967 1969 1590
f 1590 1969 1981
f 1948 1972 1949
f 1949 1972 1742
f 1972 1966 1742
f 1742 1966 1593
f 1953 1958 1950
f 1950 1958 1957
f 1975 1974 1586
f 1586 1974 1583
f 1979 1978 1943
f 1943 1978 1940
f 1975 1979 1976
f 1976 1979 1943
f 1947 1952 2875
f 2875 1952 1951
f 1968 1940 1969
f 1969 1940 1978
f 1965 1974 1959
f 1959 1974 1973
f 1921 1920 1971
f 1971 1920 1923
f 1924 1920 2875
f 2875 1920 1919
f 2875 1951 1924
f 1924 1951 1926
f 1930 1929 1957
f 1957 1929 1950
f 2244 2243 1934
f 1934 2243 1935
f 1973 1976 1937
f 1937 1976 1938
f 1942 1941 1980
f 1980 1941 1944
f 1945 1941 1968
f 1968 1941 1940
f 1934 1960 2244
f 2244 1960 2287
f 1963 1962 2245
f 2245 1962 1970
f 1930 1935 1931
f 1931 1935 2243
f 1929 1928 1926
f 1926 1928 1927
f 1921 1962 1922
f 1922 1962 1961
f 1945 1963 1946
f 1946 1963 2245
f 1942 1938 1943
f 1943 1938 1976
f 1960 1937 2287
f 2287 1937 1936
f 609 608 1238
f 1238 608 743
f 744 608 1811
f 1811 608 607
f 1304 2876 1305
f 1305 2876 2877
f 586 585 1298
f 1298 585 1299
f 1300 1299 702
f 702 1299 585
f 1301 1300 1428
f 1428 1300 702
f 1298 609 586
f 586 609 1238
f 2878 2879 1218
f 1218 2879 2877
f 1819 1812 2881
f 2881 1812 2880
f 2883 1821 2882
f 2882 1821 1820
f 621 620 2841
f 2841 620 2840
f 795 2842 796
f 796 2842 2843
f 2845 2844 895
f 895 2844 892
f 620 942 2840
f 2840 942 2848
f 2849 927 1202
f 1202 927 1203
f 2852 2842 1270
f 1270 2842 795
f 1270 621 2852
f 2852 621 2841
f 2884 942 1759
f 1759 942 941
f 659 929 1427
f 1427 929 2847
f 1237 2851 751
f 751 2851 2850
f 1216 2885 1217
f 1217 2885 1754
f 733 2886 734
f 734 2886 2887
f 1815 2888 1816
f 1816 2888 2889
f 1816 2889 1245
f 1245 2889 2890
f 1246 1825 2891
f 2891 1825 1824
f 2892 2893 2895
f 2895 2893 2894
f 1832 1851 1833
f 1833 1851 1854
f 1876 1884 1832
f 1832 1884 1851
f 1876 1443 1884
f 1884 1443 1441
f 1441 1443 1442
f 1442 1443 1446
f 1442 1446 2896
f 2896 1446 1507
f 2897 2823 2898
f 2898 2823 1543
f 2898 1543 2899
f 2899 1543 1542
f 1542 1905 2899
f 2899 1905 2900
f 2901 2900 1259
f 1259 2900 1905
f 1262 1431 2902
f 2902 1431 1904
f 1902 1904 1434
f 1434 1904 1431
f 1902 1434 2903
f 2903 1434 719
f 2903 719 2904
f 2904 719 718
f 718 1869 2904
f 2904 1869 1881
f 1881 1869 1880
f 1880 1869 756
f 1880 756 2905
f 2905 756 755
f 758 2906 755
f 755 2906 2905
f 762 2907 763
f 763 2907 2908
f 724 723 2909
f 2909 723 894
f 723 796 894
f 894 796 895
f 895 796 2845
f 2845 796 2843
f 2845 2843 1496
f 1496 2843 2826
f 1496 2826 1497
f 1497 2826 2825
f 1497 2825 2836
f 2836 2825 1189
f 2837 798 891
f 891 798 797
f 891 797 888
f 888 797 802
f 2910 2911 2913
f 2913 2911 2912
f 2914 2915 1783
f 1783 2915 1780
f 832 831 2917
f 2917 831 2916
f 846 845 2919
f 2919 845 2918
f 2920 2916 847
f 847 2916 831
f 858 857 2922
f 2922 857 2921
f 861 860 2924
f 2924 860 2923
f 887 846 2912
f 2912 846 2919
f 847 940 2920
f 2920 940 2925
f 1204 861 2926
f 2926 861 2924
f 845 832 2918
f 2918 832 2917
f 1450 1449 2928
f 2928 1449 2927
f 2931 889 2930
f 2930 889 2929
f 2896 1507 2897
f 2897 1507 2823
f 1259 1262 2901
f 2901 1262 2902
f 1236 750 2933
f 2933 750 2932
f 1835 1236 2934
f 2934 1236 2933
f 2938 2935 2937
f 2937 2935 2936
f 2942 2939 2941
f 2941 2939 2940
f 2944 1842 2943
f 2943 1842 1841
f 2944 2945 1842
f 1842 2945 1860
f 1859 1860 2946
f 2946 1860 2945
f 1890 1889 1856
f 1856 1889 2947
f 1856 2947 1857
f 1857 2947 2948
f 1829 2949 709
f 709 2949 2950
f 2952 730 2951
f 2951 730 729
f 1761 2867 2953
f 2953 2867 2866
f 1420 1761 2954
f 2954 1761 2953
f 742 1420 2955
f 2955 1420 2954
f 739 742 2956
f 2956 742 2955
f 760 739 2957
f 2957 739 2956
f 761 760 2958
f 2958 760 2957
f 2958 2959 761
f 761 2959 2960
f 2959 2961 2960
f 2960 2961 2962
f 2963 2964 1839
f 1839 2964 1840
f 2942 1840 2965
f 2965 1840 2964
f 2949 2939 2950
f 2950 2939 2966
f 2968 2936 2967
f 2967 2936 2935
f 2969 2970 736
f 736 2970 735
f 2888 1815 2887
f 2887 1815 734
f 2887 2882 2888
f 2888 2882 2881
f 1819 1820 1817
f 1817 1820 748
f 1424 1197 1757
f 1757 1197 1195
f 646 1424 647
f 647 1424 1757
f 643 646 648
f 648 646 647
f 737 643 1271
f 1271 643 648
f 765 737 725
f 725 737 1271
f 762 765 724
f 724 765 725
f 2909 2907 724
f 724 2907 762
f 1254 1437 2909
f 2909 1437 2907
f 1835 1836 1253
f 1253 1836 1438
f 2934 2938 1835
f 1835 2938 1836
f 2967 2935 2972
f 2972 2935 2971
f 2970 2969 896
f 896 2969 897
f 731 734 1814
f 1814 734 1815
f 728 1215 896
f 896 1215 732
f 2885 1216 733
f 733 1216 2886
f 1216 1219 2886
f 2886 1219 2883
f 2876 1304 1821
f 1821 1304 749
f 1304 1303 749
f 749 1303 746
f 1818 2973 1817
f 1817 2973 1810
f 747 2974 1818
f 1818 2974 2973
f 1303 2974 746
f 746 2974 747
f 2978 2975 2977
f 2977 2975 2976
f 2900 2901 2979
f 2979 2901 2976
f 2980 2981 2982
f 2982 2981 2979
f 2984 2983 2980
f 2980 2983 2981
f 2898 2983 2897
f 2897 2983 2985
f 2985 2986 2988
f 2988 2986 2987
f 1439 1442 2988
f 2988 1442 2896
f 2902 1904 2977
f 2977 1904 1903
f 2989 1890 1855
f 1855 1890 1856
f 1359 1890 2990
f 2990 1890 2989
f 1356 1359 2991
f 2991 1359 2990
f 1893 1859 2992
f 2992 1859 2946
f 775 1893 2993
f 2993 1893 2992
f 776 775 2994
f 2994 775 2993
f 2991 2987 1356
f 1356 2987 2986
f 777 776 2978
f 2978 776 2975
f 2995 2980 2994
f 2994 2980 2982
f 2980 2995 2984
f 2984 2995 1357
f 1358 1357 2996
f 2996 1357 2995
f 1889 1358 2997
f 2997 1358 2996
f 2933 2932 2999
f 2999 2932 2998
f 2934 2933 2971
f 2971 2933 2999
f 2938 2937 1836
f 1836 2937 1837
f 2943 1841 2941
f 2941 1841 1838
f 2943 3000 2944
f 2944 3000 3001
f 3001 3002 2944
f 2944 3002 2945
f 2946 2945 3003
f 3003 2945 3002
f 2947 1889 3003
f 3003 1889 2997
f 2948 2947 3002
f 3002 2947 3003
f 2948 3002 3004
f 3004 3002 3001
f 3004 3001 3005
f 3005 3001 3000
f 3005 3000 3006
f 3006 3000 2940
f 2999 3007 2971
f 2971 3007 2972
f 2998 2951 2999
f 2999 2951 3007
f 3008 2952 2998
f 2998 2952 2951
f 2966 2965 2936
f 2936 2965 2937
f 2935 2938 2971
f 2971 2938 2934
f 2992 2946 2997
f 2997 2946 3003
f 2993 2992 2996
f 2996 2992 2997
f 2994 2993 2995
f 2995 2993 2996
f 2984 1357 2986
f 2986 1357 1356
f 2982 2975 2994
f 2994 2975 776
f 3009 1899 1843
f 1843 1899 1844
f 3010 3009 638
f 638 3009 1843
f 3011 3010 637
f 637 3010 638
f 3012 3011 1830
f 1830 3011 637
f 2894 3012 1833
f 1833 3012 1830
f 1833 1854 2894
f 2894 1854 2895
f 1888 2895 1853
f 1853 2895 1854
f 1892 1885 1857
f 1857 1885 1858
f 1874 1898 3009
f 3009 1898 1899
f 1865 1874 3010
f 3010 1874 3009
f 1862 1865 3011
f 3011 1865 3010
f 1882 1862 3012
f 3012 1862 3011
f 2893 1882 2894
f 2894 1882 3012
f 2889 782 2890
f 2890 782 1850
f 1812 1811 2880
f 2880 1811 783
f 744 1810 745
f 745 1810 2973
f 806 805 2973
f 2973 805 745
f 2973 2974 806
f 806 2974 815
f 815 2974 812
f 812 2974 1303
f 1221 812 1302
f 1302 812 1303
f 1307 3013 1302
f 1302 3013 1221
f 1634 1633 3014
f 3014 1633 1734
f 1637 1636 1649
f 1649 1636 1646
f 1642 1641 1657
f 1657 1641 1654
f 1684 1636 1736
f 1736 1636 1639
f 1699 1698 1713
f 1713 1698 1716
f 1706 1705 1721
f 1721 1705 1718
f 1641 1709 1654
f 1654 1709 1653
f 1699 1714 1623
f 1623 1714 1620
f 1740 1714 1682
f 1682 1714 1712
f 1747 1746 1671
f 1671 1746 1668
f 1750 1749 1650
f 1650 1749 1752
f 1750 1650 1709
f 1709 1650 1653
f 1746 1633 1668
f 1668 1633 1632
f 1749 1637 1752
f 1752 1637 1649
f 1642 1740 1643
f 1643 1740 1682
f 1684 1634 1685
f 1685 1634 3014
f 1747 1705 1748
f 1748 1705 1704
f 1706 1698 1707
f 1707 1698 1697
f 1621 1739 1622
f 1622 1739 1701
f 1648 1647 1566
f 1566 1647 1567
f 1652 1651 1695
f 1695 1651 1664
f 1656 1655 1617
f 1617 1655 1614
f 1660 1659 1707
f 1707 1659 1704
f 1663 1662 1734
f 1734 1662 3014
f 1665 1651 1752
f 1752 1651 1650
f 1656 1667 1657
f 1657 1667 1741
f 1655 1652 1614
f 1614 1652 1695
f 1647 1726 1567
f 1567 1726 1724
f 1663 1733 1628
f 1628 1733 1645
f 1662 1726 3014
f 3014 1726 1685
f 1667 1621 1741
f 1741 1621 1620
f 1665 1648 1666
f 1666 1648 1566
f 1901 1659 1737
f 1737 1659 1658
f 1911 1661 1910
f 1910 1661 1660
f 1910 1622 1911
f 1911 1622 1701
f 1901 1733 1748
f 1748 1733 1732
f 3004 1892 2948
f 2948 1892 1857
f 3005 1891 3004
f 3004 1891 1892
f 2949 1829 3006
f 3006 1829 1828
f 710 2968 736
f 736 2968 2967
f 2972 2969 2967
f 2967 2969 736
f 2969 2972 897
f 897 2972 3007
f 897 3007 729
f 729 3007 2951
f 3016 753 3015
f 3015 753 752
f 3018 767 3017
f 3017 767 766
f 3021 1249 3020
f 3020 1249 3019
f 2915 2914 3019
f 3019 2914 3020
f 3023 2914 3022
f 3022 2914 1783
f 766 769 2839
f 2839 769 2827
f 3021 3024 2838
f 2838 3024 3025
f 768 767 2850
f 2850 767 3026
f 2850 3026 751
f 751 3026 752
f 750 753 2932
f 2932 753 3027
f 2998 2932 3008
f 3008 2932 3027
f 3028 3029 3008
f 3008 3029 2952
f 3029 3030 2952
f 2952 3030 730
f 3034 3031 3033
f 3033 3031 3032
f 3038 3035 3037
f 3037 3035 3036
f 612 2870 3040
f 3040 2870 3039
f 3038 3031 3042
f 3042 3031 3041
f 3034 1352 3043
f 3043 1352 944
f 3044 613 3040
f 3040 613 612
f 1422 1425 3044
f 3044 1425 613
f 670 669 3042
f 3042 669 3045
f 600 599 3043
f 3043 599 3041
f 781 1544 771
f 771 1544 772
f 770 1866 771
f 771 1866 1503
f 771 1503 781
f 781 1503 778
f 1907 416 281
f 281 416 61
f 3047 3046 103
f 103 3046 283
f 3048 76 3049
f 3049 76 79
f 3048 1906 76
f 76 1906 280
f 3050 3051 334
f 334 3051 335
f 416 3052 417
f 417 3052 3053
f 434 3054 435
f 435 3054 3055
f 1908 419 435
f 435 419 428
f 1909 443 420
f 420 443 293
f 79 294 3049
f 3049 294 444
f 443 3056 444
f 444 3056 3057
f 3051 3058 335
f 335 3058 452
f 216 215 1332
f 1332 215 452
f 308 283 462
f 462 283 3046
f 462 3059 334
f 334 3059 3050
f 417 3047 62
f 62 3047 103
f 313 312 434
f 434 312 463
f 573 3060 574
f 574 3060 3061
f 3063 1428 3062
f 3062 1428 1310
f 1258 3064 1255
f 1255 3064 2871
f 932 3065 2853
f 2853 3065 3066
f 699 2814 931
f 931 2814 3067
f 3068 1301 3063
f 3063 1301 1428
f 3062 1310 574
f 574 1310 571
f 1332 3069 573
f 573 3069 3060
f 1907 1906 3071
f 3071 1906 3070
f 1909 1908 3073
f 3073 1908 3072
f 3075 2814 3074
f 3074 2814 2813
f 2854 3076 1258
f 1258 3076 3064
f 3078 2872 3077
f 3077 2872 2871
f 3074 2813 3079
f 3079 2813 2873
f 3080 1349 3078
f 3078 1349 2872
f 2873 701 3068
f 3068 701 1301
f 1330 1201 3080
f 3080 1201 1349
f 3082 3081 1263
f 1263 3081 1264
f 3081 3082 3084
f 3084 3082 3083
f 3085 3086 1448
f 1448 3086 811
f 808 811 3087
f 3087 811 3086
f 3082 833 3083
f 3083 833 3088
f 884 3089 885
f 885 3089 3090
f 3087 1790 808
f 808 1790 816
f 1790 3087 1787
f 1787 3087 3091
f 3087 3086 3091
f 3091 3086 3092
f 3095 3084 3094
f 3094 3084 3093
f 3088 3090 3096
f 3096 3090 3089
f 3084 3083 3093
f 3093 3083 3097
f 3099 3100 3098
f 3098 3100 1786
f 3101 1788 2913
f 2913 1788 3102
f 886 885 837
f 837 885 838
f 1541 3103 837
f 837 3103 886
f 3094 3093 3104
f 3104 3093 3097
f 3096 3089 3106
f 3106 3089 3105
f 3110 3107 3109
f 3109 3107 3108
f 3111 3112 3091
f 3091 3112 1787
f 3107 3113 3108
f 3108 3113 3114
f 3102 3112 3115
f 3115 3112 3114
f 3116 3111 3092
f 3092 3111 3091
f 836 835 838
f 838 835 839
f 885 3090 838
f 838 3090 836
f 3110 3117 1247
f 1247 3117 3118
f 1247 3118 1248
f 1248 3118 3119
f 1248 3119 3121
f 3121 3119 3120
f 3107 3110 844
f 844 3110 1247
f 844 843 3107
f 3107 843 3113
f 843 3099 3113
f 3113 3099 3122
f 1781 3123 3098
f 3098 3123 3124
f 2915 2931 1780
f 1780 2931 2930
f 3019 3125 2915
f 2915 3125 2931
f 1252 2834 3125
f 3125 2834 890
f 3125 3019 1252
f 1252 3019 1249
f 947 946 908
f 908 946 907
f 1185 1188 1369
f 1369 1188 948
f 954 957 951
f 951 957 952
f 950 953 965
f 965 953 910
f 961 960 958
f 958 960 905
f 962 949 978
f 978 949 3126
f 936 935 967
f 967 935 968
f 966 969 993
f 993 969 994
f 902 904 971
f 971 904 972
f 970 973 985
f 985 973 983
f 906 905 974
f 974 905 960
f 975 959 981
f 981 959 977
f 911 910 1143
f 1143 910 953
f 952 957 1142
f 1142 957 1145
f 1368 1366 1143
f 1143 1366 911
f 1142 1145 1369
f 1369 1145 1185
f 1456 966 1519
f 1519 966 993
f 1457 950 1454
f 1454 950 965
f 1460 1459 899
f 899 1459 900
f 1458 1461 991
f 991 1461 988
f 1462 1460 963
f 963 1460 899
f 1463 970 987
f 987 970 985
f 904 906 972
f 972 906 974
f 973 975 983
f 983 975 981
f 1459 968 900
f 900 968 935
f 969 1458 994
f 994 1458 991
f 1089 1088 1526
f 1526 1088 1154
f 1093 1092 1112
f 1112 1092 1109
f 1097 1084 1098
f 1098 1084 1083
f 1078 1471 1100
f 1100 1471 1101
f 1100 1104 1078
f 1078 1104 1075
f 1088 1156 1154
f 1154 1156 1152
f 1156 1155 1372
f 1372 1155 1373
f 1372 1373 1104
f 1104 1373 1075
f 1467 1109 1465
f 1465 1109 1092
f 1465 1182 1468
f 1468 1182 1184
f 1097 1096 1470
f 1470 1096 1474
f 1098 1083 1101
f 1101 1083 1102
f 1112 1531 1093
f 1093 1531 1529
f 1072 1099 1073
f 1073 1099 1102
f 1080 1079 1154
f 1154 1079 1526
f 1081 1091 1082
f 1082 1091 1094
f 1086 1085 1068
f 1068 1085 1069
f 1153 1151 1080
f 1080 1151 1058
f 1176 1179 1177
f 1177 1179 1371
f 1176 1103 1072
f 1072 1103 1099
f 1068 1071 1086
f 1086 1071 1073
f 1469 1180 1084
f 1084 1180 1085
f 1066 1065 1183
f 1183 1065 1181
f 1153 1152 1177
f 1177 1152 1178
f 1183 1182 1081
f 1081 1182 1091
f 1057 1525 1079
f 1079 1525 1527
f 1120 1117 1076
f 1076 1117 1077
f 1087 1090 1107
f 1107 1090 1108
f 1127 1126 1110
f 1110 1126 1111
f 1115 1096 1116
f 1116 1096 1095
f 1471 1078 1119
f 1119 1078 1077
f 1158 1155 1107
f 1107 1155 1087
f 1158 1157 1374
f 1374 1157 1376
f 1374 1076 1373
f 1373 1076 1075
f 1472 1110 1467
f 1467 1110 1109
f 1467 1466 1472
f 1472 1466 1473
f 1115 1114 1475
f 1475 1114 1135
f 1116 1095 1119
f 1119 1095 1471
f 1530 1111 1532
f 1532 1111 1126
f 1517 1480 1276
f 1276 1480 914
f 1224 1223 3128
f 3128 1223 3127
f 933 3129 824
f 824 3129 1455
f 1447 3130 1448
f 1448 3130 3131
f 1453 1452 3133
f 3133 1452 3132
f 1455 1322 1447
f 1447 1322 3130
f 3134 3129 1514
f 1514 3129 933
f 1481 1480 3135
f 3135 1480 1161
f 1499 1224 3136
f 3136 1224 3128
f 1517 1453 1162
f 1162 1453 3133
f 1223 1535 3127
f 3127 1535 1515
f 3095 3085 3131
f 3131 3085 1448
f 3086 3085 3092
f 3092 3085 3137
f 3092 3137 3116
f 3116 3137 3138
f 3110 3109 3117
f 3117 3109 3139
f 3118 3117 3140
f 3140 3117 3105
f 3119 3118 3141
f 3141 3118 3140
f 3119 3141 3120
f 3120 3141 3142
f 882 1277 3143
f 3143 1277 1498
f 3144 3145 1340
f 1340 3145 1339
f 1340 3146 3144
f 3144 3146 3147
f 3145 3144 3143
f 3143 3144 3148
f 1362 872 901
f 901 872 871
f 3144 3147 3148
f 3148 3147 3149
f 1208 3150 1209
f 3098 1786 1781
f 1781 1786 1782
f 2911 3123 2929
f 2929 3123 2930
f 2917 2916 1791
f 1791 2916 1794
f 2919 2918 3101
f 3101 2918 1793
f 1796 1794 2920
f 2920 1794 2916
f 2922 2921 3152
f 3152 2921 3151
f 2924 2923 3154
f 3154 2923 3153
f 2919 3101 2912
f 2912 3101 2913
f 2920 2925 1796
f 1796 2925 3155
f 2926 2924 3156
f 3156 2924 3154
f 2918 2917 1793
f 1793 2917 1791
f 2928 2927 3158
f 3158 2927 3157
f 1780 2930 1781
f 1781 2930 3123
f 1190 1189 1267
f 1267 1189 2825
f 1251 1250 2828
f 2828 1250 2827
f 1489 2830 1324
f 1324 2830 1325
f 1335 1334 1328
f 1328 1334 923
f 1483 1482 2832
f 2832 1482 1485
f 1266 1490 1492
f 1492 1490 1493
f 2824 1334 1346
f 1346 1334 1333
f 722 799 1492
f 1492 799 1190
f 2833 1482 657
f 657 1482 664
f 1493 1324 634
f 634 1324 631
f 2835 1251 1494
f 1494 1251 2828
f 2838 1250 3021
f 3021 1250 1249
f 2836 1189 2837
f 2837 1189 798
f 842 3159 3100
f 3100 3159 3160
f 1788 3101 1789
f 1789 3101 1793
f 1792 816 1789
f 1789 816 1790
f 817 816 1795
f 1795 816 1792
f 938 817 1797
f 1797 817 1795
f 1798 1797 3155
f 3155 1797 1796
f 1799 1798 3158
f 3158 1798 3155
f 1802 1801 3152
f 3152 1801 3157
f 3151 3156 1803
f 1803 3156 1804
f 3154 3153 1805
f 1805 3153 1806
f 1807 1806 3161
f 3161 1806 3153
f 3099 843 3100
f 3100 843 842
f 1788 1787 3102
f 3102 1787 3112
f 3122 3124 3115
f 3115 3124 2910
f 3099 3098 3122
f 3122 3098 3124
f 3071 3052 1907
f 1907 3052 416
f 3163 3046 3162
f 3162 3046 3047
f 3164 259 445
f 445 259 249
f 461 424 3165
f 3165 424 425
f 330 329 410
f 410 329 408
f 332 40 331
f 331 40 39
f 423 305 464
f 464 305 304
f 385 254 458
f 458 254 392
f 412 251 415
f 415 251 250
f 3166 234 337
f 337 234 233
f 3072 1908 3055
f 3055 1908 435
f 3073 3056 1909
f 1909 3056 443
f 3049 444 3167
f 3167 444 3057
f 452 3058 1332
f 1332 3058 3069
f 411 346 3166
f 3166 346 234
f 3059 462 3163
f 3163 462 3046
f 336 260 3164
f 3164 260 259
f 3053 3162 417
f 417 3162 3047
f 3054 434 3168
f 3168 434 463
f 3165 425 830
f 830 425 454
f 3170 3063 3169
f 3169 3063 3062
f 3171 1534 1354
f 1354 1534 1355
f 3068 3063 3172
f 3172 3063 3170
f 3169 3062 3061
f 3061 3062 574
f 3173 1535 3171
f 3171 1535 1534
f 3068 3172 2873
f 2873 3172 3079
f 3174 2839 3025
f 3025 2839 2838
f 3178 3175 3177
f 3177 3175 3176
f 1128 3179 1125
f 1125 3179 3180
f 3184 3181 3183
f 3183 3181 3182
f 3182 1130 3185
f 3185 1130 1134
f 3186 3187 3189
f 3189 3187 3188
f 3188 3190 3189
f 3189 3190 3191
f 3192 3190 1122
f 1122 3190 1137
f 3194 3193 3178
f 3178 3193 3175
f 3195 3179 3184
f 3184 3179 3181
f 3180 3196 3198
f 3198 3196 3197
f 3177 3199 3178
f 3178 3199 3200
f 3195 3201 3196
f 3196 3201 3202
f 3183 3203 3184
f 3184 3203 3204
f 3186 3205 3207
f 3207 3205 3206
f 3189 3208 3186
f 3186 3208 3205
f 3189 3191 3208
f 3208 3191 3209
f 3178 3200 3194
f 3194 3200 3210
f 3184 3204 3195
f 3195 3204 3201
f 3199 3177 3211
f 3211 3177 3197
f 3215 3212 3214
f 3214 3212 3213
f 3219 3216 3218
f 3218 3216 3217
f 3223 3220 3222
f 3222 3220 3221
f 3227 3224 3226
f 3226 3224 3225
f 3231 3228 3230
f 3230 3228 3229
f 3235 3232 3234
f 3234 3232 3233
f 3239 3236 3238
f 3238 3236 3237
f 3241 3239 3240
f 3240 3239 3238
f 3243 3242 3235
f 3235 3242 3232
f 3247 3244 3246
f 3246 3244 3245
f 3246 3245 3249
f 3249 3245 3248
f 3253 3250 3252
f 3252 3250 3251
f 3251 3254 3252
f 3252 3254 3255
f 3259 3256 3258
f 3258 3256 3257
f 3263 3260 3262
f 3262 3260 3261
f 3262 3264 3263
f 3263 3264 3265
f 3267 3266 3259
f 3259 3266 3256
f 3271 3268 3270
f 3270 3268 3269
f 3273 3270 3272
f 3272 3270 3269
f 3277 3274 3276
f 3276 3274 3275
f 3277 3276 3279
f 3279 3276 3278
f 3283 3280 3282
f 3282 3280 3281
f 3285 3281 3284
f 3284 3281 3280
f 3289 3286 3288
f 3288 3286 3287
f 3289 3288 3291
f 3291 3288 3290
f 3217 3235 3218
f 3218 3235 3234
f 3233 3232 3293
f 3293 3232 3292
f 3219 3236 3294
f 3294 3236 3239
f 3295 3237 3293
f 3293 3237 3233
f 3296 3294 3241
f 3241 3294 3239
f 3298 3297 3238
f 3238 3297 3240
f 3243 3235 3216
f 3216 3235 3217
f 3242 3240 3299
f 3299 3240 3297
f 3247 3246 3223
f 3223 3246 3300
f 3244 3254 3302
f 3302 3254 3301
f 3300 3246 3303
f 3303 3246 3249
f 3292 3248 3304
f 3304 3248 3245
f 3220 3253 3221
f 3221 3253 3252
f 3292 3299 3248
f 3248 3299 3250
f 3252 3255 3221
f 3221 3255 3222
f 3254 3251 3301
f 3301 3251 3297
f 3213 3259 3214
f 3214 3259 3258
f 3305 3304 3256
f 3256 3304 3257
f 3215 3260 3306
f 3306 3260 3263
f 3304 3302 3257
f 3257 3302 3261
f 3263 3265 3306
f 3306 3265 3307
f 3308 3264 3301
f 3301 3264 3262
f 3212 3267 3213
f 3213 3267 3259
f 3266 3264 3309
f 3309 3264 3308
f 3231 3271 3310
f 3310 3271 3270
f 3268 3278 3312
f 3312 3278 3311
f 3313 3310 3273
f 3273 3310 3270
f 3314 3305 3269
f 3269 3305 3272
f 3228 3274 3229
f 3229 3274 3277
f 3305 3309 3272
f 3272 3309 3275
f 3229 3277 3230
f 3230 3277 3279
f 3311 3278 3308
f 3308 3278 3276
f 3227 3282 3315
f 3315 3282 3281
f 3317 3283 3316
f 3316 3283 3290
f 3318 3315 3285
f 3285 3315 3281
f 3319 3314 3280
f 3280 3314 3284
f 3224 3286 3225
f 3225 3286 3289
f 3287 3284 3312
f 3284 3314 3312
f 3225 3289 3226
f 3226 3289 3291
f 3316 3290 3311
f 3311 3290 3288
f 3215 3306 3212
f 3212 3306 3307
f 3294 3296 3219
f 3219 3296 3216
f 3220 3223 3303
f 3303 3223 3300
f 3315 3318 3227
f 3227 3318 3224
f 3310 3313 3231
f 3231 3313 3228
f 3237 3236 3233
f 3233 3236 3234
f 3240 3242 3241
f 3241 3242 3243
f 3254 3244 3255
f 3255 3244 3247
f 3250 3253 3248
f 3248 3253 3249
f 3257 3261 3258
f 3258 3261 3260
f 3265 3264 3267
f 3267 3264 3266
f 3279 3278 3271
f 3271 3278 3268
f 3272 3275 3273
f 3273 3275 3274
f 3291 3290 3282
f 3282 3290 3283
f 3284 3287 3285
f 3285 3287 3286
f 3236 3219 3234
f 3234 3219 3218
f 3238 3237 3298
f 3298 3237 3295
f 3241 3243 3296
f 3296 3243 3216
f 3292 3232 3299
f 3299 3232 3242
f 3255 3247 3222
f 3222 3247 3223
f 3304 3245 3302
f 3302 3245 3244
f 3253 3220 3249
f 3249 3220 3303
f 3250 3299 3251
f 3251 3299 3297
f 3260 3215 3258
f 3258 3215 3214
f 3261 3302 3262
f 3262 3302 3301
f 3265 3267 3307
f 3307 3267 3212
f 3305 3256 3309
f 3309 3256 3266
f 3230 3279 3231
f 3231 3279 3271
f 3314 3269 3312
f 3312 3269 3268
f 3273 3274 3313
f 3313 3274 3228
f 3275 3309 3276
f 3276 3309 3308
f 3226 3291 3227
f 3227 3291 3282
f 3280 3283 3319
f 3319 3283 3317
f 3285 3286 3318
f 3318 3286 3224
f 3312 3311 3287
f 3288 3287 3311
f 3193 3194 3321
f 3321 3194 3320
f 3322 1121 3321
f 3321 1121 1375
f 3192 3322 3324
f 3324 3322 3323
f 1123 3176 1124
f 1124 3176 3175
f 3196 3180 3195
f 3195 3180 3179
f 3182 3181 1130
f 1130 3181 1131
f 3187 3186 3185
f 3185 3186 3207
f 1136 3188 1133
f 1133 3188 3187
f 1136 1137 3188
f 3188 1137 3190
f 1124 3175 1159
f 1159 3175 3193
f 1131 3181 1128
f 1128 3181 3179
f 1533 3198 1123
f 1123 3198 3176
f 1159 3193 1375
f 1375 3193 3321
f 3323 3322 3320
f 3320 3322 3321
f 3322 3192 1121
f 1121 3192 1122
f 3325 3320 3210
f 3210 3320 3194
f 3323 3326 3324
f 3324 3326 3327
f 3326 3323 3325
f 3325 3323 3320
f 3329 3205 3328
f 3328 3205 3208
f 3205 3329 3206
f 3206 3329 3330
f 3332 3204 3331
f 3331 3204 3203
f 3334 3325 3333
f 3333 3325 3210
f 3335 3326 3334
f 3334 3326 3325
f 3335 3336 3326
f 3326 3336 3327
f 3191 3324 3209
f 3209 3324 3327
f 3324 3191 3192
f 3192 3191 3190
f 3340 3337 3339
f 3339 3337 3338
f 3338 3341 3339
f 3339 3341 3342
f 3344 3342 3343
f 3343 3342 3341
f 3346 3344 3345
f 3345 3344 3343
f 3348 3346 3347
f 3347 3346 3345
f 3350 3348 3349
f 3349 3348 3347
f 3352 3351 3340
f 3340 3351 3337
f 3354 3353 3352
f 3352 3353 3351
f 3356 3355 3354
f 3354 3355 3353
f 3358 3357 3349
f 3349 3357 3350
f 3360 3359 3356
f 3356 3359 3355
f 3362 3361 3360
f 3360 3361 3359
f 3364 3363 3362
f 3362 3363 3361
f 3357 3358 3364
f 3364 3358 3363
f 3366 3365 3342
f 3342 3365 3339
f 3367 3366 3344
f 3344 3366 3342
f 3368 3367 3346
f 3346 3367 3344
f 3369 3368 3348
f 3348 3368 3346
f 3370 3369 3350
f 3350 3369 3348
f 3372 3371 3369
f 3369 3371 3368
f 3373 3372 3370
f 3370 3372 3369
f 3375 3372 3374
f 3374 3372 3373
f 3379 3376 3378
f 3378 3376 3377
f 3374 3378 3375
f 3375 3378 3377
f 3371 3372 3380
f 3380 3372 3375
f 3380 3375 3381
f 3381 3375 3377
f 3381 3377 3382
f 3382 3377 3376
f 3384 3385 3383
f 3383 3385 3386
f 3383 3387 3384
f 3384 3387 3388
f 3390 3389 3387
f 3387 3389 3388
f 3384 3391 3385
f 3385 3391 3392
f 3391 3384 3393
f 3393 3384 3388
f 3393 3388 3394
f 3394 3388 3389
f 3396 3394 3395
f 3395 3394 3389
f 3395 3389 3397
f 3397 3389 3390
f 3398 3340 3365
f 3365 3340 3339
f 3399 3352 3398
f 3398 3352 3340
f 3367 3368 3400
f 3400 3368 3371
f 3366 3367 3401
f 3401 3367 3400
f 3402 3365 3401
f 3401 3365 3366
f 3365 3402 3398
f 3398 3402 3403
f 3404 3399 3403
f 3403 3399 3398
f 3406 3404 3405
f 3405 3404 3403
f 3407 3354 3399
f 3399 3354 3352
f 3408 3407 3404
f 3404 3407 3399
f 3409 3408 3406
f 3406 3408 3404
f 3411 3406 3410
f 3410 3406 3405
f 3413 3411 3412
f 3412 3411 3410
f 3415 3395 3414
f 3414 3395 3397
f 3412 3416 3415
f 3415 3416 3417
f 3410 3418 3412
f 3412 3418 3416
f 3419 3418 3405
f 3405 3418 3410
f 3402 3419 3403
f 3403 3419 3405
f 3357 3420 3350
f 3350 3420 3370
f 3373 3370 3421
f 3421 3370 3420
f 3421 3422 3373
f 3373 3422 3374
f 3422 3423 3374
f 3374 3423 3378
f 3424 3379 3423
f 3423 3379 3378
f 3386 3379 3425
f 3425 3379 3424
f 3427 3387 3426
f 3426 3387 3383
f 3428 3390 3427
f 3427 3390 3387
f 3429 3397 3428
f 3428 3397 3390
f 3414 3397 3430
f 3430 3397 3429
f 3411 3413 3431
f 3431 3413 3432
f 3431 3409 3411
f 3411 3409 3406
f 3401 3400 3335
f 3335 3400 3336
f 3334 3402 3335
f 3335 3402 3401
f 3333 3419 3334
f 3334 3419 3402
f 3433 3418 3333
f 3333 3418 3419
f 3434 3416 3433
f 3433 3416 3418
f 3416 3434 3417
f 3417 3434 3435
f 3437 3436 3396
f 3396 3436 3394
f 3436 3332 3394
f 3394 3332 3393
f 3331 3391 3332
f 3332 3391 3393
f 3391 3331 3392
f 3392 3331 3330
f 3328 3381 3329
f 3329 3381 3382
f 3438 3356 3407
f 3407 3356 3354
f 3439 3360 3438
f 3438 3360 3356
f 3440 3362 3439
f 3439 3362 3360
f 3441 3364 3440
f 3440 3364 3362
f 3420 3357 3441
f 3441 3357 3364
f 3441 3442 3420
f 3420 3442 3421
f 3440 3443 3441
f 3441 3443 3442
f 3439 3444 3440
f 3440 3444 3443
f 3438 3445 3439
f 3439 3445 3444
f 3407 3408 3438
f 3438 3408 3445
f 3442 3446 3421
f 3421 3446 3422
f 3443 3447 3442
f 3442 3447 3446
f 3447 3443 3448
f 3448 3443 3444
f 3445 3449 3444
f 3444 3449 3448
f 3408 3409 3445
f 3445 3409 3449
f 3409 3431 3449
f 3449 3431 3450
f 3451 3448 3450
f 3450 3448 3449
f 3447 3448 3452
f 3452 3448 3451
f 3453 3446 3452
f 3452 3446 3447
f 3422 3446 3423
f 3423 3446 3453
f 3453 3454 3423
f 3423 3454 3424
f 3454 3453 3455
f 3455 3453 3452
f 3456 3455 3451
f 3451 3455 3452
f 3456 3451 3457
f 3457 3451 3450
f 3457 3450 3432
f 3432 3450 3431
f 3425 3424 3458
f 3458 3424 3454
f 3460 3459 3426
f 3426 3459 3427
f 3459 3461 3427
f 3427 3461 3428
f 3462 3429 3461
f 3461 3429 3428
f 3430 3429 3463
f 3463 3429 3462
f 3464 3465 3462
f 3462 3465 3463
f 3458 3454 3466
f 3466 3454 3455
f 3465 3464 3466
f 3466 3464 3467
f 3469 3468 3459
f 3459 3468 3461
f 3467 3464 3469
f 3469 3464 3468
f 3461 3468 3462
f 3462 3468 3464
f 3467 3469 3460
f 3460 3469 3459
f 3353 3298 3351
f 3351 3298 3295
f 3297 3298 3355
f 3355 3298 3353
f 3359 3301 3355
f 3355 3301 3297
f 3361 3308 3359
f 3359 3308 3301
f 3363 3311 3361
f 3361 3311 3308
f 3358 3316 3363
f 3363 3316 3311
f 3349 3317 3358
f 3358 3317 3316
f 3319 3317 3347
f 3347 3317 3349
f 3314 3319 3345
f 3345 3319 3347
f 3305 3314 3343
f 3343 3314 3345
f 3304 3305 3341
f 3341 3305 3343
f 3304 3341 3292
f 3292 3341 3338
f 3337 3293 3338
f 3338 3293 3292
f 3351 3295 3337
f 3337 3295 3293
f 3201 3436 3202
f 3202 3436 3437
f 3436 3201 3332
f 3332 3201 3204
f 3199 3434 3200
f 3200 3434 3433
f 3434 3199 3435
f 3435 3199 3211
f 3200 3433 3210
f 3210 3433 3333
f 3380 3470 3371
f 3470 3336 3371
f 3371 3336 3400
f 3470 3380 3328
f 3328 3380 3381
f 3208 3209 3328
f 3328 3209 3470
f 3209 3327 3470
f 3470 3327 3336
f 1545 1763 1546
f 1546 1763 1762
f 770 773 1546
f 1546 773 1403
f 1221 3013 1220
f 1220 3013 3471
f 1305 2877 1306
f 1306 2877 2879
f 829 828 3471
f 3471 828 1220
f 1756 3472 1754
f 1754 3472 1217
f 3474 1048 3473
f 3473 1048 1049
f 1371 1179 3473
f 3473 1179 3474
f 3474 1179 3475
f 3475 1179 1074
f 1056 1048 3475
f 3475 1048 3474
f 665 1345 666
f 666 1345 919
f 666 919 680
f 680 919 856
f 858 1449 680
f 680 1449 679
f 1367 878 1500
f 1500 878 877
f 1366 908 1367
f 1367 908 878
f 915 1513 916
f 916 1513 1512
f 1369 948 1368
f 1368 948 947
f 1020 1044 1021
f 1021 1044 1047
f 1020 1019 1049
f 1049 1019 1370
f 1173 1030 1174
f 1174 1030 1033
f 1187 1464 1188
f 1188 1464 3126
f 916 1512 1451
f 1451 1512 1800
f 1187 1186 1174
f 1174 1186 1175
f 1021 1047 1173
f 1173 1047 1030
f 1481 3476 915
f 915 3476 1513
f 1483 3477 665
f 665 3477 1345
f 877 876 1501
f 1501 876 1502
f 1205 1451 1803
f 1803 1451 1802
f 2831 3478 2832
f 2832 3478 3479
f 2922 2927 858
f 858 2927 1449
f 1368 947 1366
f 1366 947 908
f 1188 3126 948
f 948 3126 949
f 1501 1502 3135
f 3135 1502 3480
f 3152 3157 2922
f 2922 3157 2927
f 2832 3479 1483
f 1483 3479 3477
f 1803 1802 3151
f 3151 1802 3152
f 657 664 658
f 658 664 663
f 706 939 658
f 658 939 655
f 869 1800 870
f 870 1800 1512
f 873 876 874
f 874 876 875
f 958 905 874
f 874 905 849
f 961 946 962
f 962 946 949
f 978 3126 979
f 979 3126 1464
f 1031 1168 1032
f 1032 1168 1022
f 1045 1013 1046
f 1046 1013 1012
f 1045 1044 1056
f 1056 1044 1048
f 1031 1030 1046
f 1046 1030 1047
f 1450 940 706
f 706 940 939
f 979 1464 1032
f 1032 1464 1033
f 3134 3476 1478
f 1478 3476 3480
f 2829 1487 2830
f 2830 1487 1486
f 848 1230 873
f 873 1230 1479
f 1514 933 870
f 870 933 867
f 1799 1801 869
f 869 1801 1800
f 2833 1325 1486
f 1486 1325 2830
f 2928 2925 1450
f 1450 2925 940
f 958 907 961
f 961 907 946
f 978 977 962
f 962 977 959
f 1514 1513 3134
f 3134 1513 3476
f 3158 3155 2928
f 2928 3155 2925
f 657 656 2833
f 2833 656 1325
f 3158 3157 1799
f 1799 3157 1801
f 1056 3475 1055
f 1055 3475 1074
f 1049 1370 3473
f 3473 1370 1371
f 618 3481 615
f 615 3481 2884
f 617 2846 2831
f 2831 2846 3478
f 618 617 1484
f 1484 617 2831
f 3481 618 1487
f 1487 618 1484
f 1487 2829 3481
f 3481 2829 2848
f 1162 1161 1517
f 1517 1161 1480
f 1322 1455 1323
f 1323 1455 3129
f 1323 3129 1478
f 1478 3129 3134
f 1516 1515 3173
f 3173 1515 1535
f 3085 3095 3137
f 3137 3095 3094
f 3137 3094 3138
f 3138 3094 3104
f 3106 3105 3139
f 3139 3105 3117
f 3128 3127 1141
f 1141 3127 1138
f 3081 3131 1264
f 1264 3131 3130
f 3133 3132 1226
f 1226 3132 1227
f 1322 1229 3130
f 3130 1229 1264
f 3135 1161 1501
f 1501 1161 1160
f 3136 3128 1476
f 1476 3128 1141
f 1162 3133 1163
f 1163 3133 1226
f 3127 1515 1138
f 1138 1515 1363
f 3084 3095 3081
f 3081 3095 3131
f 3140 3105 884
f 884 3105 3089
f 3141 3140 883
f 883 3140 884
f 3142 3141 3482
f 3482 3141 883
f 3135 3480 1481
f 1481 3480 3476
f 1478 3480 1479
f 1479 3480 1502
f 3168 463 440
f 714 1880 715
f 715 1880 2905
f 731 2970 732
f 732 2970 896
f 833 3082 834
f 834 3082 1263
f 854 853 1231
f 1231 853 898
f 889 2931 890
f 890 2931 3125
f 892 2851 893
f 893 2851 1237
f 963 899 853
f 853 899 898
f 986 989 987
f 987 989 988
f 1006 1003 1007
f 1007 1003 1002
f 1038 1036 1007
f 1007 1036 1004
f 1006 1005 1052
f 1052 1005 1070
f 1052 1070 1067
f 1067 1070 1069
f 1134 1130 1135
f 1135 1130 1129
f 1166 880 1167
f 1167 880 879
f 1038 1037 1169
f 1169 1037 1171
f 1067 1069 1180
f 1180 1069 1085
f 1167 879 1210
f 1210 879 1209
f 2885 1215 1754
f 1754 1215 1214
f 854 834 855
f 855 834 1263
f 1243 1826 1244
f 1244 1826 708
f 893 1254 894
f 894 1254 2909
f 1360 964 1361
f 1361 964 1228
f 2908 2907 1436
f 1436 2907 1437
f 2990 1440 2991
f 2991 1440 1439
f 964 1360 965
f 965 1360 1454
f 1456 951 1457
f 1457 951 950
f 1462 971 1463
f 1463 971 970
f 986 984 1169
f 1169 984 1025
f 1084 1097 1469
f 1469 1097 1470
f 1475 1474 1115
f 1115 1474 1096
f 1476 1141 1361
f 1361 1141 1140
f 1494 2828 1495
f 1495 2828 1212
f 1499 1452 1166
f 1166 1452 880
f 715 2905 1504
f 1504 2905 2906
f 1518 955 1519
f 1519 955 954
f 1518 992 1520
f 1520 992 1026
f 1521 1043 1520
f 1520 1043 1029
f 1521 1040 1522
f 1522 1040 997
f 1015 1522 1016
f 1016 1522 1523
f 1062 1524 996
f 996 1524 1523
f 1060 1524 1057
f 1057 1524 1525
f 1094 1528 1082
f 1082 1528 1527
f 1529 1089 1528
f 1528 1089 1526
f 1530 1108 1531
f 1531 1108 1090
f 1126 1125 1532
f 1532 1125 1533
f 3483 1755 727
f 727 1755 1214
f 1813 707 1814
f 1814 707 735
f 1243 1246 1834
f 1834 1246 2891
f 1848 1847 1881
f 1881 1847 2904
f 1858 1853 1855
f 1855 1853 1852
f 1878 1877 2903
f 2903 1877 1902
f 1878 2903 1847
f 1847 2903 2904
f 1848 714 1849
f 1849 714 713
f 2989 1883 2990
f 2990 1883 1440
f 1855 1852 2989
f 2989 1852 1883
f 1887 2892 1888
f 1888 2892 2895
f 1903 1877 777
f 777 1877 774
f 2834 1252 2835
f 2835 1252 1251
f 1495 1212 2844
f 2844 1212 1213
f 2844 1213 892
f 892 1213 2851
f 2910 3124 2911
f 2911 3124 3123
f 889 888 2929
f 2929 888 887
f 1435 2963 1436
f 1436 2963 2961
f 1253 1438 1254
f 1254 1438 1437
f 1814 735 731
f 731 735 2970
f 733 732 2885
f 2885 732 1215
f 2977 2976 2902
f 2902 2976 2901
f 2979 2976 2982
f 2982 2976 2975
f 2979 2981 2900
f 2900 2981 2899
f 2983 2898 2981
f 2981 2898 2899
f 2983 2984 2985
f 2985 2984 2986
f 2988 2896 2985
f 2985 2896 2897
f 2988 2987 1439
f 1439 2987 2991
f 2977 1903 2978
f 2978 1903 777
f 1853 1858 1888
f 1888 1858 1885
f 833 836 3088
f 3088 836 3090
f 3096 3097 3088
f 3088 3097 3083
f 3106 3104 3096
f 3096 3104 3097
f 3109 3108 3116
f 3116 3108 3111
f 3108 3114 3111
f 3111 3114 3112
f 3115 3114 3122
f 3122 3114 3113
f 891 890 2837
f 2837 890 2834
f 1519 954 1456
f 1456 954 951
f 1454 936 1457
f 1457 936 967
f 971 1462 902
f 902 1462 963
f 987 988 1463
f 1463 988 1461
f 1466 1468 1474
f 1474 1468 1470
f 1531 1090 1529
f 1529 1090 1089
f 1180 1469 1181
f 1181 1469 1184
f 1082 1527 1061
f 1061 1527 1525
f 1473 1475 1129
f 1129 1475 1135
f 1532 1105 1530
f 1530 1105 1108
f 3136 3132 1499
f 1499 3132 1452
f 3109 3116 3139
f 3139 3116 3138
f 2929 887 2911
f 2911 887 2912
f 1494 1497 2835
f 2835 1497 2836
f 3115 2910 3102
f 3102 2910 2913
f 3185 1134 3187
f 3187 1134 1133
f 3198 3197 3176
f 3176 3197 3177
f 3207 3206 3183
f 3183 3206 3203
f 3211 3197 3202
f 3202 3197 3196
f 3185 3207 3182
f 3182 3207 3183
f 3198 1533 3180
f 3180 1533 1125
f 3206 3330 3203
f 3203 3330 3331
f 3379 3386 3376
f 3376 3386 3385
f 3385 3392 3376
f 3376 3392 3382
f 3414 3413 3415
f 3415 3413 3412
f 3415 3417 3395
f 3395 3417 3396
f 3425 3426 3386
f 3386 3426 3383
f 3430 3432 3414
f 3414 3432 3413
f 3417 3435 3396
f 3396 3435 3437
f 3392 3330 3382
f 3382 3330 3329
f 3458 3460 3425
f 3425 3460 3426
f 3463 3457 3430
f 3430 3457 3432
f 3465 3456 3463
f 3463 3456 3457
f 3466 3467 3458
f 3458 3467 3460
f 3455 3456 3466
f 3466 3456 3465
f 3435 3211 3437
f 3437 3211 3202
f 3139 3138 3106
f 3106 3138 3104
f 1476 1227 3136
f 3136 1227 3132
f 943 687 600
f 600 687 601
f 1297 667 625
f 625 667 596
f 687 686 601
f 601 686 653
f 712 711 784
f 784 711 1319
f 712 783 607
f 607 783 1811
f 920 917 921
f 921 917 862
f 924 3479 925
f 925 3479 3478
f 925 3478 926
f 926 3478 2846
f 930 929 662
f 662 929 659
f 856 921 857
f 857 921 1204
f 863 1207 864
f 864 1207 1206
f 2876 1219 2877
f 2877 1219 1218
f 1296 593 1297
f 1297 593 667
f 917 920 1333
f 1333 920 1346
f 686 693 653
f 653 693 930
f 1277 913 1498
f 1498 913 1207
f 592 1536 610
f 610 1536 711
f 864 1206 1805
f 1805 1206 1804
f 1317 1536 1900
f 1900 1536 1809
f 1900 1809 1295
f 1295 1809 1296
f 2824 3477 924
f 924 3477 3479
f 2847 1203 926
f 926 1203 927
f 3033 3032 2859
f 2859 3032 3484
f 3472 2878 1217
f 1217 2878 1218
f 2881 2880 2888
f 2888 2880 2889
f 2886 2883 2887
f 2887 2883 2882
f 929 928 2847
f 2847 928 1203
f 2926 2921 1204
f 1204 2921 857
f 1820 1819 2882
f 2882 1819 2881
f 1821 2883 2876
f 2876 2883 1219
f 2880 783 2889
f 2889 783 782
f 1352 3034 1353
f 1353 3034 3033
f 3043 3041 3034
f 3034 3041 3031
f 600 3043 943
f 943 3043 944
f 3143 1498 3145
f 3145 1498 1339
f 3143 3148 882
f 882 3148 1208
f 2921 2926 3151
f 3151 2926 3156
f 1346 1345 2824
f 2824 1345 3477
f 1805 1804 3154
f 3154 1804 3156
f 3482 883 3103
f 3103 883 886
f 3121 3485 1248
f 1248 3485 841
f 2816 2812 2819
f 2819 2812 2811
f 2806 2817 2815
f 2815 2817 2818
f 2817 2816 2818
f 2818 2816 2819
f 2818 2819 2795
f 2795 2819 2793
f 2795 2793 352
f 352 2793 243
f 352 243 353
f 353 243 242
f 353 242 191
f 191 242 359
f 191 359 192
f 192 359 247
f 192 247 193
f 193 247 157
f 193 157 194
f 194 157 156
f 194 156 261
f 261 156 378
f 378 381 261
f 261 381 195
f 195 381 196
f 196 381 376
f 196 376 198
f 198 376 375
f 197 198 1776
f 1776 198 375
f 1776 1767 197
f 197 1767 274
f 181 274 199
f 199 274 1767
f 563 564 566
f 566 564 568
f 568 569 566
f 566 569 567
f 578 1771 1773
f 1773 1771 501
f 578 1773 579
f 579 1773 547
f 3486 470 474
f 474 470 469
f 3488 3487 582
f 582 3487 450
f 582 583 3488
f 3488 583 3489
f 583 584 3489
f 3489 584 3490
f 3490 584 3491
f 3491 584 543
f 467 466 3486
f 3486 466 470
f 3489 3490 503
f 503 3490 504
f 3488 3489 3492
f 3492 3489 503
f 3492 503 3493
f 3493 503 502
f 3493 3494 3492
f 3492 3494 3495
f 3492 3495 3488
f 3488 3495 3487
f 570 465 1774
f 1774 465 468
f 1771 1775 3493
f 3493 1775 3494
f 1772 504 3491
f 3491 504 3490
f 548 1772 543
f 543 1772 3491
f 3486 474 3487
f 3487 474 450
f 3486 3487 467
f 467 3487 3495
f 467 3495 468
f 468 3495 3494
f 1775 1774 3494
f 3494 1774 468
f 3493 502 1771
f 1771 502 501
f 365 384 366
f 366 384 527
f 366 527 524
f 524 527 522
f 524 522 534
f 534 522 521
f 534 521 535
f 535 521 530
f 532 513 486
f 486 513 508
f 535 541 532
f 532 541 513
f 597 596 668
f 668 596 667
f 625 624 1297
f 1297 624 1294
f 640 604 641
f 641 604 603
f 651 650 1293
f 1293 650 1290
f 661 660 691
f 691 660 1758
f 670 599 671
f 671 599 602
f 661 690 662
f 662 690 654
f 2856 598 695
f 695 598 597
f 690 671 654
f 654 671 602
f 704 676 640
f 640 676 604
f 709 708 1829
f 1829 708 1826
f 741 740 1284
f 1284 740 1288
f 755 754 758
f 758 754 759
f 695 932 2856
f 2856 932 2853
f 1193 1192 691
f 691 1192 689
f 784 1319 1240
f 1240 1319 1241
f 1245 1244 1816
f 1816 1244 1813
f 740 759 1288
f 1288 759 754
f 1241 1318 1242
f 1242 1318 1894
f 1418 2867 1347
f 1347 2867 1348
f 1347 673 704
f 704 673 676
f 1419 741 1287
f 1287 741 1284
f 1421 1426 1422
f 1422 1426 1425
f 616 615 660
f 660 615 1758
f 1192 1191 1421
f 1421 1191 1426
f 2962 1839 1504
f 1504 1839 1505
f 1193 1759 1194
f 1194 1759 941
f 1760 1419 1537
f 1537 1419 1287
f 1824 1823 2893
f 2893 1823 1882
f 1828 1827 1891
f 1891 1827 1886
f 1827 1834 1886
f 1886 1834 1887
f 1841 716 1838
f 1838 716 1505
f 782 784 1850
f 1850 784 1240
f 1864 1863 1242
f 1242 1863 1239
f 1873 1864 1894
f 1894 1864 1242
f 1863 1823 1239
f 1239 1823 1822
f 1318 1317 1895
f 1895 1317 1900
f 1897 1873 1896
f 1896 1873 1894
f 1291 1896 1292
f 1292 1896 1895
f 1897 606 1898
f 1898 606 605
f 1258 1257 2854
f 2854 1257 2855
f 1257 1351 2855
f 2855 1351 2857
f 1351 1353 2857
f 2857 1353 2858
f 2859 2858 3033
f 3033 2858 1353
f 3037 3036 2861
f 2861 3036 2860
f 3039 2870 2863
f 2863 2870 2862
f 2862 2870 2864
f 2864 2870 2869
f 2864 2869 2865
f 2865 2869 2868
f 2865 2868 2866
f 2866 2868 1764
f 1348 1760 1199
f 1199 1760 1537
f 1759 1758 2884
f 2884 1758 615
f 1245 2890 1246
f 1246 2890 1825
f 2891 1824 2892
f 2892 1824 2893
f 761 2960 758
f 758 2960 2906
f 2941 2940 2943
f 2943 2940 3000
f 709 2950 710
f 710 2950 2968
f 2953 2866 1423
f 1423 2866 1764
f 2954 2953 645
f 645 2953 1423
f 2955 2954 644
f 644 2954 645
f 2956 2955 738
f 738 2955 644
f 2957 2956 764
f 764 2956 738
f 2958 2957 763
f 763 2957 764
f 763 2908 2958
f 2958 2908 2959
f 2908 1436 2959
f 2959 1436 2961
f 1837 2964 1435
f 1435 2964 2963
f 1837 2937 2964
f 2964 2937 2965
f 2950 2966 2968
f 2968 2966 2936
f 2941 1838 2942
f 2942 1838 1840
f 3006 2940 2949
f 2949 2940 2939
f 2939 2942 2966
f 2966 2942 2965
f 2890 1850 1825
f 1825 1850 1822
f 3006 1828 3005
f 3005 1828 1891
f 3042 3045 3038
f 3038 3045 3035
f 3040 3035 3044
f 3044 3035 3045
f 3044 3045 1422
f 1422 3045 669
f 3042 3041 670
f 670 3041 599
f 931 3067 932
f 932 3067 3065
f 3076 2854 3066
f 3066 2854 2853
f 3067 3496 3065
f 3065 3496 3497
f 3499 3076 3498
f 3498 3076 3066
f 1244 708 1813
f 1813 708 707
f 2960 2962 2906
f 2906 2962 1504
f 1834 2891 1887
f 1887 2891 2892
f 1839 2962 2963
f 2963 2962 2961
f 625 596 626
f 626 596 595
f 2859 3484 626
f 626 3484 623
f 603 606 1290
f 1290 606 1291
f 641 603 650
f 650 603 1290
f 650 649 641
f 641 649 642
f 642 649 2863
f 2863 649 2860
f 2863 2860 3039
f 3039 2860 3036
f 3039 3036 3040
f 3040 3036 3035
f 1292 1295 1293
f 1293 1295 1294
f 1293 1294 651
f 651 1294 624
f 651 624 652
f 652 624 623
f 652 623 2861
f 2861 623 3484
f 2861 3484 3037
f 3037 3484 3032
f 3037 3032 3038
f 3038 3032 3031
f 3481 2848 2884
f 2884 2848 942
f 616 1427 617
f 617 1427 2846
f 3500 3048 3167
f 3167 3048 3049
f 1906 3048 3070
f 3070 3048 3500
f 3502 3501 1768
f 1768 3501 1337
f 3024 3021 3503
f 3503 3021 3020
f 2914 3023 3020
f 3020 3023 3503
f 3504 860 1770
f 1770 860 859
f 3502 1768 3505
f 3505 1768 1336
f 3498 3066 3497
f 3497 3066 3065
f 2814 3075 3067
f 3067 3075 3496
f 3017 766 3174
f 3174 766 2839
f 1769 1338 3501
f 3501 1338 1337
f 767 3018 3026
f 3026 3018 3506
f 3507 3064 3499
f 3499 3064 3076
f 727 730 3483
f 3483 730 3030
f 3064 3507 2871
f 2871 3507 3077
f 3100 3160 1786
f 1786 3160 1784
f 3026 3506 752
f 752 3506 3015
f 3508 2923 3504
f 3504 2923 860
f 753 3016 3027
f 3027 3016 3509
f 3027 3509 3008
f 3008 3509 3028
f 1782 1785 1783
f 1783 1785 3022
f 3161 3153 3508
f 3508 3153 2923
f 3150 1208 3149
f 3149 1208 3148
f 1327 3510 1328
f 1328 3510 1335
f 3510 3505 1335
f 1335 3505 1336
f 866 3511 1340
f 1340 3511 3146
f 865 1808 866
f 866 1808 3511
f 3485 3159 841
f 841 3159 842
f 1326 1329 3512
f 3512 1329 2849
f 3512 2849 1331
f 1331 2849 1202
f 3516 3513 3515
f 3515 3513 3514
f 3515 3517 3516
f 3516 3517 3518
f 3515 3514 3520
f 3520 3514 3519
f 3524 3521 3523
f 3523 3521 3522
f 3528 3525 3527
f 3527 3525 3526
f 3532 3529 3531
f 3531 3529 3530
f 3536 3533 3535
f 3535 3533 3534
f 3538 3537 3532
f 3532 3537 3529
f 3540 3529 3539
f 3539 3529 3537
f 3544 3541 3543
f 3543 3541 3542
f 3548 3545 3547
f 3547 3545 3546
f 3533 3549 3534
f 3534 3549 3550
f 3552 3551 3543
f 3543 3551 3550
f 3548 3539 3545
f 3545 3539 3537
f 3553 3554 3556
f 3556 3554 3555
f 3546 3545 3557
f 3557 3545 3537
f 3559 3560 3558
f 3558 3560 3561
f 3565 3562 3564
f 3564 3562 3563
f 3567 3566 3563
f 3563 3566 3564
f 3571 3568 3570
f 3570 3568 3569
f 3573 3574 3572
f 3572 3574 3575
f 3579 3576 3578
f 3578 3576 3577
f 3583 3580 3582
f 3582 3580 3581
f 3579 3584 3586
f 3586 3584 3585
f 3576 3579 3587
f 3587 3579 3586
f 3591 3588 3590
f 3590 3588 3589
f 3592 3593 3595
f 3595 3593 3594
f 3595 3596 3598
f 3598 3596 3597
f 3601 3599 3600
f 3600 3599 3583
f 3601 3602 3599
f 3599 3602 3603
f 3607 3604 3606
f 3606 3604 3605
f 3608 3555 3596
f 3596 3555 3554
f 3565 3609 3610
f 3610 3609 3597
f 3609 3565 3611
f 3611 3565 3564
f 3566 3612 3564
f 3564 3612 3611
f 3570 3569 3614
f 3614 3569 3613
f 3574 3573 3616
f 3616 3573 3615
f 3618 3518 3617
f 3617 3518 3517
f 3622 3619 3621
f 3621 3619 3620
f 3626 3623 3625
f 3625 3623 3624
f 3630 3627 3629
f 3629 3627 3628
f 3634 3631 3633
f 3633 3631 3632
f 3638 3635 3637
f 3637 3635 3636
f 3642 3639 3641
f 3641 3639 3640
f 3640 3639 3644
f 3644 3639 3643
f 3647 3645 3513
f 3513 3645 3646
f 3513 3646 3514
f 3514 3646 3648
f 3514 3648 3519
f 3519 3648 3649
f 3652 3527 3651
f 3651 3527 3650
f 3650 3653 3651
f 3651 3653 3654
f 3656 3655 3571
f 3571 3655 3568
f 3659 3653 3658
f 3658 3653 3657
f 3660 3661 3658
f 3658 3661 3662
f 3666 3663 3665
f 3665 3663 3664
f 3653 3650 3657
f 3657 3650 3667
f 3670 3668 3523
f 3523 3668 3669
f 3672 3673 3671
f 3671 3673 3674
f 3678 3675 3677
f 3677 3675 3676
f 3677 3676 3674
f 3674 3676 3671
f 3680 3681 3679
f 3679 3681 3682
f 3684 3681 3683
f 3683 3681 3680
f 3662 3661 3686
f 3686 3661 3685
f 3688 3662 3687
f 3687 3662 3686
f 3690 3689 3683
f 3683 3689 3684
f 3694 3691 3693
f 3693 3691 3692
f 3696 3695 3694
f 3694 3695 3691
f 3700 3697 3699
f 3699 3697 3698
f 3704 3701 3703
f 3703 3701 3702
f 3520 3519 3706
f 3706 3519 3705
f 3708 3707 3672
f 3672 3707 3673
f 3679 3682 3710
f 3710 3682 3709
f 3693 3692 3712
f 3712 3692 3711
f 3716 3713 3715
f 3715 3713 3714
f 3699 3717 3700
f 3700 3717 3718
f 3719 3720 3722
f 3722 3720 3721
f 3726 3723 3725
f 3725 3723 3724
f 3727 3728 3730
f 3730 3728 3729
f 3732 3731 3721
f 3721 3731 3722
f 3714 3733 3700
f 3700 3733 3697
f 3713 3734 3714
f 3714 3734 3733
f 3735 3732 3723
f 3723 3732 3721
f 3737 3724 3736
f 3736 3724 3720
f 3715 3714 3718
f 3718 3714 3700
f 3739 3738 3699
f 3699 3738 3717
f 3540 3533 3740
f 3740 3533 3536
f 3744 3741 3743
f 3743 3741 3742
f 3748 3745 3747
f 3747 3745 3746
f 3752 3749 3751
f 3751 3749 3750
f 3631 3628 3632
f 3632 3628 3627
f 3626 3753 3755
f 3755 3753 3754
f 3610 3756 3565
f 3565 3756 3562
f 3757 3528 3652
f 3652 3528 3527
f 3523 3669 3524
f 3524 3669 3758
f 3600 3583 3598
f 3598 3583 3582
f 3523 3522 3670
f 3670 3522 3759
f 3761 3760 3678
f 3678 3760 3675
f 3689 3690 3763
f 3763 3690 3762
f 3767 3764 3766
f 3766 3764 3765
f 3699 3698 3739
f 3739 3698 3768
f 3726 3725 3770
f 3770 3725 3769
f 3772 3771 3647
f 3647 3771 3645
f 3677 3646 3678
f 3678 3646 3645
f 3674 3648 3677
f 3677 3648 3646
f 3648 3674 3649
f 3649 3674 3673
f 3649 3673 3773
f 3773 3673 3707
f 3777 3774 3776
f 3776 3774 3775
f 3525 3778 3526
f 3526 3778 3779
f 3780 3667 3779
f 3779 3667 3526
f 3657 3667 3781
f 3781 3667 3780
f 3672 3679 3708
f 3708 3679 3710
f 3671 3680 3672
f 3672 3680 3679
f 3680 3671 3683
f 3683 3671 3676
f 3683 3676 3690
f 3690 3676 3675
f 3690 3675 3762
f 3762 3675 3760
f 3682 3681 3783
f 3783 3681 3782
f 3785 3684 3784
f 3784 3684 3689
f 3785 3782 3684
f 3684 3782 3681
f 3682 3783 3709
f 3709 3783 3786
f 3763 3787 3689
f 3689 3787 3784
f 3790 3788 3557
f 3557 3788 3789
f 3794 3791 3793
f 3793 3791 3792
f 3796 3795 3615
f 3615 3795 3616
f 3797 3798 3727
f 3727 3798 3728
f 3802 3799 3801
f 3801 3799 3800
f 3803 3578 3592
f 3592 3578 3593
f 3804 3805 3807
f 3807 3805 3806
f 3586 3585 3603
f 3603 3585 3599
f 3603 3604 3586
f 3586 3604 3587
f 3791 3794 3591
f 3591 3794 3588
f 3582 3581 3592
f 3592 3581 3803
f 3790 3608 3561
f 3561 3608 3594
f 3809 3808 3688
f 3688 3808 3662
f 3811 3810 3664
f 3664 3810 3665
f 3736 3720 3812
f 3812 3720 3719
f 3737 3718 3813
f 3813 3718 3717
f 3720 3724 3721
f 3721 3724 3723
f 3738 3814 3717
f 3717 3814 3813
f 304 303 3816
f 3816 303 3815
f 3820 3817 3819
f 3819 3817 3818
f 3584 3579 3803
f 3803 3579 3578
f 3578 3577 3593
f 3593 3577 3558
f 3824 3821 3823
f 3823 3821 3822
f 3827 3825 3826
f 3826 3825 3546
f 3541 3547 3829
f 3829 3547 3828
f 3832 3830 3542
f 3542 3830 3831
f 3821 3833 3822
f 3822 3833 3834
f 3825 3827 3836
f 3836 3827 3835
f 3829 3828 3799
f 3799 3828 3800
f 3838 3837 3832
f 3832 3837 3830
f 3839 3551 330
f 330 3551 331
f 332 3552 333
f 333 3552 3831
f 3819 3797 3841
f 3841 3797 3840
f 3746 3647 3516
f 3516 3647 3513
f 3772 3745 336
f 336 3745 337
f 3749 3775 3528
f 3528 3775 3525
f 3596 3554 3597
f 3597 3554 3610
f 3701 3520 3702
f 3702 3520 3706
f 3554 3553 3610
f 3610 3553 3756
f 3749 3528 3750
f 3750 3528 3757
f 3520 3701 3515
f 3515 3701 3517
f 3842 3584 3581
f 3581 3584 3803
f 3774 3778 3775
f 3775 3778 3525
f 3618 3635 3843
f 3843 3635 3638
f 3635 3618 3621
f 3621 3618 3617
f 3701 3704 3517
f 3517 3704 3617
f 3623 3522 3624
f 3624 3522 3521
f 3776 3775 3844
f 3844 3775 3749
f 3848 3845 3847
f 3847 3845 3846
f 3518 3618 3747
f 3747 3618 3843
f 3748 3849 3851
f 3851 3849 3850
f 3855 3852 3854
f 3854 3852 3853
f 3619 3622 3857
f 3857 3622 3856
f 3861 3858 3860
f 3860 3858 3859
f 3749 3752 3844
f 3844 3752 3862
f 3522 3623 3759
f 3759 3623 3863
f 3776 3630 3777
f 3777 3630 3864
f 3866 3734 3865
f 3865 3734 3713
f 3870 3867 3869
f 3869 3867 3868
f 3874 3871 3873
f 3873 3871 3872
f 3878 3875 3877
f 3877 3875 3876
f 3881 3878 3880
f 3880 3878 3879
f 3882 3883 3885
f 3885 3883 3884
f 3887 3781 3886
f 3886 3781 3780
f 3661 3869 3685
f 3685 3869 3888
f 3884 3883 3879
f 3879 3883 3880
f 3782 3694 3783
f 3783 3694 3693
f 3784 3764 3785
f 3785 3764 3696
f 3785 3696 3782
f 3782 3696 3694
f 3693 3786 3783
f 3764 3784 3765
f 3765 3784 3787
f 386 385 3765
f 3765 385 3766
f 3890 3691 3889
f 3889 3691 3695
f 3891 3692 3890
f 3890 3692 3691
f 3692 3891 3711
f 3711 3891 3892
f 3889 3695 3893
f 3893 3695 3767
f 3893 3767 3894
f 3894 3767 3766
f 3896 3895 3885
f 3885 3895 3882
f 3697 3897 3698
f 3698 3897 3898
f 3733 3899 3697
f 3697 3899 3897
f 3899 3733 3900
f 3900 3733 3734
f 3698 3898 3768
f 3768 3898 3901
f 3903 3768 3902
f 3902 3768 3901
f 3904 3905 3907
f 3907 3905 3906
f 3869 3661 3870
f 3870 3661 3660
f 3895 3896 3909
f 3909 3896 3908
f 3669 3895 3758
f 3758 3895 3909
f 3848 3752 3531
f 3531 3752 3751
f 3535 3854 3536
f 3536 3854 3858
f 3756 3757 3562
f 3562 3757 3652
f 3567 3563 3654
f 3654 3563 3651
f 3659 3808 3656
f 3656 3808 3655
f 3861 3845 3740
f 3740 3845 3530
f 3553 3556 3750
f 3750 3556 3751
f 3795 3796 3820
f 3820 3796 3817
f 3855 3910 409
f 409 3910 410
f 3756 3553 3757
f 3757 3553 3750
f 3780 3909 3886
f 3886 3909 3908
f 3851 3855 411
f 411 3855 409
f 3762 3760 412
f 412 3760 413
f 3787 3763 414
f 414 3763 415
f 3537 3538 3557
f 3557 3538 3790
f 3555 3608 3538
f 3538 3608 3790
f 3912 3575 3911
f 3911 3575 3574
f 3839 3910 3534
f 3534 3910 3535
f 3543 3542 3552
f 3552 3542 3831
f 3551 3839 3550
f 3550 3839 3534
f 3549 3544 3550
f 3550 3544 3543
f 3913 3914 3916
f 3916 3914 3915
f 3590 3589 3805
f 3805 3589 3806
f 3638 3917 3843
f 3843 3917 3849
f 3742 3859 3644
f 3644 3859 3853
f 3516 3518 3746
f 3746 3518 3747
f 3764 3767 3696
f 3696 3767 3695
f 3918 3739 3903
f 3903 3739 3768
f 3918 3816 3739
f 3739 3816 3738
f 3919 3920 3769
f 3769 3920 3770
f 3921 3726 3922
f 3922 3726 3770
f 3771 3761 3645
f 3645 3761 3678
f 3916 3923 3913
f 3913 3923 3924
f 3837 3838 3925
f 3925 3838 3802
f 3559 3558 3926
f 3926 3558 3577
f 3815 3919 3814
f 3814 3919 3769
f 3823 3822 3928
f 3928 3822 3927
f 3542 3541 3832
f 3832 3541 3829
f 3834 3927 3822
f 3799 3838 3829
f 3829 3838 3832
f 3647 3746 3772
f 3772 3746 3745
f 3748 3747 3849
f 3849 3747 3843
f 3859 3858 3853
f 3853 3858 3854
f 3910 3855 3535
f 3535 3855 3854
f 3826 3546 3789
f 3789 3546 3557
f 3928 3924 3823
f 3823 3924 3923
f 3930 3929 3923
f 3923 3929 3823
f 3556 3532 3751
f 3751 3532 3531
f 3555 3538 3556
f 3556 3538 3532
f 3633 3931 3634
f 3634 3931 3932
f 3814 3769 3813
f 3813 3769 3725
f 3620 3636 3621
f 3621 3636 3635
f 3752 3848 3862
f 3862 3848 3847
f 3845 3848 3530
f 3530 3848 3531
f 3831 3830 3934
f 3934 3830 3933
f 3830 3837 3933
f 3933 3837 3925
f 333 3831 440
f 440 3831 3934
f 3801 3833 3802
f 3802 3833 3925
f 3627 3630 3844
f 3844 3630 3776
f 3658 3662 3659
f 3659 3662 3808
f 3527 3526 3650
f 3650 3526 3667
f 3935 3666 3936
f 3936 3666 3665
f 3718 3737 3715
f 3715 3737 3736
f 3688 3664 3809
f 3809 3664 3663
f 3807 3806 3938
f 3938 3806 3937
f 3760 3761 413
f 413 3761 445
f 446 3903 447
f 447 3903 3902
f 3889 3898 3890
f 3890 3898 3897
f 3890 3897 3891
f 3891 3897 3899
f 3893 3901 3889
f 3889 3901 3898
f 3902 3901 3894
f 3894 3901 3893
f 3765 3787 386
f 386 3787 414
f 3942 3939 3941
f 3941 3939 3940
f 3840 3797 3943
f 3943 3797 3727
f 3944 3936 3810
f 3810 3936 3665
f 3723 3726 3735
f 3735 3726 3921
f 3920 3945 3770
f 3770 3945 3922
f 3778 3774 3524
f 3524 3774 3521
f 3864 3946 3625
f 3625 3946 3947
f 3519 3649 3705
f 3705 3649 3773
f 3524 3758 3778
f 3778 3758 3779
f 3715 3736 3716
f 3716 3736 3812
f 3774 3777 3521
f 3521 3777 3624
f 3622 3704 3856
f 3856 3704 3703
f 3891 3899 3892
f 3892 3899 3900
f 3948 3642 3917
f 3917 3642 3641
f 3668 3882 3669
f 3669 3882 3895
f 3850 3852 3851
f 3851 3852 3855
f 447 3902 458
f 458 3902 3894
f 3870 3660 3887
f 3887 3660 3781
f 3567 3571 3566
f 3566 3571 3570
f 3587 3949 3576
f 3576 3949 3950
f 3612 3614 3602
f 3602 3614 3605
f 3614 3612 3570
f 3570 3612 3566
f 3654 3656 3567
f 3567 3656 3571
f 3657 3781 3658
f 3658 3781 3660
f 3949 3587 3607
f 3607 3587 3604
f 3656 3654 3659
f 3659 3654 3653
f 3740 3530 3540
f 3540 3530 3529
f 3664 3688 3811
f 3811 3688 3687
f 3724 3737 3725
f 3725 3737 3813
f 3919 3815 461
f 461 3815 303
f 3797 3819 3798
f 3798 3819 3818
f 3820 3819 3951
f 3951 3819 3841
f 3814 3738 3815
f 3815 3738 3816
f 3540 3539 3533
f 3533 3539 3549
f 3541 3544 3547
f 3547 3544 3548
f 3544 3549 3548
f 3548 3549 3539
f 3846 3860 3931
f 3931 3860 3741
f 3836 3835 3800
f 3800 3835 3801
f 3821 3824 3933
f 3933 3824 3934
f 3547 3546 3828
f 3828 3546 3825
f 3833 3821 3925
f 3925 3821 3933
f 3825 3836 3828
f 3828 3836 3800
f 440 3934 3952
f 3952 3934 3824
f 3845 3861 3846
f 3846 3861 3860
f 3864 3630 3946
f 3946 3630 3629
f 3858 3861 3536
f 3536 3861 3740
f 3835 3834 3801
f 3801 3834 3833
f 3585 3580 3599
f 3599 3580 3583
f 3562 3652 3563
f 3563 3652 3651
f 3780 3779 3909
f 3909 3779 3758
f 3704 3622 3617
f 3617 3622 3621
f 3753 3626 3947
f 3947 3626 3625
f 3862 3847 3632
f 3632 3847 3633
f 3641 3640 3850
f 3850 3640 3852
f 3852 3640 3853
f 3853 3640 3644
f 3741 3860 3742
f 3742 3860 3859
f 3844 3862 3627
f 3627 3862 3632
f 3623 3626 3863
f 3863 3626 3755
f 3637 3948 3638
f 3638 3948 3917
f 3644 3643 3742
f 3742 3643 3743
f 3847 3846 3633
f 3633 3846 3931
f 3777 3864 3624
f 3624 3864 3625
f 3850 3849 3641
f 3641 3849 3917
f 3741 3744 3931
f 3931 3744 3932
f 464 3918 446
f 446 3918 3903
f 3953 3954 3956
f 3956 3954 3955
f 3960 3957 3959
f 3959 3957 3958
f 3957 3877 3958
f 3958 3877 3876
f 3962 3961 3957
f 3957 3961 3877
f 3959 3958 3964
f 3964 3958 3963
f 3966 3958 3965
f 3965 3958 3876
f 3966 3963 3958
f 3968 3963 3967
f 3967 3963 3966
f 3961 3879 3877
f 3877 3879 3878
f 3970 3968 3969
f 3969 3968 3967
f 3972 3970 3971
f 3971 3970 3969
f 3907 3973 3904
f 3904 3973 3974
f 3976 3972 3975
f 3975 3972 3971
f 3976 3975 3978
f 3978 3975 3977
f 3978 3977 3980
f 3980 3977 3979
f 3980 3979 3982
f 3982 3979 3981
f 3982 3981 3984
f 3984 3981 3983
f 3972 3985 3970
f 3970 3985 3986
f 3971 3969 3987
f 3987 3969 3871
f 3872 3871 3967
f 3967 3871 3969
f 3967 3966 3872
f 3872 3966 3965
f 3988 3968 3986
f 3986 3968 3970
f 3940 3884 3961
f 3961 3884 3879
f 3939 3885 3940
f 3940 3885 3884
f 3989 3990 3992
f 3992 3990 3991
f 3942 3993 3995
f 3995 3993 3994
f 3974 3995 3996
f 3996 3995 3994
f 3996 3994 3998
f 3998 3994 3997
f 3999 3997 3993
f 3993 3997 3994
f 3998 4000 3996
f 3996 4000 4001
f 4003 4002 3998
f 3998 4002 4000
f 3998 3997 4003
f 4003 3997 4004
f 3997 3999 4004
f 4004 3999 4005
f 3974 3973 3995
f 3995 3973 4006
f 3995 4006 3942
f 3942 4006 3939
f 3886 3907 3887
f 3887 3907 3906
f 3887 3906 3870
f 3870 3906 3867
f 3907 3886 3973
f 3973 3886 3908
f 4008 3866 4007
f 4007 3866 3865
f 4010 4009 3983
f 3983 4009 3984
f 3941 3940 3962
f 3962 3940 3961
f 3867 4011 3868
f 3868 4011 4012
f 4013 3975 3987
f 3987 3975 3971
f 3975 4013 3977
f 3977 4013 4014
f 3983 4007 4010
f 4010 4007 4015
f 3981 4008 3983
f 3983 4008 4007
f 3979 4016 3981
f 3981 4016 4008
f 4017 3984 4018
f 4018 3984 4009
f 3977 4014 3979
f 3979 4014 4016
f 4017 4019 3984
f 3984 4019 3982
f 4023 4020 4022
f 4022 4020 4021
f 4011 4023 4012
f 4012 4023 4022
f 3974 4020 3904
f 3904 4020 4023
f 4017 4018 4025
f 4025 4018 4024
f 4025 4024 4027
f 4027 4024 4026
f 4028 4026 4029
f 4029 4026 4024
f 4018 4021 4024
f 4024 4021 4029
f 4030 4031 4026
f 4026 4031 4027
f 4028 4032 4026
f 4026 4032 4030
f 4029 4001 4028
f 4028 4001 4000
f 4032 4028 4002
f 4002 4028 4000
f 4036 4033 4035
f 4035 4033 4034
f 4039 4019 4038
f 4038 4019 4037
f 4038 4040 4039
f 4039 4040 4041
f 4036 4042 4038
f 4038 4042 4040
f 4035 4043 4036
f 4036 4043 4042
f 3985 4044 4046
f 4046 4044 4045
f 4048 4046 4047
f 4047 4046 4045
f 4050 4048 4049
f 4049 4048 4047
f 4045 4040 4047
f 4047 4040 4042
f 4047 4042 4049
f 4049 4042 4043
f 4044 4041 4045
f 4045 4041 4040
f 3964 4051 3959
f 3959 4051 4052
f 4053 4054 4051
f 4051 4054 4055
f 3959 4052 3960
f 3960 4052 3956
f 4052 4056 3956
f 3956 4056 3953
f 4056 4057 3953
f 3953 4057 4058
f 4062 4059 4061
f 4061 4059 4060
f 4057 4054 4064
f 4064 4054 4063
f 4065 4063 4053
f 4053 4063 4054
f 4066 4067 4069
f 4069 4067 4068
f 4064 4063 4050
f 4050 4063 4048
f 4046 4048 4065
f 4065 4048 4063
f 4065 3986 4046
f 4046 3986 3985
f 4053 3988 4065
f 4065 3988 3986
f 4051 3964 4053
f 4053 3964 3988
f 4041 4044 3978
f 3978 4044 3976
f 4019 4039 3982
f 3982 4039 3980
f 3978 3980 4041
f 4041 3980 4039
f 3896 4006 3908
f 3908 4006 3973
f 4006 3896 3939
f 3939 3896 3885
f 4033 4027 4034
f 4034 4027 4031
f 4037 4025 4033
f 4033 4025 4027
f 4025 4037 4017
f 4017 4037 4019
f 3993 3942 4070
f 4070 3942 3941
f 3999 3993 4071
f 4071 3993 4070
f 3999 4071 4005
f 4005 4071 4072
f 4075 4076 4074
f 4074 4076 4073
f 4080 4077 4079
f 4079 4077 4078
f 4079 4081 4080
f 4080 4081 4082
f 4086 4083 4085
f 4085 4083 4084
f 4087 4088 4090
f 4090 4088 4089
f 4094 4091 4093
f 4093 4091 4092
f 4098 4095 4097
f 4097 4095 4096
f 4102 4099 4101
f 4101 4099 4100
f 4103 4104 4106
f 4106 4104 4105
f 4110 4107 4109
f 4109 4107 4108
f 4114 4111 4113
f 4113 4111 4112
f 4118 4115 4117
f 4117 4115 4116
f 4122 4119 4121
f 4121 4119 4120
f 4123 4124 4126
f 4126 4124 4125
f 4127 4128 4130
f 4130 4128 4129
f 4134 4131 4133
f 4133 4131 4132
f 4136 4108 4135
f 4135 4108 4107
f 4138 4139 4137
f 4137 4139 4140
f 4142 4089 4141
f 4141 4089 4088
f 4146 4143 4145
f 4145 4143 4144
f 4150 4147 4149
f 4149 4147 4148
f 4154 4151 4153
f 4153 4151 4152
f 4081 4155 4082
f 4082 4155 4156
f 4157 4158 4160
f 4160 4158 4159
f 4161 4162 4164
f 4164 4162 4163
f 4121 4165 4122
f 4122 4165 4166
f 4151 4167 4152
f 4152 4167 4168
f 4169 4170 4172
f 4172 4170 4171
f 4174 4175 4173
f 4173 4175 4176
f 4179 4177 4149
f 4149 4177 4178
f 4181 4180 4176
f 4176 4180 4173
f 4156 4085 4182
f 4182 4085 4183
f 4182 4184 4156
f 4156 4184 4082
f 4185 4186 4184
f 4184 4186 4187
f 4186 4188 4187
f 4187 4188 4189
f 4074 4073 4191
f 4191 4073 4190
f 4159 4158 4179
f 4179 4158 4177
f 4130 4192 4127
f 4127 4192 4193
f 4167 4151 4194
f 4194 4151 4144
f 4198 4195 4197
f 4197 4195 4196
f 4200 4096 4199
f 4199 4096 4095
f 4201 4202 4204
f 4204 4202 4203
f 4207 4208 4206
f 4206 4208 4205
f 4210 4209 4120
f 4120 4209 4121
f 4212 4213 4211
f 4211 4213 4214
f 4216 4217 4215
f 4215 4217 4218
f 4222 4219 4221
f 4221 4219 4220
f 4195 4223 4196
f 4196 4223 4224
f 4131 4134 4226
f 4226 4134 4225
f 4230 4227 4229
f 4229 4227 4228
f 4098 4231 4233
f 4233 4231 4232
f 4237 4234 4236
f 4236 4234 4235
f 4241 4238 4240
f 4240 4238 4239
f 4242 4243 4245
f 4245 4243 4244
f 4248 4249 4247
f 4247 4249 4246
f 4253 4250 4252
f 4252 4250 4251
f 4257 4254 4256
f 4256 4254 4255
f 4261 4258 4260
f 4260 4258 4259
f 4265 4262 4264
f 4264 4262 4263
f 4269 4266 4268
f 4268 4266 4267
f 4271 4199 4270
f 4270 4199 4272
f 4273 4274 4276
f 4276 4274 4275
f 4115 4118 4277
f 4277 4118 4278
f 4282 4279 4281
f 4281 4279 4280
f 4211 4283 4212
f 4212 4283 4284
f 4288 4285 4287
f 4287 4285 4286
f 4209 4289 4121
f 4121 4289 4165
f 4285 4290 4286
f 4286 4290 4291
f 4295 4292 4294
f 4294 4292 4293
f 4299 4296 4298
f 4298 4296 4297
f 4303 4300 4302
f 4302 4300 4301
f 4296 4299 4305
f 4305 4299 4304
f 4306 4292 4307
f 4307 4292 4295
f 4309 4306 4308
f 4308 4306 4307
f 4308 4075 4309
f 4309 4075 4310
f 4299 4298 4312
f 4312 4298 4311
f 4302 4301 4293
f 4293 4301 4294
f 4314 4313 3921
f 3921 4313 3735
f 3922 4315 3921
f 3921 4315 4314
f 4316 3945 829
f 829 3945 830
f 4318 4165 4317
f 4317 4165 4289
f 4322 4319 4321
f 4321 4319 4320
f 4326 4323 4325
f 4325 4323 4324
f 4327 4328 4330
f 4330 4328 4329
f 4332 4291 4331
f 4331 4291 4290
f 4333 4166 4318
f 4318 4166 4165
f 4334 4335 4337
f 4337 4335 4336
f 4341 4338 4340
f 4340 4338 4339
f 4168 4343 4342
f 4342 4343 4344
f 4348 4345 4347
f 4347 4345 4346
f 4350 4351 4349
f 4349 4351 4352
f 4356 4353 4355
f 4355 4353 4354
f 4325 4324 4358
f 4358 4324 4357
f 4337 4359 4334
f 4334 4359 4360
f 4364 4361 4363
f 4363 4361 4362
f 4368 4365 4367
f 4367 4365 4366
f 4369 4370 4372
f 4372 4370 4371
f 4331 4290 4374
f 4374 4290 4373
f 4377 4375 4376
f 4376 4375 4373
f 4379 4380 4378
f 4378 4380 4381
f 4217 4382 4218
f 4218 4382 4383
f 4387 4384 4386
f 4386 4384 4385
f 4388 4389 4338
f 4338 4389 4390
f 4337 4336 4392
f 4392 4336 4391
f 4361 4393 4362
f 4362 4393 4394
f 4396 4397 4395
f 4395 4397 4398
f 4400 4401 4399
f 4399 4401 4402
f 4404 4346 4403
f 4403 4346 4345
f 4407 4342 4406
f 4406 4342 4405
f 4411 4408 4410
f 4410 4408 4409
f 4413 4409 4412
f 4412 4409 4408
f 4416 4414 4415
f 4415 4414 4181
f 4182 4183 4417
f 4417 4183 4418
f 4312 4311 4353
f 4353 4311 4419
f 4423 4420 4422
f 4422 4420 4421
f 4424 4312 4356
f 4356 4312 4353
f 4426 4425 4333
f 4333 4425 4166
f 4122 4166 4143
f 4143 4166 4425
f 4428 4427 4110
f 4110 4427 4107
f 4429 4430 4174
f 4174 4430 4175
f 4335 4431 4336
f 4336 4431 4390
f 4336 4390 4391
f 4391 4390 4389
f 4432 4433 4435
f 4435 4433 4434
f 4439 4436 4438
f 4438 4436 4437
f 4441 4442 4440
f 4440 4442 4443
f 4393 4361 4444
f 4444 4361 4359
f 4448 4445 4447
f 4447 4445 4446
f 4449 4388 4341
f 4341 4388 4338
f 4395 4398 4451
f 4451 4398 4450
f 4455 4452 4454
f 4454 4452 4453
f 4459 4456 4458
f 4458 4456 4457
f 4460 4461 4448
f 4448 4461 4445
f 4465 4462 4464
f 4464 4462 4463
f 4467 4466 4465
f 4465 4466 4462
f 4466 4467 4469
f 4469 4467 4468
f 4471 4470 4468
f 4468 4470 4469
f 4470 4471 4473
f 4473 4471 4472
f 4477 4474 4476
f 4476 4474 4475
f 4481 4478 4480
f 4480 4478 4479
f 4483 4484 4482
f 4482 4484 4485
f 4489 4486 4488
f 4488 4486 4487
f 4493 4490 4492
f 4492 4490 4491
f 4490 4493 4495
f 4495 4493 4494
f 4495 4494 4497
f 4497 4494 4496
f 4499 4498 4496
f 4496 4498 4497
f 4502 4503 4501
f 4501 4503 4500
f 4507 4504 4506
f 4506 4504 4505
f 4509 4462 4508
f 4508 4462 4466
f 4511 4469 4510
f 4510 4469 4470
f 4478 4512 4479
f 4479 4512 4513
f 4442 4514 4443
f 4443 4514 4515
f 4516 4517 4519
f 4519 4517 4518
f 4497 4520 4495
f 4495 4520 4521
f 4495 4521 4490
f 4490 4521 4522
f 4524 4488 4523
f 4523 4488 4491
f 4488 4524 4489
f 4489 4524 4525
f 4527 4485 4526
f 4526 4485 4484
f 4503 4528 4500
f 4500 4528 4529
f 4532 4533 4531
f 4531 4533 4530
f 4530 4534 4506
f 4506 4534 4535
f 4537 4487 4536
f 4536 4487 4486
f 4538 4492 4537
f 4537 4492 4487
f 4540 4496 4539
f 4539 4496 4494
f 4499 4541 4533
f 4533 4541 4542
f 4546 4543 4545
f 4545 4543 4544
f 4548 4549 4547
f 4547 4549 4550
f 4552 4537 4551
f 4551 4537 4536
f 4553 4538 4552
f 4552 4538 4537
f 4554 4539 4556
f 4556 4539 4555
f 4557 4540 4554
f 4554 4540 4539
f 4560 4558 4557
f 4557 4558 4559
f 4559 4541 4557
f 4557 4541 4540
f 4564 4561 4563
f 4563 4561 4562
f 4546 4565 4543
f 4543 4565 4566
f 4547 4567 4548
f 4548 4567 4568
f 4570 4571 4569
f 4569 4571 4572
f 4576 4573 4575
f 4575 4573 4574
f 4577 4578 4580
f 4580 4578 4579
f 4584 4581 4583
f 4583 4581 4582
f 4587 4588 4586
f 4586 4588 4585
f 4589 4585 4590
f 4590 4585 4588
f 4594 4591 4593
f 4593 4591 4592
f 4596 4597 4595
f 4595 4597 4598
f 4602 4599 4601
f 4601 4599 4600
f 4563 4604 4603
f 4603 4604 4605
f 4603 4606 4608
f 4608 4606 4607
f 4591 4594 4610
f 4610 4594 4609
f 4611 4612 4614
f 4614 4612 4613
f 4618 4615 4617
f 4617 4615 4616
f 4621 4619 4620
f 4620 4619 4602
f 4619 4622 4602
f 4602 4622 4599
f 4605 4599 4623
f 4623 4599 4622
f 4605 4623 4603
f 4603 4623 4606
f 4627 4624 4626
f 4626 4624 4625
f 4628 4438 4629
f 4629 4438 4437
f 4442 4441 4630
f 4630 4441 4631
f 4514 4442 4632
f 4632 4442 4630
f 4633 4634 4529
f 4529 4634 4500
f 4500 4634 4501
f 4501 4634 4635
f 4545 4636 4546
f 4546 4636 4637
f 4640 4638 4565
f 4565 4638 4639
f 4642 4641 4576
f 4576 4641 4573
f 4644 4594 4643
f 4643 4594 4593
f 4594 4644 4609
f 4609 4644 4645
f 4649 4646 4648
f 4648 4646 4647
f 4653 4650 4652
f 4652 4650 4651
f 4498 4532 4654
f 4654 4532 4519
f 4511 4521 4508
f 4508 4521 4520
f 4522 4510 4523
f 4523 4510 4655
f 4657 4525 4656
f 4656 4525 4524
f 4514 4529 4515
f 4515 4529 4528
f 4660 4661 4659
f 4659 4661 4658
f 4541 4499 4540
f 4540 4499 4496
f 4493 4555 4494
f 4494 4555 4539
f 4549 4483 4550
f 4550 4483 4482
f 4502 4501 4544
f 4544 4501 4545
f 4501 4635 4545
f 4545 4635 4636
f 4664 4662 4663
f 4663 4662 4589
f 4662 4665 4558
f 4558 4665 4559
f 4569 4586 4570
f 4570 4586 4560
f 4667 4553 4666
f 4666 4553 4552
f 4666 4670 4669
f 4669 4670 4668
f 4674 4671 4673
f 4673 4671 4672
f 4676 4288 4675
f 4675 4288 4287
f 4680 4677 4679
f 4679 4677 4678
f 4681 4678 4682
f 4682 4678 4677
f 4682 4683 4681
f 4681 4683 4684
f 4686 4685 4164
f 4164 4685 4161
f 4414 4687 4689
f 4689 4687 4688
f 4347 4346 4690
f 4690 4346 4405
f 4692 4693 4399
f 4399 4693 4691
f 4365 1209 4366
f 4366 1209 4694
f 1210 4651 1211
f 1211 4651 4650
f 4256 4255 4696
f 4696 4255 4695
f 4697 4698 4218
f 4218 4698 4215
f 4700 4701 4699
f 4699 4701 4702
f 4300 4303 4704
f 4704 4303 4703
f 4315 3922 4316
f 4316 3922 3945
f 4707 4705 4706
f 4706 4705 4653
f 4711 4708 4710
f 4710 4708 4709
f 4335 4334 4713
f 4713 4334 4712
f 4322 4321 4340
f 4340 4321 4714
f 4718 4715 4717
f 4717 4715 4716
f 4720 4719 4241
f 4241 4719 4238
f 4231 4721 4307
f 4307 4721 4308
f 4725 4722 4724
f 4724 4722 4723
f 4729 4726 4728
f 4728 4726 4727
f 4328 4327 4731
f 4731 4327 4730
f 4735 4732 4734
f 4734 4732 4733
f 4737 4736 4381
f 4381 4736 4720
f 4740 4741 4739
f 4739 4741 4738
f 4745 4742 4744
f 4744 4742 4743
f 4431 4339 4390
f 4390 4339 4338
f 4339 4431 4747
f 4747 4431 4746
f 4317 4289 4332
f 4332 4289 4291
f 4286 4291 4209
f 4209 4291 4289
f 4209 4210 4286
f 4286 4210 4287
f 4751 4748 4750
f 4750 4748 4749
f 4753 4752 4284
f 4284 4752 4212
f 4752 4754 4212
f 4212 4754 4213
f 4226 4225 4251
f 4251 4225 4252
f 4249 4248 4230
f 4230 4248 4227
f 4756 4757 4755
f 4755 4757 4205
f 4708 4711 4758
f 4758 4711 4647
f 4760 4759 4366
f 4366 4759 4367
f 4526 4513 4527
f 4527 4513 4512
f 4386 4385 4423
f 4423 4385 4420
f 4650 4653 4761
f 4761 4653 4705
f 1211 4650 1279
f 1279 4650 4761
f 3936 3944 4763
f 4763 3944 4762
f 4274 4273 4765
f 4765 4273 4764
f 4769 4766 4768
f 4768 4766 4767
f 4766 4769 4771
f 4771 4769 4770
f 4243 4242 4770
f 4770 4242 4771
f 4093 4163 4094
f 4094 4163 4162
f 4772 4773 4775
f 4775 4773 4774
f 4777 4778 4776
f 4776 4778 4779
f 4417 4185 4182
f 4182 4185 4184
f 4780 4078 4781
f 4781 4078 4077
f 4781 4077 4782
f 4782 4077 4189
f 4188 4783 4189
f 4189 4783 4782
f 4231 4307 4232
f 4232 4307 4295
f 4787 4784 4786
f 4786 4784 4785
f 4784 1307 4785
f 4785 1307 1306
f 4097 4096 4780
f 4780 4096 4078
f 4075 4074 4310
f 4310 4074 4788
f 4191 4789 4074
f 4074 4789 4788
f 4790 4059 4191
f 4191 4059 4789
f 4791 4277 4792
f 4792 4277 4278
f 4313 4793 3735
f 3735 4793 3732
f 3731 3732 4794
f 4794 3732 4793
f 4796 4791 4795
f 4795 4791 4792
f 4724 4799 4798
f 4798 4799 4797
f 3935 3936 4800
f 4800 3936 4763
f 4801 4062 3729
f 3729 4062 3730
f 4803 4802 4712
f 4712 4802 4713
f 4805 4119 4804
f 4804 4119 4146
f 4520 4497 4654
f 4654 4497 4498
f 1326 4806 1327
f 1327 4806 4807
f 4689 4688 1330
f 1330 4688 1331
f 4059 4062 4789
f 4789 4062 4801
f 4061 4808 4062
f 4062 4808 3730
f 4812 4809 4811
f 4811 4809 4810
f 4814 4813 4345
f 4345 4813 4403
f 4816 4350 4815
f 4815 4350 4349
f 4817 4818 4820
f 4820 4818 4819
f 4822 4407 4821
f 4821 4407 4406
f 4823 4161 4824
f 4824 4161 4685
f 4181 4414 4825
f 4825 4414 4689
f 4741 4740 4826
f 4826 4740 4827
f 4828 4829 4827
f 4827 4829 4826
f 4142 4141 4415
f 4415 4141 4148
f 1279 4761 1354
f 1354 4761 4830
f 4834 4831 4833
f 4833 4831 4832
f 4421 4626 4836
f 4836 4626 4835
f 4708 4395 4709
f 4709 4395 4451
f 4385 4837 4420
f 4420 4837 4627
f 1364 4838 1365
f 1365 4838 4837
f 4397 4396 4839
f 4839 4396 4840
f 4629 4841 4628
f 4628 4841 4842
f 4671 4674 4631
f 4631 4674 4630
f 4674 4659 4630
f 4630 4659 4632
f 4633 4632 4658
f 4658 4632 4659
f 4658 4504 4633
f 4633 4504 4634
f 4504 4507 4634
f 4634 4507 4635
f 4635 4507 4636
f 4636 4507 4843
f 4636 4843 4637
f 4637 4843 4844
f 4637 4844 4640
f 4640 4844 4664
f 4638 4663 4642
f 4642 4663 4845
f 4641 4846 4643
f 4643 4846 4847
f 4644 4848 4645
f 4645 4848 4849
f 4853 4850 4852
f 4852 4850 4851
f 4855 4856 4854
f 4854 4856 4857
f 4857 4858 4860
f 4860 4858 4859
f 4860 4859 4718
f 4718 4859 4715
f 4863 4864 4862
f 4862 4864 4861
f 4868 4865 4867
f 4867 4865 4866
f 4872 4869 4871
f 4871 4869 4870
f 4117 4116 4872
f 4872 4116 4869
f 4820 4819 4874
f 4874 4819 4873
f 4876 4877 4875
f 4875 4877 4878
f 4882 4879 4881
f 4881 4879 4880
f 4886 4883 4885
f 4885 4883 4884
f 4281 4280 4888
f 4888 4280 4887
f 4890 4889 4817
f 4817 4889 4818
f 4192 4823 4193
f 4193 4823 4891
f 4229 4228 4893
f 4893 4228 4892
f 4895 4894 4157
f 4157 4894 4158
f 4133 4132 4897
f 4897 4132 4896
f 4682 4100 4683
f 4683 4100 4099
f 4101 4100 4899
f 4899 4100 4898
f 4900 4147 4106
f 4106 4147 4150
f 4682 4677 4100
f 4100 4677 4898
f 4184 4187 4082
f 4082 4187 4080
f 4187 4189 4080
f 4080 4189 4077
f 4901 4790 4190
f 4190 4790 4191
f 4680 4177 4894
f 4894 4177 4158
f 4108 4136 4752
f 4752 4136 4754
f 4109 4108 4753
f 4753 4108 4752
f 4903 4890 4902
f 4902 4890 4817
f 4904 4905 4907
f 4907 4905 4906
f 4909 4910 4908
f 4908 4910 4911
f 4913 4914 4912
f 4912 4914 4915
f 4916 4917 4919
f 4919 4917 4918
f 4312 4424 4299
f 4299 4424 4304
f 4920 4921 4297
f 4297 4921 4298
f 4923 4167 4922
f 4922 4167 4194
f 4399 4691 4400
f 4400 4691 4924
f 4395 4708 4396
f 4396 4708 4758
f 4926 4368 4925
f 4925 4368 4367
f 4919 4918 4873
f 4873 4918 4874
f 4422 4421 4927
f 4927 4421 4836
f 4311 4298 4928
f 4928 4298 4921
f 4119 4122 4146
f 4146 4122 4143
f 4452 4455 4930
f 4930 4455 4929
f 4934 4931 4933
f 4933 4931 4932
f 4933 4932 4936
f 4936 4932 4935
f 4458 4457 4460
f 4460 4457 4461
f 4476 4475 4479
f 4479 4475 4480
f 4937 4517 4673
f 4673 4517 4660
f 4504 4658 4505
f 4505 4658 4661
f 4486 4489 4483
f 4483 4489 4484
f 4462 4509 4463
f 4463 4509 4518
f 4508 4466 4511
f 4511 4466 4469
f 4477 4656 4473
f 4473 4656 4655
f 4656 4477 4657
f 4657 4477 4476
f 4657 4476 4513
f 4513 4476 4479
f 4526 4484 4525
f 4525 4484 4489
f 4536 4486 4549
f 4549 4486 4483
f 4551 4536 4548
f 4548 4536 4549
f 4548 4568 4551
f 4551 4568 4670
f 4663 4589 4845
f 4845 4589 4590
f 4580 4938 4577
f 4577 4938 4668
f 4941 4939 4938
f 4938 4939 4940
f 4940 4942 4669
f 4669 4942 4943
f 4587 4582 4944
f 4944 4582 4581
f 4564 4608 4847
f 4847 4608 4848
f 4598 4613 4945
f 4945 4613 4616
f 4615 4946 4616
f 4616 4946 4945
f 4947 4939 4948
f 4948 4939 4946
f 4604 4600 4605
f 4605 4600 4599
f 4849 4848 4607
f 4607 4848 4608
f 4613 4612 4616
f 4616 4612 4617
f 4710 4709 4949
f 4949 4709 4835
f 1365 4837 1477
f 1477 4837 4357
f 4951 4803 4950
f 4950 4803 4712
f 4953 4402 4952
f 4952 4402 4401
f 4399 4402 4760
f 4760 4402 4759
f 4508 4520 4509
f 4509 4520 4654
f 4521 4511 4522
f 4522 4511 4510
f 4525 4657 4526
f 4526 4657 4513
f 4529 4514 4633
f 4633 4514 4632
f 4454 4453 4934
f 4934 4453 4931
f 4955 4154 4954
f 4954 4154 4153
f 4959 4956 4958
f 4958 4956 4957
f 4963 4960 4962
f 4962 4960 4961
f 4965 4210 4964
f 4964 4210 4120
f 4967 4968 4966
f 4966 4968 4969
f 4970 4815 4692
f 4692 4815 4349
f 4706 4653 4971
f 4971 4653 4652
f 4758 4647 4972
f 4972 4647 4646
f 4973 4363 4646
f 4646 4363 4972
f 4364 4974 4360
f 4360 4974 4950
f 4431 4335 4746
f 4746 4335 4713
f 4358 4714 4325
f 4325 4714 4321
f 4975 4266 4764
f 4764 4266 4765
f 4202 4976 4203
f 4203 4976 4977
f 4917 4978 4918
f 4918 4978 4979
f 4269 4854 4282
f 4282 4854 4279
f 4902 4817 4880
f 4880 4817 4820
f 4886 4980 4903
f 4903 4980 4890
f 4123 4981 4983
f 4983 4981 4982
f 4850 4796 4851
f 4851 4796 4795
f 4918 4979 4874
f 4874 4979 4881
f 4403 4810 4404
f 4404 4810 4809
f 4986 4984 4985
f 4985 4984 4354
f 1364 1516 4838
f 4838 1516 4987
f 4925 4367 4988
f 4988 4367 4759
f 4478 4481 4990
f 4990 4481 4989
f 4991 4990 4515
f 4515 4990 4443
f 4991 4992 4512
f 4512 4992 4527
f 4993 4992 4503
f 4503 4992 4528
f 4993 4994 4485
f 4485 4994 4482
f 4544 4995 4502
f 4502 4995 4994
f 4995 4996 4550
f 4550 4996 4547
f 4566 4997 4999
f 4999 4997 4998
f 4998 5000 4578
f 4578 5000 4579
f 4597 4596 5002
f 5002 4596 5001
f 5004 5003 4610
f 4610 5003 4591
f 4420 4627 4421
f 4421 4627 4626
f 4624 4627 4838
f 4838 4627 4837
f 5005 4830 4705
f 4705 4830 4761
f 5006 5005 4707
f 4707 5005 4705
f 4308 4721 4075
f 4075 4721 4076
f 5007 4200 4797
f 4797 4200 4798
f 5009 5008 4686
f 4686 5008 4685
f 4980 5010 4890
f 4890 5010 4889
f 1540 4324 1541
f 1541 4324 4323
f 4385 4384 4358
f 4358 4384 4714
f 4396 4758 4840
f 4840 4758 4972
f 5012 5011 4852
f 4852 5011 4866
f 5010 4980 4260
f 4260 4980 5013
f 5015 5014 4878
f 4878 5014 4875
f 5019 5016 5018
f 5018 5016 5017
f 5021 5020 5019
f 5019 5020 5016
f 5025 5022 5024
f 5024 5022 5023
f 5029 5026 5028
f 5028 5026 5027
f 5033 5030 5032
f 5032 5030 5031
f 5037 5034 5036
f 5036 5034 5035
f 5039 5040 5038
f 5038 5040 5041
f 5045 5042 5044
f 5044 5042 5043
f 5047 5039 5046
f 5046 5039 5038
f 5051 5048 5050
f 5050 5048 5049
f 5055 5052 5054
f 5054 5052 5053
f 5058 5056 5024
f 5024 5056 5057
f 5062 5059 5061
f 5061 5059 5060
f 5066 5063 5065
f 5065 5063 5064
f 5065 5064 5050
f 5050 5064 5043
f 5068 5067 5041
f 5041 5067 5038
f 5072 5069 5071
f 5071 5069 5070
f 5074 5075 5073
f 5073 5075 5076
f 5078 5035 5077
f 5077 5035 5034
f 5082 5079 5081
f 5081 5079 5080
f 5086 5083 5085
f 5085 5083 5084
f 5088 5087 5084
f 5084 5087 5085
f 5092 5089 5091
f 5091 5089 5090
f 5096 5093 5095
f 5095 5093 5094
f 5100 5097 5099
f 5099 5097 5098
f 5104 5101 5103
f 5103 5101 5102
f 5105 5106 5108
f 5108 5106 5107
f 5112 5109 5111
f 5111 5109 5110
f 5093 5113 5094
f 5094 5113 5114
f 5118 5115 5117
f 5117 5115 5116
f 5122 5119 5121
f 5121 5119 5120
f 5126 5123 5125
f 5125 5123 5124
f 5130 5127 5129
f 5129 5127 5128
f 5132 5098 5131
f 5131 5098 5097
f 5122 5133 5135
f 5135 5133 5134
f 5136 5088 5125
f 5125 5088 5084
f 5140 5137 5139
f 5139 5137 5138
f 5101 5141 5102
f 5102 5141 5142
f 5144 5107 5143
f 5143 5107 5106
f 5148 5145 5147
f 5147 5145 5146
f 5149 5150 5109
f 5109 5150 5110
f 5150 5152 5110
f 5110 5152 5151
f 5139 4716 5140
f 5140 4716 4715
f 4869 5144 4870
f 4870 5144 5143
f 4115 5146 4116
f 4116 5146 5145
f 5150 5149 4796
f 4796 5149 4791
f 4796 4850 5150
f 5150 4850 5152
f 5141 4859 5142
f 5142 4859 4858
f 5105 5115 5154
f 5154 5115 5153
f 5156 5157 5155
f 5155 5157 5158
f 5054 5053 5160
f 5160 5053 5159
f 5068 5020 5162
f 5162 5020 5161
f 5021 5163 5029
f 5029 5163 5026
f 5165 5164 5086
f 5086 5164 5083
f 5168 5166 5167
f 5167 5166 5090
f 5169 5170 5172
f 5172 5170 5171
f 5174 5175 5173
f 5173 5175 5176
f 5177 5109 5178
f 5178 5109 5112
f 5179 5180 5182
f 5182 5180 5181
f 5121 5120 5126
f 5126 5120 5123
f 5183 5181 5167
f 5167 5181 5180
f 5184 5185 5179
f 5179 5185 5180
f 5186 5149 5177
f 5177 5149 5109
f 4868 5184 4865
f 4865 5184 5179
f 5188 5189 5187
f 5187 5189 5190
f 5149 5186 4791
f 4791 5186 4277
f 5179 5182 4865
f 4865 5182 4853
f 5189 4862 5190
f 5190 4862 4861
f 5192 5191 5075
f 5075 5191 5156
f 5194 5193 5035
f 5035 5193 5036
f 5195 5153 5118
f 5118 5153 5115
f 5197 5196 5025
f 5025 5196 5022
f 5155 5158 5069
f 5069 5158 5062
f 5199 5198 5066
f 5066 5198 5063
f 5073 5076 5200
f 5200 5076 5072
f 5203 5201 5131
f 5131 5201 5202
f 5205 5204 5106
f 5106 5204 5143
f 5127 5206 5113
f 5113 5206 5114
f 5195 5193 5132
f 5132 5193 5098
f 4870 5143 5207
f 5207 5143 5204
f 5092 5208 5136
f 5136 5208 5088
f 5183 5089 5210
f 5210 5089 5209
f 5061 5060 5018
f 5018 5060 5211
f 5017 5040 5070
f 5070 5040 5071
f 5157 5156 5160
f 5160 5156 5191
f 5058 5049 5028
f 5028 5049 5048
f 5142 4858 5204
f 5204 4858 5207
f 4859 5141 4715
f 4715 5141 5140
f 5051 5042 5162
f 5162 5042 5212
f 4850 4853 5152
f 5152 4853 5182
f 5133 5213 5134
f 5134 5213 5214
f 5213 5133 5165
f 5165 5133 5164
f 5217 5201 5216
f 5216 5201 5215
f 5148 5147 5219
f 5219 5147 5218
f 5178 5218 5177
f 5177 5218 5147
f 5137 5140 5101
f 5101 5140 5141
f 5104 5202 5217
f 5217 5202 5201
f 5146 5186 5147
f 5147 5186 5177
f 4277 5186 4115
f 4115 5186 5146
f 5032 5031 5192
f 5192 5031 5191
f 5197 5220 5055
f 5055 5220 5052
f 5144 4869 5145
f 5145 4869 4116
f 5134 5214 5037
f 5037 5214 5034
f 5094 5114 5100
f 5100 5114 5097
f 5108 5107 5219
f 5219 5107 5148
f 5117 5116 5135
f 5135 5116 5221
f 5210 5209 5111
f 5111 5209 5124
f 5145 5148 5144
f 5144 5148 5107
f 5181 5151 5182
f 5182 5151 5152
f 5087 5088 5222
f 5222 5088 5208
f 5172 5171 5208
f 5208 5171 5222
f 1755 4698 1756
f 1756 4698 5223
f 4135 4107 5224
f 5224 4107 4427
f 5226 5225 4679
f 4679 5225 4178
f 4893 4892 5228
f 5228 4892 5227
f 4172 4171 5230
f 5230 4171 5229
f 4885 4884 4268
f 4268 4884 4855
f 4856 4855 4871
f 4871 4855 4884
f 4684 5231 4896
f 4896 5231 4897
f 5008 5009 4767
f 4767 5009 4768
f 5103 5102 5154
f 5154 5102 5205
f 5193 5194 5098
f 5098 5194 5099
f 5198 5199 5079
f 5079 5199 5033
f 5204 5205 5142
f 5142 5205 5102
f 5224 4427 4681
f 4681 4427 4678
f 5233 5232 3711
f 3711 5232 3712
f 3964 3963 3988
f 3988 3963 3968
f 3985 3972 4044
f 4044 3972 3976
f 4033 4036 4037
f 4037 4036 4038
f 3944 3731 4762
f 4762 3731 4794
f 3810 3722 3944
f 3944 3722 3731
f 5234 3712 3874
f 3874 3712 5232
f 4011 3867 3905
f 3905 3867 3906
f 4011 3905 4023
f 4023 3905 3904
f 3810 3811 3722
f 3722 3811 3719
f 3811 3687 3719
f 3719 3687 3812
f 3687 3686 3812
f 3812 3686 3716
f 3686 3685 3716
f 3716 3685 3713
f 4813 5235 4403
f 4403 5235 4810
f 1769 4814 1770
f 1770 4814 4345
f 4067 4066 4058
f 4058 4066 5236
f 4043 4068 4049
f 4049 4068 4050
f 3990 3989 5237
f 5237 3989 4034
f 4005 4072 4030
f 4030 4072 4031
f 4003 4004 4002
f 4002 4004 4032
f 4030 4032 4005
f 4005 4032 4004
f 4067 4064 4068
f 4068 4064 4050
f 4064 4067 4057
f 4057 4067 4058
f 3989 5238 4034
f 4034 5238 4035
f 5240 4058 5239
f 5239 4058 5236
f 3873 5241 3874
f 3874 5241 5234
f 3878 3881 3873
f 3873 3881 5241
f 4310 4788 4763
f 4763 4788 4800
f 4309 4310 4762
f 4762 4310 4763
f 4306 4309 4794
f 4794 4309 4762
f 4794 4793 4306
f 4306 4793 4292
f 4293 4313 4302
f 4302 4313 4314
f 4302 4314 4303
f 4303 4314 4315
f 4303 4315 4703
f 4703 4315 4316
f 4068 4043 4069
f 4069 4043 4035
f 4324 1540 4357
f 4357 1540 1477
f 3871 3874 3987
f 3987 3874 5232
f 5233 4013 5232
f 5232 4013 3987
f 4013 5233 4014
f 4014 5233 5242
f 4007 3865 4015
f 4015 3865 3888
f 3866 4008 5243
f 5243 4008 4016
f 3875 3878 5244
f 5244 3878 3873
f 3873 3872 5244
f 5244 3872 3965
f 5244 3965 3875
f 3875 3965 3876
f 5243 4016 5242
f 5242 4016 4014
f 5248 5245 5247
f 5247 5245 5246
f 3926 3577 3950
f 3950 3577 3576
f 3580 3585 3842
f 3842 3585 3584
f 1785 1784 5247
f 5247 1784 5249
f 5250 5251 5253
f 5253 5251 5252
f 5256 5254 5252
f 5252 5254 5255
f 5254 5256 5258
f 5258 5256 5257
f 5258 5257 5260
f 5260 5257 5259
f 5259 4424 5261
f 5261 4424 4356
f 5261 4356 5262
f 5262 4356 4355
f 5265 5263 5264
f 5264 5263 4924
f 4693 5266 4691
f 4691 5266 5267
f 4351 5268 4352
f 4352 5268 5269
f 5268 4351 1807
f 1807 4351 1808
f 3580 3842 3581
f 3799 3802 3838
f 4800 4788 4801
f 4801 4788 4789
f 4801 3729 4800
f 4800 3729 3935
f 3935 3729 3666
f 3666 3729 3728
f 3666 3728 3663
f 3663 3728 3798
f 3809 3663 3818
f 3818 3663 3798
f 3808 3809 3817
f 3817 3809 3818
f 3808 3817 3655
f 3655 3817 3796
f 3655 3796 3568
f 3568 3796 3615
f 3568 3615 3569
f 3569 3615 3573
f 3569 3573 3613
f 3613 3573 3572
f 3613 3572 3606
f 3606 3572 3792
f 3607 3791 3949
f 3949 3791 3591
f 3949 3591 3950
f 3950 3591 3590
f 3950 3590 3926
f 3926 3590 3805
f 3926 3805 3559
f 3559 3805 3804
f 3804 3914 3559
f 3559 3914 3560
f 3788 3913 3789
f 3789 3913 3924
f 3789 3924 3826
f 3826 3924 3928
f 3928 3927 3826
f 3826 3927 3827
f 3827 3927 3835
f 3835 3927 3834
f 4079 4078 5270
f 5270 4078 5007
f 5271 5272 4233
f 4233 5272 5273
f 5277 5274 5276
f 5276 5274 5275
f 5278 5279 4236
f 4236 5279 4237
f 5272 5271 5280
f 5280 5271 5278
f 5282 4236 5281
f 5281 4236 4235
f 5286 5283 5285
f 5285 5283 5284
f 5290 5287 5289
f 5289 5287 5288
f 5294 5291 5293
f 5293 5291 5292
f 5295 4726 5290
f 5290 4726 5287
f 4313 4293 4793
f 4793 4293 4292
f 5296 4719 4736
f 4736 4719 4720
f 4908 5298 4909
f 4909 5298 5297
f 5299 5300 4976
f 4976 5300 5301
f 5302 4202 5303
f 5303 4202 4201
f 5306 4983 5305
f 5305 4983 5304
f 5308 5309 5307
f 5307 5309 5310
f 5311 5283 4725
f 4725 5283 4722
f 4126 4125 5294
f 5294 4125 5291
f 5313 5314 5312
f 5312 5314 5315
f 5318 5319 5317
f 5317 5319 5316
f 5321 5308 5320
f 5320 5308 5307
f 4819 4981 4873
f 4873 4981 5322
f 4981 4123 5322
f 5322 4123 4126
f 5326 5323 5325
f 5325 5323 5324
f 4764 5327 4975
f 4975 5327 5328
f 5329 4169 5327
f 5327 4169 4172
f 4768 4171 4769
f 4769 4171 4170
f 4243 4755 4244
f 4244 4755 5330
f 4755 4205 5330
f 5330 4205 4208
f 4206 4906 4207
f 4207 4906 4905
f 4686 5014 5009
f 5009 5014 5229
f 4769 4170 4770
f 4770 4170 4756
f 4757 4756 4169
f 4169 4756 4170
f 4273 5329 4764
f 4764 5329 5327
f 4276 5331 4273
f 4273 5331 5329
f 4755 4243 4756
f 4756 4243 4770
f 5010 5332 4889
f 4889 5332 5333
f 4877 5332 4878
f 4878 5332 4259
f 4875 4164 4876
f 4876 4164 4163
f 5325 5324 5335
f 5335 5324 5334
f 4124 4123 5306
f 5306 4123 4983
f 4818 4982 4819
f 4819 4982 4981
f 4260 4259 5010
f 5010 4259 5332
f 5014 4686 4875
f 4875 4686 4164
f 5009 5229 4768
f 4768 5229 4171
f 4919 5336 4916
f 4916 5336 5337
f 5336 5294 5337
f 5337 5294 5293
f 4889 5333 4818
f 4818 5333 4982
f 5340 4262 5339
f 5339 4262 5338
f 5339 5338 5310
f 5310 5338 5307
f 5342 5309 5341
f 5341 5309 4204
f 4873 5322 4919
f 4919 5322 5336
f 5322 4126 5336
f 5336 4126 5294
f 5286 5343 5326
f 5326 5343 5323
f 5344 5345 4914
f 4914 5345 4915
f 5345 5344 5315
f 5315 5344 5312
f 5349 5346 5348
f 5348 5346 5347
f 4833 4832 5351
f 5351 4832 5350
f 5352 5353 5349
f 5349 5353 5346
f 5354 5338 4265
f 4265 5338 4262
f 5320 5307 5354
f 5354 5307 5338
f 5308 5321 4201
f 4201 5321 5303
f 4799 5355 5357
f 5357 5355 5356
f 5335 5334 5359
f 5359 5334 5358
f 5358 5360 4093
f 4093 5360 4163
f 5360 5305 4163
f 4163 5305 4876
f 4877 4876 5304
f 5304 4876 5305
f 4081 4079 4778
f 4778 4079 5270
f 4779 5361 4774
f 4774 5361 5357
f 4092 4775 5359
f 5359 4775 5356
f 4983 4982 5304
f 5304 4982 5333
f 5332 4877 5333
f 5333 4877 5304
f 5328 5230 4258
f 4258 5230 5015
f 5230 5328 4172
f 4172 5328 5327
f 5331 4757 5329
f 5329 4757 4169
f 4206 4205 5331
f 5331 4205 4757
f 5331 4276 4206
f 4206 4276 4906
f 4276 4275 4906
f 4906 4275 4907
f 4744 4907 4888
f 4888 4907 4275
f 4864 4745 4717
f 4717 4745 4887
f 4716 5139 4861
f 4861 5139 5190
f 5139 5138 5190
f 5190 5138 5187
f 5138 5216 5187
f 5187 5216 5176
f 5130 5173 5362
f 5362 5173 5215
f 5340 5363 5365
f 5365 5363 5364
f 4742 4863 5366
f 5366 4863 4867
f 4862 5189 4868
f 4868 5189 5184
f 5189 5188 5184
f 5184 5188 5185
f 5188 5175 5185
f 5185 5175 5168
f 3790 3561 3788
f 3788 3561 3560
f 3596 3595 3608
f 3608 3595 3594
f 3592 3595 3582
f 3582 3595 3598
f 3611 3601 3609
f 3609 3601 3600
f 3602 3601 3612
f 3612 3601 3611
f 3614 3613 3605
f 3605 3613 3606
f 5368 3794 5367
f 5367 3794 3793
f 3609 3600 3597
f 3597 3600 3598
f 3572 3575 3792
f 3792 3575 3793
f 3593 3558 3594
f 3594 3558 3561
f 3807 3915 3804
f 3804 3915 3914
f 5370 3916 5369
f 5369 3916 3915
f 3604 3603 3605
f 3605 3603 3602
f 3791 3607 3792
f 3792 3607 3606
f 3788 3560 3913
f 3913 3560 3914
f 5371 5166 5129
f 5129 5166 5174
f 5170 5169 5093
f 5093 5169 5113
f 5091 5090 5371
f 5371 5090 5166
f 5172 5372 5169
f 5169 5372 5128
f 5169 5128 5113
f 5113 5128 5127
f 5362 5203 5206
f 5206 5203 5114
f 5096 5073 5373
f 5373 5073 5200
f 5373 5200 5375
f 5375 5200 5374
f 5039 5047 5374
f 5374 5047 5375
f 5376 5085 5046
f 5046 5085 5087
f 5376 5067 5377
f 5377 5067 5212
f 5377 5212 5045
f 5045 5212 5042
f 5044 5043 5378
f 5378 5043 5064
f 5378 5064 5077
f 5077 5064 5063
f 5079 5082 5198
f 5198 5082 5078
f 5379 5100 5081
f 5081 5100 5099
f 5095 5094 5379
f 5379 5094 5100
f 5383 5380 5382
f 5382 5380 5381
f 5385 5386 5384
f 5384 5386 5383
f 5388 5386 5387
f 5387 5386 5385
f 5392 5389 5391
f 5391 5389 5390
f 5393 5394 5396
f 5396 5394 5395
f 5400 5397 5399
f 5399 5397 5398
f 5402 5403 5401
f 5401 5403 5404
f 5404 5405 5407
f 5407 5405 5406
f 5410 5163 5409
f 5409 5163 5408
f 5411 5412 5414
f 5414 5412 5413
f 5417 5415 5416
f 5416 5415 5057
f 5419 5418 5416
f 5416 5418 5393
f 5421 5420 5395
f 5395 5420 5396
f 5425 5422 5424
f 5424 5422 5423
f 5426 5220 5417
f 5417 5220 5415
f 5394 5393 5391
f 5391 5393 5418
f 5414 5388 5411
f 5411 5388 5392
f 5428 5060 5427
f 5427 5060 5059
f 5430 5429 5427
f 5427 5429 5423
f 5425 5431 5382
f 5382 5431 5432
f 5424 5423 5407
f 5407 5423 5429
f 5433 5381 5409
f 5409 5381 5380
f 5428 5422 5433
f 5433 5422 5381
f 5419 5056 5412
f 5412 5056 5027
f 5437 5434 5436
f 5436 5434 5435
f 5159 5439 5438
f 5438 5439 5440
f 5439 5159 5436
f 5436 5159 5053
f 5399 5398 5403
f 5403 5398 5441
f 5413 5026 5410
f 5410 5026 5163
f 5438 5440 5442
f 5442 5440 5430
f 5446 5443 5445
f 5445 5443 5444
f 5447 5448 5450
f 5450 5448 5449
f 5451 5446 5452
f 5452 5446 5445
f 5451 5453 5455
f 5455 5453 5454
f 5456 5454 5458
f 5458 5454 5457
f 5462 5459 5461
f 5461 5459 5460
f 5466 5463 5465
f 5465 5463 5464
f 5470 5467 5469
f 5469 5467 5468
f 5474 5471 5473
f 5473 5471 5472
f 5475 5476 5478
f 5478 5476 5477
f 5479 5480 5482
f 5482 5480 5481
f 5483 5484 5448
f 5448 5484 5485
f 5448 5485 5449
f 5449 5485 5486
f 5476 5475 5487
f 5487 5475 5488
f 5492 5489 5491
f 5491 5489 5490
f 5496 5493 5495
f 5495 5493 5494
f 5493 5497 5494
f 5494 5497 5498
f 5502 5499 5501
f 5501 5499 5500
f 5443 5446 5504
f 5504 5446 5503
f 5508 5505 5507
f 5507 5505 5506
f 5512 5509 5511
f 5511 5509 5510
f 5514 5515 5513
f 5513 5515 5516
f 5520 5517 5519
f 5519 5517 5518
f 5522 5496 5521
f 5521 5496 5495
f 5526 5523 5525
f 5525 5523 5524
f 5527 5528 5494
f 5494 5528 5495
f 5530 5529 5502
f 5502 5529 5499
f 5486 5485 5532
f 5532 5485 5531
f 5533 5531 5484
f 5484 5531 5485
f 5482 5481 5534
f 5534 5481 5535
f 5511 5506 5512
f 5512 5506 5536
f 5446 5451 5503
f 5503 5451 5455
f 5467 5470 5511
f 5511 5470 5537
f 5511 5510 5467
f 5467 5510 5538
f 5542 5539 5541
f 5541 5539 5540
f 5543 5544 5546
f 5546 5544 5545
f 5471 5547 5472
f 5472 5547 5548
f 5550 5549 5496
f 5496 5549 5493
f 5551 5550 5522
f 5522 5550 5496
f 5555 5552 5554
f 5554 5552 5553
f 5558 5556 5447
f 5447 5556 5557
f 5557 5483 5447
f 5447 5483 5448
f 5478 5477 5553
f 5553 5477 5559
f 5477 5560 5559
f 5559 5560 5561
f 5562 5560 5476
f 5476 5560 5477
f 5476 5487 5562
f 5562 5487 5563
f 5560 5564 5561
f 5561 5564 5565
f 5564 5560 5566
f 5566 5560 5562
f 5566 5562 5567
f 5567 5562 5563
f 5569 5521 5568
f 5568 5521 5570
f 5573 5571 5572
f 5572 5571 5481
f 5481 5571 5535
f 5535 5571 5574
f 5578 5575 5577
f 5577 5575 5576
f 5581 5456 5580
f 5580 5456 5579
f 5583 5488 5582
f 5582 5488 5475
f 5506 5505 5536
f 5536 5505 5584
f 5585 5586 5588
f 5588 5586 5587
f 5592 5589 5591
f 5591 5589 5590
f 5594 5520 5593
f 5593 5520 5519
f 5595 5596 5462
f 5462 5596 5597
f 5514 5598 5600
f 5600 5598 5599
f 5604 5601 5603
f 5603 5601 5602
f 5546 5525 5543
f 5543 5525 5524
f 5543 5524 5606
f 5606 5524 5605
f 5501 5500 5608
f 5608 5500 5607
f 5522 5609 5551
f 5551 5609 5610
f 5509 5598 5510
f 5510 5598 5611
f 5612 5597 5457
f 5457 5597 5458
f 5613 5538 5611
f 5611 5538 5510
f 5507 5581 5508
f 5508 5581 5580
f 5617 5614 5616
f 5616 5614 5615
f 5621 5618 5620
f 5620 5618 5619
f 5625 5622 5624
f 5624 5622 5623
f 5623 5626 5624
f 5624 5626 5627
f 5631 5628 5630
f 5630 5628 5629
f 5466 5632 5634
f 5634 5632 5633
f 5637 5463 5636
f 5636 5463 5635
f 5605 5524 5638
f 5638 5524 5523
f 5639 5640 5641
f 5641 5640 5595
f 5642 5613 5513
f 5513 5613 5611
f 5586 5501 5643
f 5643 5501 5608
f 5591 5590 5625
f 5625 5590 5622
f 5513 5611 5514
f 5514 5611 5598
f 5647 5644 5646
f 5646 5644 5645
f 5620 5619 5491
f 5491 5619 5648
f 5643 5608 5649
f 5649 5608 5492
f 5653 5650 5652
f 5652 5650 5651
f 5634 5635 5466
f 5466 5635 5463
f 5459 5462 5612
f 5612 5462 5597
f 5638 5523 5634
f 5634 5523 5635
f 5634 5633 5638
f 5638 5633 5654
f 5526 5525 5656
f 5656 5525 5655
f 5527 5657 5659
f 5659 5657 5658
f 5463 5637 5464
f 5464 5637 5660
f 5465 5661 5466
f 5466 5661 5632
f 5658 5632 5662
f 5662 5632 5661
f 5662 5663 5658
f 5658 5663 5659
f 5663 5664 5659
f 5659 5664 5665
f 5657 5633 5658
f 5658 5633 5632
f 5666 5629 5530
f 5530 5629 5667
f 5659 5665 5527
f 5527 5665 5528
f 5568 5570 5669
f 5669 5570 5668
f 5671 5670 5668
f 5668 5670 5669
f 5646 5672 5673
f 5675 5673 5674
f 5674 5673 5672
f 5459 5675 5460
f 5460 5675 5674
f 5595 5462 5676
f 5676 5462 5461
f 5679 5680 5678
f 5678 5680 5677
f 5629 5628 5667
f 5667 5628 5681
f 5530 5667 5529
f 5529 5667 5682
f 5612 5683 5459
f 5459 5683 5675
f 5502 5585 5530
f 5530 5585 5666
f 5603 5602 5684
f 5684 5602 5589
f 5664 5663 5645
f 5645 5663 5646
f 5646 5673 5647
f 5647 5673 5685
f 5685 5683 5687
f 5687 5683 5686
f 5531 5533 5689
f 5689 5533 5688
f 5534 5535 5691
f 5691 5535 5690
f 5535 5574 5690
f 5690 5574 5692
f 5693 5689 5687
f 5687 5689 5685
f 5695 5490 5694
f 5694 5490 5489
f 5697 5696 5692
f 5692 5696 5690
f 5691 5690 5644
f 5644 5690 5696
f 5698 5558 5450
f 5450 5558 5447
f 5613 5642 5700
f 5700 5642 5699
f 5541 5540 5702
f 5702 5540 5701
f 5697 5432 5703
f 5703 5432 5431
f 5385 5384 5574
f 5574 5384 5692
f 5571 5573 5387
f 5387 5573 5389
f 5565 5390 5573
f 5573 5390 5389
f 5390 5565 5704
f 5704 5565 5564
f 5566 5705 5564
f 5564 5705 5704
f 5398 5609 5441
f 5441 5609 5569
f 5441 5569 5405
f 5405 5569 5568
f 5406 5669 5706
f 5706 5669 5670
f 5706 5670 5431
f 5431 5670 5703
f 5692 5384 5697
f 5697 5384 5432
f 5574 5571 5385
f 5385 5571 5387
f 5694 5489 5707
f 5707 5489 5607
f 5519 5518 5709
f 5709 5518 5708
f 5575 5710 5576
f 5576 5710 5711
f 5715 5712 5714
f 5714 5712 5713
f 5478 5553 5716
f 5716 5553 5552
f 5717 5475 5716
f 5716 5475 5478
f 5718 5719 5605
f 5605 5719 5606
f 5590 5584 5622
f 5622 5584 5505
f 5508 5623 5505
f 5505 5623 5622
f 5508 5580 5623
f 5623 5580 5626
f 5720 5626 5579
f 5579 5626 5580
f 5722 5720 5721
f 5721 5720 5579
f 5723 5666 5588
f 5588 5666 5585
f 5640 5639 5725
f 5725 5639 5724
f 5727 5555 5726
f 5726 5555 5554
f 5453 5728 5729
f 5647 5685 5688
f 5688 5685 5689
f 5509 5512 5730
f 5730 5512 5604
f 5592 5618 5631
f 5631 5618 5628
f 5512 5536 5604
f 5604 5536 5601
f 5676 5660 5732
f 5732 5660 5731
f 5603 5733 5604
f 5604 5733 5730
f 5550 5551 5487
f 5487 5551 5563
f 5608 5607 5492
f 5492 5607 5489
f 5565 5573 5561
f 5561 5573 5572
f 5609 5522 5569
f 5569 5522 5521
f 5735 5500 5734
f 5734 5500 5499
f 5722 5721 5736
f 5736 5721 5596
f 5520 5594 5600
f 5600 5594 5737
f 5733 5517 5730
f 5730 5517 5599
f 5739 5731 5738
f 5738 5731 5660
f 5648 5649 5491
f 5491 5649 5492
f 5501 5586 5502
f 5502 5586 5585
f 5655 5525 5740
f 5740 5525 5546
f 5517 5520 5599
f 5599 5520 5600
f 5738 5709 5739
f 5739 5709 5708
f 5523 5526 5635
f 5635 5526 5636
f 5741 5703 5671
f 5671 5703 5670
f 5743 5742 5695
f 5695 5742 5490
f 5677 5744 5678
f 5678 5744 5682
f 5621 5679 5681
f 5681 5679 5678
f 5680 5679 5743
f 5743 5679 5742
f 5681 5628 5621
f 5621 5628 5618
f 5684 5589 5724
f 5724 5589 5725
f 5721 5579 5458
f 5458 5579 5456
f 5675 5683 5673
f 5673 5683 5685
f 5744 5745 5682
f 5682 5745 5529
f 5597 5596 5458
f 5458 5596 5721
f 5606 5719 5540
f 5540 5719 5701
f 5696 5697 5741
f 5741 5697 5703
f 5707 5607 5735
f 5735 5607 5500
f 5497 5493 5746
f 5746 5493 5549
f 5538 5613 5747
f 5747 5613 5700
f 5400 5434 5421
f 5421 5434 5420
f 5532 5531 5693
f 5693 5531 5689
f 5705 5566 5748
f 5748 5566 5567
f 5397 5610 5398
f 5398 5610 5609
f 5405 5568 5406
f 5406 5568 5669
f 5583 5746 5488
f 5488 5746 5549
f 5710 5714 5711
f 5711 5714 5713
f 5467 5538 5468
f 5468 5538 5747
f 5750 5749 5547
f 5547 5749 5548
f 5684 5751 5603
f 5603 5751 5733
f 5589 5602 5590
f 5590 5602 5584
f 5615 5614 5752
f 5752 5614 5636
f 5755 5738 5754
f 5754 5738 5753
f 5536 5584 5601
f 5601 5584 5602
f 5736 5640 5723
f 5723 5640 5630
f 5595 5640 5596
f 5596 5640 5736
f 5529 5745 5499
f 5499 5745 5734
f 5586 5643 5587
f 5587 5643 5627
f 5553 5559 5554
f 5554 5559 5480
f 5559 5561 5480
f 5480 5561 5572
f 5479 5726 5480
f 5480 5726 5554
f 5712 5715 5750
f 5750 5715 5749
f 5457 5686 5612
f 5612 5686 5683
f 5667 5681 5682
f 5682 5681 5678
f 5730 5599 5509
f 5509 5599 5598
f 5620 5742 5621
f 5621 5742 5679
f 5615 5653 5616
f 5616 5653 5652
f 5437 5052 5426
f 5426 5052 5220
f 5549 5550 5488
f 5488 5550 5487
f 5491 5490 5620
f 5620 5490 5742
f 5567 5563 5610
f 5610 5563 5551
f 5748 5567 5397
f 5397 5567 5610
f 5614 5617 5753
f 5753 5617 5754
f 5480 5572 5481
f 5709 5738 5756
f 5756 5738 5755
f 5745 5744 5758
f 5758 5744 5757
f 5759 5734 5758
f 5758 5734 5745
f 5734 5759 5735
f 5735 5759 5760
f 5707 5735 5761
f 5761 5735 5760
f 5744 5677 5757
f 5757 5677 5762
f 5677 5680 5762
f 5762 5680 5763
f 5763 5680 5764
f 5764 5680 5743
f 5766 5757 5765
f 5765 5757 5762
f 5770 5767 5769
f 5769 5767 5768
f 5767 5770 5772
f 5772 5770 5771
f 5770 5769 5774
f 5774 5769 5773
f 5775 5776 5774
f 5774 5776 5777
f 5775 5774 5778
f 5778 5774 5773
f 5778 5773 5766
f 5766 5773 5779
f 5777 5771 5774
f 5774 5771 5770
f 5780 5781 5783
f 5783 5781 5782
f 5781 5780 5771
f 5771 5780 5772
f 5769 5768 5773
f 5773 5768 5779
f 5758 5779 5759
f 5759 5779 5768
f 5760 5759 5784
f 5784 5759 5768
f 5767 5785 5768
f 5768 5785 5784
f 5786 5785 5772
f 5772 5785 5767
f 5758 5757 5779
f 5779 5757 5766
f 5780 5787 5772
f 5772 5787 5786
f 5789 5788 5786
f 5786 5788 5785
f 5786 5787 5789
f 5789 5787 5790
f 5792 5791 5789
f 5789 5791 5788
f 5794 5788 5793
f 5793 5788 5791
f 5789 5790 5792
f 5792 5790 5795
f 5785 5788 5784
f 5784 5788 5794
f 5761 5760 5794
f 5794 5760 5784
f 5787 5780 5796
f 5796 5780 5783
f 5766 5797 5778
f 5778 5797 5775
f 5797 5798 5775
f 5775 5798 5776
f 5799 5797 5765
f 5765 5797 5766
f 5798 5797 5800
f 5800 5797 5799
f 5798 5801 5776
f 5776 5801 5802
f 5803 5694 5761
f 5761 5694 5707
f 5764 5743 5804
f 5804 5743 5695
f 5694 5803 5695
f 5695 5803 5804
f 5803 5793 5804
f 5804 5793 5805
f 5793 5791 5805
f 5805 5791 5806
f 5807 5764 5805
f 5805 5764 5804
f 5794 5793 5761
f 5761 5793 5803
f 5808 5763 5807
f 5807 5763 5764
f 5762 5763 5765
f 5765 5763 5808
f 5765 5808 5799
f 5799 5808 5809
f 5809 5808 5810
f 5810 5808 5807
f 5812 5811 5810
f 5810 5811 5809
f 5810 5807 5806
f 5806 5807 5805
f 5810 5806 5812
f 5812 5806 5813
f 5799 5809 5800
f 5800 5809 5811
f 5815 5800 5814
f 5814 5800 5811
f 5818 5816 5817
f 5817 5816 5814
f 5814 5811 5817
f 5817 5811 5812
f 5796 5815 5816
f 5816 5815 5814
f 5815 5796 5801
f 5801 5796 5783
f 5800 5815 5798
f 5798 5815 5801
f 5813 5806 5792
f 5792 5806 5791
f 5818 5813 5795
f 5795 5813 5792
f 5818 5817 5813
f 5813 5817 5812
f 5816 5818 5790
f 5790 5818 5795
f 5790 5787 5816
f 5816 5787 5796
f 5782 5781 5777
f 5777 5781 5771
f 5782 5802 5783
f 5783 5802 5801
f 5776 5802 5777
f 5777 5802 5782
f 5588 5587 5722
f 5722 5587 5720
f 5618 5592 5619
f 5619 5592 5591
f 5649 5648 5624
f 5624 5648 5625
f 5643 5649 5627
f 5627 5649 5624
f 5640 5725 5630
f 5630 5725 5631
f 5648 5619 5625
f 5625 5619 5591
f 5736 5723 5722
f 5722 5723 5588
f 5589 5592 5725
f 5725 5592 5631
f 5723 5630 5666
f 5666 5630 5629
f 5626 5720 5627
f 5627 5720 5587
f 5821 5822 5820
f 5820 5822 5819
f 5824 5825 5823
f 5823 5825 5826
f 5823 5826 5827
f 5827 5826 5828
f 5829 5830 5832
f 5832 5830 5831
f 5834 5708 5833
f 5833 5708 5518
f 5825 5824 5836
f 5836 5824 5835
f 5838 5839 5837
f 5837 5839 5840
f 5684 5841 5751
f 5751 5841 5842
f 5684 5724 5841
f 5841 5724 5843
f 5844 5845 5847
f 5847 5845 5846
f 5836 5848 5825
f 5825 5848 5830
f 5751 5842 5518
f 5518 5842 5833
f 5849 5821 5838
f 5838 5821 5839
f 5850 5848 5822
f 5822 5848 5836
f 5852 5828 5845
f 5845 5828 5851
f 5856 5853 5855
f 5855 5853 5854
f 5845 5844 5852
f 5852 5844 5857
f 5828 5852 5827
f 5827 5852 5858
f 5826 5829 5828
f 5828 5829 5851
f 5860 5820 5859
f 5859 5820 5819
f 5859 5819 5861
f 5861 5819 5835
f 5829 5832 5851
f 5851 5832 5862
f 5844 5847 5837
f 5837 5847 5834
f 5822 5836 5819
f 5819 5836 5835
f 5864 5824 5863
f 5863 5824 5823
f 5822 5821 5850
f 5850 5821 5849
f 5825 5830 5826
f 5826 5830 5829
f 5866 5865 5860
f 5860 5865 5820
f 5853 5867 5854
f 5854 5867 5858
f 5840 5855 5857
f 5857 5855 5854
f 5866 5856 5865
f 5865 5856 5855
f 5837 5840 5844
f 5844 5840 5857
f 5867 5868 5858
f 5858 5868 5827
f 5861 5835 5864
f 5864 5835 5824
f 5846 5862 5731
f 5731 5862 5732
f 5827 5868 5823
f 5823 5868 5863
f 5830 5848 5831
f 5831 5848 5843
f 5852 5857 5858
f 5858 5857 5854
f 5855 5840 5865
f 5865 5840 5839
f 5821 5820 5839
f 5839 5820 5865
f 5868 5867 5870
f 5870 5867 5869
f 5868 5870 5863
f 5863 5870 5871
f 5872 5864 5871
f 5871 5864 5863
f 5873 5861 5872
f 5872 5861 5864
f 5867 5853 5869
f 5869 5853 5874
f 5853 5856 5874
f 5874 5856 5875
f 5856 5866 5875
f 5875 5866 5876
f 5877 5878 5874
f 5874 5878 5869
f 5880 5881 5879
f 5879 5881 5882
f 5883 5884 5880
f 5880 5884 5881
f 5881 5884 5886
f 5886 5884 5885
f 5887 5888 5886
f 5886 5888 5889
f 5887 5886 5890
f 5890 5886 5885
f 5889 5882 5886
f 5886 5882 5881
f 5882 5891 5879
f 5879 5891 5892
f 5885 5884 5893
f 5893 5884 5883
f 5883 5871 5893
f 5893 5871 5870
f 5883 5894 5871
f 5871 5894 5872
f 5880 5895 5883
f 5883 5895 5894
f 5896 5895 5879
f 5879 5895 5880
f 5878 5890 5893
f 5893 5890 5885
f 5870 5869 5893
f 5893 5869 5878
f 5879 5892 5896
f 5896 5892 5897
f 5899 5898 5896
f 5896 5898 5895
f 5896 5897 5899
f 5899 5897 5900
f 5902 5901 5899
f 5899 5901 5898
f 5904 5898 5903
f 5903 5898 5901
f 5905 5902 5900
f 5900 5902 5899
f 5894 5895 5904
f 5904 5895 5898
f 5894 5904 5872
f 5872 5904 5873
f 5897 5892 5907
f 5907 5892 5906
f 5908 5906 5891
f 5891 5906 5892
f 5878 5909 5890
f 5890 5909 5887
f 5909 5910 5887
f 5887 5910 5888
f 5911 5909 5877
f 5877 5909 5878
f 5909 5911 5910
f 5910 5911 5912
f 5913 5914 5910
f 5910 5914 5888
f 5908 5914 5906
f 5906 5914 5913
f 5915 5859 5873
f 5873 5859 5861
f 5916 5876 5860
f 5860 5876 5866
f 5859 5915 5860
f 5860 5915 5916
f 5915 5903 5916
f 5916 5903 5917
f 5917 5903 5918
f 5918 5903 5901
f 5919 5876 5917
f 5917 5876 5916
f 5915 5873 5903
f 5903 5873 5904
f 5876 5919 5875
f 5875 5919 5920
f 5874 5875 5877
f 5877 5875 5920
f 5920 5921 5877
f 5877 5921 5911
f 5919 5922 5920
f 5920 5922 5921
f 5923 5921 5924
f 5924 5921 5922
f 5917 5918 5919
f 5919 5918 5922
f 5924 5922 5925
f 5925 5922 5918
f 5912 5911 5923
f 5923 5911 5921
f 5927 5912 5926
f 5926 5912 5923
f 5928 5926 5930
f 5930 5926 5929
f 5924 5929 5923
f 5923 5929 5926
f 5927 5926 5907
f 5907 5926 5928
f 5906 5913 5907
f 5907 5913 5927
f 5927 5913 5912
f 5912 5913 5910
f 5925 5918 5902
f 5902 5918 5901
f 5930 5925 5905
f 5905 5925 5902
f 5930 5929 5925
f 5925 5929 5924
f 5928 5930 5900
f 5900 5930 5905
f 5900 5897 5928
f 5928 5897 5907
f 5908 5891 5889
f 5889 5891 5882
f 5888 5914 5889
f 5889 5914 5908
f 5832 5831 5641
f 5641 5831 5639
f 5837 5834 5838
f 5838 5834 5833
f 5842 5841 5849
f 5849 5841 5850
f 5848 5850 5843
f 5843 5850 5841
f 5731 5739 5846
f 5846 5739 5847
f 5838 5833 5849
f 5849 5833 5842
f 5641 5732 5832
f 5832 5732 5862
f 5708 5834 5739
f 5739 5834 5847
f 5862 5846 5851
f 5851 5846 5845
f 5724 5639 5843
f 5843 5639 5831
f 5676 5732 5595
f 5595 5732 5641
f 5660 5676 5464
f 5464 5676 5461
f 5465 5464 5460
f 5460 5464 5461
f 5661 5465 5674
f 5674 5465 5460
f 5931 5932 5934
f 5934 5932 5933
f 5938 5935 5937
f 5937 5935 5936
f 5938 5940 5935
f 5935 5940 5939
f 5944 5941 5943
f 5943 5941 5942
f 5937 5936 5946
f 5946 5936 5945
f 5950 5947 5949
f 5949 5947 5948
f 5593 5519 5952
f 5952 5519 5951
f 5519 5709 5951
f 5951 5709 5953
f 5957 5954 5956
f 5956 5954 5955
f 5946 5958 5937
f 5937 5958 5942
f 5949 5948 5933
f 5933 5948 5959
f 5946 5934 5958
f 5958 5934 5960
f 5961 5955 5940
f 5940 5955 5962
f 5963 5964 5966
f 5966 5964 5965
f 5955 5954 5962
f 5962 5954 5967
f 5940 5962 5939
f 5939 5962 5968
f 5961 5940 5941
f 5941 5940 5938
f 5969 5970 5931
f 5931 5970 5932
f 5969 5931 5971
f 5971 5931 5945
f 5941 5944 5961
f 5961 5944 5972
f 5973 5947 5957
f 5957 5947 5954
f 5945 5931 5946
f 5946 5931 5934
f 5975 5936 5974
f 5974 5936 5935
f 5934 5933 5960
f 5960 5933 5959
f 5937 5942 5938
f 5938 5942 5941
f 5977 5976 5970
f 5970 5976 5932
f 5963 5978 5964
f 5964 5978 5968
f 5965 5964 5950
f 5950 5964 5967
f 5966 5965 5977
f 5977 5965 5976
f 5947 5950 5954
f 5954 5950 5967
f 5968 5978 5939
f 5939 5978 5979
f 5971 5945 5975
f 5975 5945 5936
f 5617 5956 5754
f 5754 5956 5972
f 5974 5935 5979
f 5979 5935 5939
f 5942 5958 5943
f 5943 5958 5953
f 5962 5967 5968
f 5968 5967 5964
f 5949 5976 5950
f 5950 5976 5965
f 5949 5933 5976
f 5976 5933 5932
f 5979 5978 5981
f 5981 5978 5980
f 5982 5974 5981
f 5981 5974 5979
f 5983 5975 5982
f 5982 5975 5974
f 5984 5971 5983
f 5983 5971 5975
f 5978 5963 5980
f 5980 5963 5985
f 5963 5966 5985
f 5985 5966 5986
f 5977 5987 5966
f 5966 5987 5986
f 5985 5988 5980
f 5980 5988 5989
f 5991 5992 5990
f 5990 5992 5993
f 5992 5991 5995
f 5995 5991 5994
f 5992 5995 5997
f 5997 5995 5996
f 6000 5997 5999
f 5999 5997 5998
f 5998 5997 6001
f 6001 5997 5996
f 5992 5997 5993
f 5993 5997 6000
f 6002 6003 5993
f 5993 6003 5990
f 6004 5996 5994
f 5994 5996 5995
f 5981 6004 5982
f 5982 6004 5994
f 5994 6005 5982
f 5982 6005 5983
f 5991 6006 5994
f 5994 6006 6005
f 5990 6007 5991
f 5991 6007 6006
f 5989 6001 6004
f 6004 6001 5996
f 5981 5980 6004
f 6004 5980 5989
f 6003 6008 5990
f 5990 6008 6007
f 6007 6010 6006
f 6006 6010 6009
f 6008 6011 6007
f 6007 6011 6010
f 6010 6013 6009
f 6009 6013 6012
f 6009 6012 6015
f 6015 6012 6014
f 6013 6010 6016
f 6016 6010 6011
f 6006 6009 6005
f 6005 6009 6015
f 5984 5983 6015
f 6015 5983 6005
f 6003 6017 6008
f 6008 6017 6018
f 6003 6002 6017
f 6017 6002 6019
f 5989 6020 6001
f 6001 6020 5998
f 6020 6021 5998
f 5998 6021 5999
f 6022 6020 5988
f 5988 6020 5989
f 6021 6020 6023
f 6023 6020 6022
f 6021 6024 5999
f 5999 6024 6025
f 6019 6025 6017
f 6017 6025 6024
f 6026 5969 5984
f 5984 5969 5971
f 5987 5977 6027
f 6027 5977 5970
f 5969 6026 5970
f 5970 6026 6027
f 6026 6014 6027
f 6027 6014 6028
f 6029 6028 6012
f 6012 6028 6014
f 6030 5987 6028
f 6028 5987 6027
f 6015 6014 5984
f 5984 6014 6026
f 5987 6030 5986
f 5986 6030 6031
f 5985 5986 5988
f 5988 5986 6031
f 5988 6031 6022
f 6022 6031 6032
f 6032 6031 6033
f 6033 6031 6030
f 6034 6032 6035
f 6035 6032 6033
f 6033 6030 6029
f 6029 6030 6028
f 6029 6036 6033
f 6033 6036 6035
f 6023 6022 6034
f 6034 6022 6032
f 6034 6037 6023
f 6023 6037 6038
f 6041 6039 6040
f 6040 6039 6037
f 6037 6034 6040
f 6040 6034 6035
f 6037 6039 6038
f 6038 6039 6018
f 6017 6024 6018
f 6018 6024 6038
f 6023 6038 6021
f 6021 6038 6024
f 6036 6029 6013
f 6013 6029 6012
f 6041 6036 6016
f 6016 6036 6013
f 6041 6040 6036
f 6036 6040 6035
f 6011 6039 6016
f 6016 6039 6041
f 6018 6039 6008
f 6008 6039 6011
f 6019 6002 6000
f 6000 6002 5993
f 5999 6025 6000
f 6000 6025 6019
f 5755 5944 5756
f 5756 5944 5943
f 5947 5973 5948
f 5948 5973 6042
f 5960 5959 5951
f 5951 5959 5952
f 5958 5960 5953
f 5953 5960 5951
f 5616 5957 5617
f 5617 5957 5956
f 6042 5952 5948
f 5948 5952 5959
f 5754 5972 5755
f 5755 5972 5944
f 5652 5973 5616
f 5616 5973 5957
f 5961 5972 5955
f 5955 5972 5956
f 5943 5953 5756
f 5756 5953 5709
f 6045 6046 6044
f 6044 6046 6043
f 6050 6047 6049
f 6049 6047 6048
f 6052 6051 6050
f 6050 6051 6047
f 6056 6053 6055
f 6055 6053 6054
f 6057 6058 6060
f 6060 6058 6059
f 6049 6048 6062
f 6062 6048 6061
f 6063 6064 6066
f 6066 6064 6065
f 6068 6069 6067
f 6067 6069 6070
f 6068 5653 6069
f 6069 5653 6071
f 6072 6073 6075
f 6075 6073 6074
f 6062 6076 6049
f 6049 6076 6054
f 6070 6059 6067
f 6067 6059 6058
f 6045 6065 6077
f 6077 6065 6064
f 6046 6078 6062
f 6062 6078 6076
f 6079 6073 6052
f 6052 6073 6080
f 6084 6081 6083
f 6083 6081 6082
f 6073 6072 6080
f 6080 6072 6085
f 6052 6080 6051
f 6051 6080 6086
f 6050 6053 6052
f 6052 6053 6079
f 6088 6044 6087
f 6087 6044 6043
f 6087 6043 6089
f 6089 6043 6061
f 6053 6056 6079
f 6079 6056 6090
f 6063 6072 6060
f 6060 6072 6075
f 6046 6062 6043
f 6043 6062 6061
f 6092 6048 6091
f 6091 6048 6047
f 6046 6045 6078
f 6078 6045 6077
f 6049 6054 6050
f 6050 6054 6053
f 6094 6093 6088
f 6088 6093 6044
f 6081 6095 6082
f 6082 6095 6086
f 6083 6082 6066
f 6066 6082 6085
f 6084 6083 6094
f 6094 6083 6093
f 6072 6063 6085
f 6085 6063 6066
f 6095 6096 6086
f 6086 6096 6051
f 6089 6061 6092
f 6092 6061 6048
f 6074 6090 5655
f 5655 6090 5656
f 6051 6096 6047
f 6047 6096 6091
f 6054 6076 6055
f 6055 6076 6071
f 6080 6085 6086
f 6086 6085 6082
f 6093 6083 6065
f 6065 6083 6066
f 6044 6093 6045
f 6045 6093 6065
f 6096 6095 6098
f 6098 6095 6097
f 6099 6091 6098
f 6098 6091 6096
f 6100 6092 6099
f 6099 6092 6091
f 6100 6101 6092
f 6092 6101 6089
f 6095 6081 6097
f 6097 6081 6102
f 6081 6084 6102
f 6102 6084 6103
f 6103 6084 6104
f 6104 6084 6094
f 6102 6105 6097
f 6097 6105 6106
f 6110 6107 6109
f 6109 6107 6108
f 6109 6108 6112
f 6112 6108 6111
f 6109 6112 6114
f 6114 6112 6113
f 6114 6115 6117
f 6117 6115 6116
f 6115 6114 6118
f 6118 6114 6113
f 6117 6110 6114
f 6114 6110 6109
f 6110 6119 6107
f 6107 6119 6120
f 6121 6113 6111
f 6111 6113 6112
f 6098 6121 6099
f 6099 6121 6111
f 6100 6099 6122
f 6122 6099 6111
f 6122 6111 6123
f 6123 6111 6108
f 6124 6123 6107
f 6107 6123 6108
f 6118 6113 6106
f 6106 6113 6121
f 6098 6097 6121
f 6121 6097 6106
f 6107 6120 6124
f 6124 6120 6125
f 6126 6123 6127
f 6127 6123 6124
f 6127 6124 6128
f 6128 6124 6125
f 6129 6126 6130
f 6130 6126 6127
f 6126 6129 6132
f 6132 6129 6131
f 6128 6133 6127
f 6127 6133 6130
f 6123 6126 6122
f 6122 6126 6132
f 6101 6100 6132
f 6132 6100 6122
f 6120 6134 6125
f 6125 6134 6135
f 6120 6119 6134
f 6134 6119 6136
f 6106 6137 6118
f 6118 6137 6115
f 6138 6116 6137
f 6137 6116 6115
f 6137 6106 6139
f 6139 6106 6105
f 6139 6140 6137
f 6137 6140 6138
f 6116 6138 6142
f 6142 6138 6141
f 6136 6142 6134
f 6134 6142 6141
f 6143 6087 6101
f 6101 6087 6089
f 6144 6104 6088
f 6088 6104 6094
f 6143 6144 6087
f 6087 6144 6088
f 6144 6143 6145
f 6145 6143 6131
f 6145 6131 6146
f 6146 6131 6129
f 6147 6104 6145
f 6145 6104 6144
f 6132 6131 6101
f 6101 6131 6143
f 6148 6103 6147
f 6147 6103 6104
f 6103 6148 6102
f 6102 6148 6105
f 6148 6149 6105
f 6105 6149 6139
f 6149 6148 6150
f 6150 6148 6147
f 6151 6149 6152
f 6152 6149 6150
f 6150 6147 6146
f 6146 6147 6145
f 6146 6153 6150
f 6150 6153 6152
f 6140 6139 6151
f 6151 6139 6149
f 6151 6154 6140
f 6140 6154 6155
f 6154 6157 6156
f 6156 6157 6158
f 6152 6157 6151
f 6151 6157 6154
f 6154 6156 6155
f 6155 6156 6135
f 6134 6141 6135
f 6135 6141 6155
f 6141 6138 6155
f 6155 6138 6140
f 6130 6153 6129
f 6129 6153 6146
f 6158 6153 6133
f 6133 6153 6130
f 6153 6158 6152
f 6152 6158 6157
f 6156 6158 6128
f 6128 6158 6133
f 6135 6156 6125
f 6125 6156 6128
f 6136 6119 6117
f 6117 6119 6110
f 6116 6142 6117
f 6117 6142 6136
f 5752 6056 5615
f 5615 6056 6055
f 6060 6059 6063
f 6063 6059 6064
f 6077 6070 6078
f 6078 6070 6069
f 6069 6071 6078
f 6078 6071 6076
f 6060 6075 6057
f 6057 6075 6159
f 6059 6070 6064
f 6064 6070 6077
f 5656 6090 5752
f 5752 6090 6056
f 6090 6074 6079
f 6079 6074 6073
f 5653 5615 6071
f 6071 5615 6055
f 6161 6160 5471
f 5471 6160 5547
f 5729 5577 6163
f 6163 5577 6162
f 5577 5576 6162
f 6162 5576 6164
f 6165 6166 5713
f 5713 6166 5711
f 5474 5729 6167
f 6167 5729 6163
f 6160 6168 5547
f 5547 6168 5750
f 5471 5474 6161
f 6161 5474 6167
f 6169 5712 6168
f 6168 5712 5750
f 6164 5576 6166
f 6166 5576 5711
f 6165 5713 6169
f 6169 5713 5712
f 6169 6168 6171
f 6171 6168 6170
f 6172 6165 6171
f 6171 6165 6169
f 6173 6166 6172
f 6172 6166 6165
f 6174 6164 6173
f 6173 6164 6166
f 6168 6160 6170
f 6170 6160 6175
f 6160 6161 6175
f 6175 6161 6176
f 6177 6176 6167
f 6167 6176 6161
f 6175 6178 6170
f 6170 6178 6179
f 6181 6182 6180
f 6180 6182 6183
f 6184 6185 6181
f 6181 6185 6182
f 6182 6185 6187
f 6187 6185 6186
f 6189 6187 6188
f 6188 6187 6186
f 6182 6187 6183
f 6183 6187 6190
f 6192 6191 6190
f 6190 6191 6183
f 6191 6193 6183
f 6183 6193 6180
f 6184 6194 6185
f 6185 6194 6186
f 6171 6194 6172
f 6172 6194 6184
f 6173 6172 6195
f 6195 6172 6184
f 6195 6184 6196
f 6196 6184 6181
f 6196 6181 6197
f 6197 6181 6180
f 6186 6194 6188
f 6188 6194 6179
f 6171 6170 6194
f 6194 6170 6179
f 6197 6180 6198
f 6198 6180 6193
f 6197 6200 6196
f 6196 6200 6199
f 6198 6201 6197
f 6197 6201 6200
f 6199 6200 6202
f 6202 6200 6203
f 6199 6202 6205
f 6205 6202 6204
f 6203 6200 6206
f 6206 6200 6201
f 6196 6199 6195
f 6195 6199 6205
f 6174 6173 6205
f 6205 6173 6195
f 6198 6193 6208
f 6208 6193 6207
f 6193 6191 6207
f 6207 6191 6192
f 6179 6209 6188
f 6188 6209 6189
f 6210 6189 6211
f 6211 6189 6209
f 6209 6179 6212
f 6212 6179 6178
f 6211 6209 6213
f 6213 6209 6212
f 6215 6210 6214
f 6214 6210 6211
f 6214 6207 6215
f 6215 6207 6192
f 6189 6210 6187
f 6187 6210 6190
f 6192 6190 6215
f 6215 6190 6210
f 6162 6164 6216
f 6216 6164 6174
f 6167 6163 6177
f 6177 6163 6217
f 6163 6162 6217
f 6217 6162 6216
f 6216 6204 6217
f 6217 6204 6218
f 6218 6204 6219
f 6219 6204 6202
f 6220 6177 6218
f 6218 6177 6217
f 6205 6204 6174
f 6174 6204 6216
f 6177 6220 6176
f 6176 6220 6221
f 6221 6178 6176
f 6176 6178 6175
f 6221 6222 6178
f 6178 6222 6212
f 6222 6221 6223
f 6223 6221 6220
f 6224 6222 6225
f 6225 6222 6223
f 6223 6220 6219
f 6219 6220 6218
f 6219 6226 6223
f 6223 6226 6225
f 6213 6212 6224
f 6224 6212 6222
f 6224 6227 6213
f 6213 6227 6228
f 6229 6227 6231
f 6231 6227 6230
f 6225 6230 6224
f 6224 6230 6227
f 6208 6228 6229
f 6229 6228 6227
f 6228 6208 6214
f 6214 6208 6207
f 6213 6228 6211
f 6211 6228 6214
f 6219 6202 6226
f 6226 6202 6203
f 6231 6226 6206
f 6206 6226 6203
f 6231 6230 6226
f 6226 6230 6225
f 6229 6231 6201
f 6201 6231 6206
f 6201 6198 6229
f 6229 6198 6208
f 5662 5661 5672
f 5672 5661 5674
f 5662 5672 5663
f 5663 5672 5646
f 5973 5652 6042
f 6042 5652 5651
f 5733 5751 5517
f 5517 5751 5518
f 5637 5753 5660
f 5660 5753 5738
f 5752 5636 5656
f 5656 5636 5526
f 5651 5593 6042
f 6042 5593 5952
f 5593 5651 5594
f 5594 5651 5650
f 5515 5514 5737
f 5737 5514 5600
f 5546 5545 5740
f 5740 5545 6232
f 6232 6058 5740
f 5740 6058 6057
f 6067 6058 6233
f 6233 6058 6232
f 6233 6232 6234
f 6234 6232 5545
f 6234 5545 6235
f 6235 5545 5544
f 5544 5543 6236
f 6236 5543 5606
f 5539 6235 6236
f 6236 6235 5544
f 5539 5542 6235
f 6235 5542 6237
f 6235 6237 6234
f 6234 6237 6238
f 6234 6238 6233
f 6233 6238 6239
f 5653 6068 5650
f 5650 6068 6239
f 5516 6240 5513
f 5513 6240 5642
f 5606 5540 6236
f 6236 5540 5539
f 5753 5637 5614
f 5614 5637 5636
f 5594 5650 5737
f 5737 5650 6239
f 6067 6233 6068
f 6068 6233 6239
f 5655 6159 6074
f 6074 6159 6075
f 6057 6159 5740
f 5740 6159 5655
f 5515 5737 6238
f 6238 5737 6239
f 6238 6237 5515
f 5515 6237 5516
f 5516 6237 6240
f 6240 6237 5542
f 5542 5541 6240
f 6240 5541 5642
f 5642 5541 5699
f 5699 5541 5702
f 5582 5475 5717
f 5504 5537 5443
f 5443 5537 5470
f 5443 5470 5444
f 5444 5470 5469
f 5726 5557 5727
f 5727 5557 5556
f 5537 5504 5511
f 5511 5504 5506
f 5507 5506 5503
f 5503 5506 5504
f 5581 5507 5455
f 5455 5507 5503
f 5456 5581 5454
f 5454 5581 5455
f 5729 5474 5453
f 5453 5474 5473
f 5457 5454 5473
f 5473 5454 5453
f 5686 5457 5472
f 5472 5457 5473
f 5687 5686 5548
f 5548 5686 5472
f 5687 5548 5693
f 5693 5548 5749
f 5693 5749 5532
f 5532 5749 5715
f 5532 5715 5486
f 5486 5715 5714
f 5449 5486 5710
f 5710 5486 5714
f 5728 5578 5729
f 5729 5578 5577
f 5558 5698 5445
f 5445 5698 5452
f 5445 5444 5558
f 5558 5444 5556
f 5727 5556 5469
f 5469 5556 5444
f 5555 5727 5468
f 5468 5727 5469
f 5552 5555 5747
f 5747 5555 5468
f 5716 5552 5700
f 5700 5552 5747
f 5717 5716 5699
f 5699 5716 5700
f 5582 5717 5702
f 5702 5717 5699
f 5583 5582 5701
f 5701 5582 5702
f 5483 5557 5479
f 5479 5557 5726
f 5483 5479 5484
f 5484 5479 5482
f 5484 5482 5533
f 5533 5482 5534
f 5691 5688 5534
f 5534 5688 5533
f 5688 5691 5647
f 5647 5691 5644
f 5583 5701 5746
f 5746 5701 5719
f 5746 5719 5497
f 5497 5719 5718
f 5638 5654 5605
f 5605 5654 5718
f 5633 5657 5654
f 5654 5657 5498
f 5497 5718 5498
f 5498 5718 5654
f 5657 5527 5498
f 5498 5527 5494
f 5528 5570 5495
f 5495 5570 5521
f 5665 5668 5528
f 5528 5668 5570
f 5668 5665 5671
f 5671 5665 5664
f 5671 5664 5741
f 5741 5664 5645
f 5644 5696 5645
f 5645 5696 5741
f 5450 5449 5575
f 5575 5449 5710
f 5698 5450 5578
f 5578 5450 5575
f 5452 5698 5728
f 5728 5698 5578
f 5452 5728 5451
f 5451 5728 5453
f 3619 6241 3620
f 3620 6241 6242
f 6243 6244 3628
f 3628 6244 3629
f 3631 3634 6246
f 6246 3634 6245
f 3637 3636 6248
f 6248 3636 6247
f 6249 6250 3642
f 3642 6250 3639
f 3639 6250 3643
f 3643 6250 6251
f 3743 6252 3744
f 3744 6252 6253
f 3628 3631 6243
f 6243 3631 6246
f 6255 3754 6254
f 6254 3754 3753
f 6241 3619 6256
f 6256 3619 3857
f 6257 6245 3932
f 3932 6245 3634
f 3636 3620 6247
f 6247 3620 6242
f 3947 3946 6259
f 6259 3946 6258
f 3642 3948 6249
f 6249 3948 6260
f 3946 3629 6258
f 6258 3629 6244
f 6259 6254 3947
f 3947 6254 3753
f 3948 3637 6260
f 6260 3637 6248
f 3643 6251 3743
f 3743 6251 6252
f 6253 6257 3744
f 3744 6257 3932
f 6252 6251 6249
f 6249 6251 6250
f 6245 6261 6246
f 6246 6261 6262
f 6248 6247 6264
f 6264 6247 6263
f 6252 6265 6253
f 6253 6265 6266
f 6246 6262 6243
f 6243 6262 6267
f 6245 6257 6261
f 6261 6257 6268
f 6269 6263 6242
f 6242 6263 6247
f 6249 6260 6271
f 6271 6260 6270
f 6260 6248 6270
f 6270 6248 6264
f 6253 6266 6257
f 6257 6266 6268
f 6249 6271 6252
f 6252 6271 6265
f 6273 6272 6259
f 6259 6272 6254
f 6271 6270 6265
f 6265 6270 6266
f 6270 6264 6266
f 6266 6264 6268
f 6264 6263 6268
f 6268 6263 6261
f 6269 6262 6263
f 6263 6262 6261
f 4186 4185 6274
f 6274 4185 6275
f 6242 6241 6269
f 6269 6241 6276
f 6278 6277 6244
f 6244 6277 6258
f 6276 6241 6279
f 6279 6241 6256
f 6259 6258 6273
f 6273 6258 6277
f 6243 6267 6244
f 6244 6267 6278
f 6262 6269 6267
f 6267 6269 6276
f 6254 6272 6255
f 6255 6272 6280
f 3685 3888 3713
f 3713 3888 3865
f 3711 3892 5233
f 5233 3892 5242
f 5242 3892 5243
f 5243 3892 3900
f 5243 3900 3866
f 3866 3900 3734
f 6282 4118 6281
f 6281 4118 4117
f 4879 4278 6282
f 6282 4278 4118
f 4280 4718 4887
f 4887 4718 4717
f 4879 4882 4278
f 4278 4882 4792
f 4882 6283 4792
f 4792 6283 4795
f 6284 5012 4851
f 4851 5012 4852
f 4856 5207 4857
f 4857 5207 4858
f 4854 4857 4279
f 4279 4857 4860
f 4279 4860 4280
f 4280 4860 4718
f 4742 4745 4863
f 4863 4745 4864
f 4866 5011 4867
f 4867 5011 5366
f 4883 4872 4884
f 4884 4872 4871
f 6281 4117 4883
f 4883 4117 4872
f 6284 4851 6283
f 6283 4851 4795
f 4865 4853 4866
f 4866 4853 4852
f 5207 4856 4870
f 4870 4856 4871
f 4717 4716 4864
f 4864 4716 4861
f 4863 4862 4867
f 4867 4862 4868
f 4854 4269 4855
f 4855 4269 4268
f 4765 4282 4274
f 4274 4282 4281
f 4904 4907 4743
f 4743 4907 4744
f 4874 4881 4820
f 4820 4881 4880
f 4980 4886 5013
f 5013 4886 4885
f 4274 4281 4275
f 4275 4281 4888
f 6281 4903 6282
f 6282 4903 4902
f 6283 4979 6284
f 6284 4979 4978
f 4266 4269 4765
f 4765 4269 4282
f 6282 4902 4879
f 4879 4902 4880
f 4883 4886 6281
f 6281 4886 4903
f 6283 4882 4979
f 4979 4882 4881
f 5013 4885 4267
f 4267 4885 4268
f 4745 4744 4887
f 4887 4744 4888
f 4812 4411 6285
f 6285 4411 4410
f 4750 4749 6286
f 6286 4749 6287
f 6289 4695 6288
f 6288 4695 4255
f 4965 4751 4675
f 4675 4751 4750
f 4960 4963 6291
f 6291 4963 6290
f 4408 4411 4806
f 4806 4411 4807
f 4956 4959 6293
f 6293 4959 6292
f 4955 4959 6294
f 6294 4959 4958
f 4805 4963 4964
f 4964 4963 4962
f 4748 4751 4961
f 4961 4751 4962
f 6298 6295 6297
f 6297 6295 6296
f 6299 6300 6288
f 6288 6300 4735
f 4960 6301 4961
f 4961 6301 6302
f 6304 6287 6303
f 6303 6287 4749
f 4968 6305 4969
f 4969 6305 6306
f 4900 6307 6308
f 6308 6307 4413
f 6291 6309 4960
f 4960 6309 6301
f 4806 6310 4408
f 4408 6310 4412
f 4696 6311 4256
f 4256 6311 6312
f 4748 6313 4749
f 4749 6313 6303
f 4961 6302 4748
f 4748 6302 6313
f 6315 6316 6314
f 6314 6316 6317
f 4084 6318 6315
f 6315 6318 6316
f 4083 6319 4084
f 4084 6319 6318
f 6319 4083 6320
f 6320 4083 4112
f 4137 6321 4138
f 4138 6321 6322
f 4127 6323 4128
f 4128 6323 6324
f 6325 6323 4193
f 4193 6323 4127
f 6326 6325 4891
f 4891 6325 4193
f 6328 6326 6327
f 6327 6326 4891
f 5228 5227 4824
f 4824 5227 6327
f 6329 5231 4683
f 4683 5231 4684
f 6330 6329 4099
f 4099 6329 4683
f 6331 6330 4102
f 4102 6330 4099
f 4174 4826 4429
f 4429 4826 4829
f 4173 4741 4174
f 4174 4741 4826
f 4180 4738 4173
f 4173 4738 4741
f 4738 4180 6333
f 6333 4180 6332
f 6274 6334 4186
f 4186 6334 4188
f 4181 4825 4180
f 4180 4825 6332
f 5165 5045 5213
f 5213 5045 5044
f 5222 5047 5087
f 5087 5047 5046
f 5198 5078 5063
f 5063 5078 5077
f 5194 5082 5099
f 5099 5082 5081
f 5073 5096 5074
f 5074 5096 5095
f 5093 5096 5170
f 5170 5096 5373
f 5170 5373 5171
f 5171 5373 5375
f 5171 5375 5222
f 5222 5375 5047
f 5067 5376 5038
f 5038 5376 5046
f 5085 5376 5086
f 5086 5376 5377
f 5086 5377 5165
f 5165 5377 5045
f 5213 5044 5214
f 5214 5044 5378
f 5214 5378 5034
f 5034 5378 5077
f 5035 5078 5194
f 5194 5078 5082
f 6335 5379 5080
f 5080 5379 5081
f 5074 5095 6335
f 6335 5095 5379
f 5079 5033 5080
f 5080 5033 5032
f 5016 5041 5017
f 5017 5041 5040
f 5042 5051 5043
f 5043 5051 5050
f 5022 5066 5023
f 5023 5066 5065
f 5023 5065 5049
f 5049 5065 5050
f 5020 5068 5016
f 5016 5068 5041
f 5071 5374 5072
f 5072 5374 5200
f 5075 5156 5076
f 5076 5156 5155
f 5067 5068 5212
f 5212 5068 5162
f 6335 5192 5074
f 5074 5192 5075
f 5066 5022 5199
f 5199 5022 5196
f 5076 5155 5072
f 5072 5155 5069
f 5374 5071 5039
f 5039 5071 5040
f 5048 5051 5161
f 5161 5051 5162
f 5080 5032 6335
f 6335 5032 5192
f 5199 5196 5033
f 5033 5196 5030
f 5408 5019 5211
f 5211 5019 5018
f 5163 5021 5408
f 5408 5021 5019
f 5415 5025 5057
f 5057 5025 5024
f 5161 5029 5048
f 5048 5029 5028
f 5030 5055 5031
f 5031 5055 5054
f 5049 5058 5023
f 5023 5058 5024
f 5069 5062 5070
f 5070 5062 5061
f 5157 5438 5158
f 5158 5438 5442
f 5031 5054 5191
f 5191 5054 5160
f 5020 5021 5161
f 5161 5021 5029
f 5220 5197 5415
f 5415 5197 5025
f 5158 5442 5062
f 5062 5442 5059
f 5070 5061 5017
f 5017 5061 5018
f 5438 5157 5159
f 5159 5157 5160
f 5056 5058 5027
f 5027 5058 5028
f 5196 5197 5030
f 5030 5197 5055
f 6336 5410 5380
f 5380 5410 5409
f 5026 5413 5027
f 5027 5413 5412
f 5396 5417 5393
f 5393 5417 5416
f 5056 5419 5057
f 5057 5419 5416
f 5420 5426 5396
f 5396 5426 5417
f 5422 5428 5423
f 5423 5428 5427
f 5442 5430 5059
f 5059 5430 5427
f 5211 5433 5408
f 5408 5433 5409
f 5060 5428 5211
f 5211 5428 5433
f 5418 5419 5411
f 5411 5419 5412
f 5052 5437 5053
f 5053 5437 5436
f 5439 5402 5440
f 5440 5402 5401
f 5436 5435 5439
f 5439 5435 5402
f 5414 5413 6336
f 6336 5413 5410
f 5429 5430 5401
f 5401 5430 5440
f 5434 5437 5420
f 5420 5437 5426
f 5384 5383 5432
f 5432 5383 5382
f 5380 5383 6336
f 6336 5383 5386
f 6336 5386 5414
f 5414 5386 5388
f 5411 5392 5418
f 5418 5392 5391
f 5705 5395 5704
f 5704 5395 5394
f 5434 5400 5435
f 5435 5400 5399
f 5405 5404 5441
f 5441 5404 5403
f 5401 5404 5429
f 5429 5404 5407
f 5748 5421 5705
f 5705 5421 5395
f 5431 5425 5706
f 5706 5425 5424
f 5704 5394 5390
f 5390 5394 5391
f 5387 5389 5388
f 5388 5389 5392
f 5422 5425 5381
f 5381 5425 5382
f 5706 5424 5406
f 5406 5424 5407
f 5403 5402 5399
f 5399 5402 5435
f 5397 5400 5748
f 5748 5400 5421
f 4231 4098 4721
f 4721 4098 4097
f 4095 4098 5273
f 5273 4098 4233
f 6337 6338 4785
f 4785 6338 4786
f 4076 4780 4073
f 4073 4780 4781
f 4782 4190 4781
f 4781 4190 4073
f 4783 4901 4782
f 4782 4901 4190
f 4721 4097 4076
f 4076 4097 4780
f 2878 4701 2879
f 2879 4701 6337
f 6340 5272 6339
f 6339 5272 5280
f 5282 5281 6341
f 6341 5281 6342
f 6301 4110 6302
f 6302 4110 4109
f 4284 4283 6303
f 6303 4283 6304
f 6305 4379 6306
f 6306 4379 4378
f 6309 4428 6301
f 6301 4428 4110
f 4687 4412 4688
f 4688 4412 6310
f 6313 4753 6303
f 6303 4753 4284
f 6302 4109 6313
f 6313 4109 4753
f 4427 4428 5226
f 5226 4428 6343
f 4147 4900 4416
f 4416 4900 6308
f 4720 4241 6311
f 6311 4241 6312
f 5223 6344 4702
f 4702 6344 4699
f 6346 6345 4220
f 4220 6345 4221
f 6348 6347 5275
f 5275 6347 5276
f 6349 6348 4728
f 4728 6348 5275
f 5285 5284 6350
f 6350 5284 4727
f 6353 6354 6352
f 6352 6354 6351
f 5293 5292 5312
f 5312 5292 5313
f 5337 5293 5344
f 5344 5293 5312
f 4914 4916 5344
f 5344 4916 5337
f 4914 4913 4916
f 4916 4913 4917
f 4913 6355 4917
f 4917 6355 4978
f 6356 6357 6284
f 6284 6357 5012
f 5011 5012 6358
f 6358 5012 6357
f 6359 5366 6358
f 6358 5366 5011
f 5366 6359 4742
f 4742 6359 6360
f 4743 6361 4904
f 4904 6361 5364
f 4904 5364 4905
f 4905 5364 5363
f 5363 6362 4905
f 4905 6362 4207
f 4208 4207 6363
f 6363 4207 6362
f 4208 6363 5330
f 5330 6363 5342
f 5342 5341 5330
f 5330 5341 4244
f 5341 6364 4244
f 4244 6364 4245
f 6364 6365 4245
f 4245 6365 4246
f 6366 6367 4253
f 4253 6367 4250
f 4380 4211 6368
f 6368 4211 4214
f 4379 4283 4380
f 4380 4283 4211
f 4379 6305 4283
f 4283 6305 6304
f 6305 4968 6304
f 6304 4968 6287
f 4968 4967 6287
f 6287 4967 6286
f 4967 6297 6286
f 6286 6297 4676
f 4285 4288 4376
f 4376 4288 6296
f 4290 4285 4373
f 4373 4285 4376
f 6369 6370 6372
f 6372 6370 6371
f 5245 6373 5246
f 5246 6373 6374
f 6376 4318 6375
f 6375 4318 4317
f 6378 4332 6377
f 6377 4332 4331
f 6379 4333 6376
f 6376 4333 4318
f 4343 6380 4344
f 4344 6380 6381
f 6383 4348 6382
f 6382 4348 4347
f 6377 4331 6371
f 6371 4331 4374
f 6384 4426 6379
f 6379 4426 4333
f 6382 4347 6385
f 6385 4347 4690
f 6375 4317 6378
f 6378 4317 4332
f 6387 4923 6386
f 6386 4923 4922
f 6390 4375 6389
f 6389 4375 6388
f 6355 6356 4978
f 4978 6356 6284
f 6361 4743 6360
f 6360 4743 4742
f 4719 6392 4238
f 4238 6392 6391
f 5296 6393 4719
f 4719 6393 6392
f 6395 6396 6394
f 6394 6396 6397
f 6401 6398 6400
f 6400 6398 6399
f 5302 5303 6402
f 6402 5303 6403
f 5321 6404 5303
f 5303 6404 6403
f 5320 6405 5321
f 5321 6405 6404
f 6406 5351 5319
f 5319 5351 5350
f 5319 5318 6406
f 6406 5318 6407
f 6409 6408 4197
f 4197 6408 5288
f 6411 6410 4216
f 4216 6410 4217
f 6328 6327 6412
f 6412 6327 5227
f 6412 5227 6413
f 6413 5227 4892
f 6413 4892 6414
f 6414 4892 4228
f 6414 4228 6415
f 6415 4228 4227
f 6415 4227 6416
f 6416 4227 4248
f 6416 4248 6417
f 6417 4248 4247
f 6417 4247 6419
f 6419 4247 6418
f 6419 6418 6421
f 6421 6418 6420
f 5300 6423 5301
f 5301 6423 6422
f 6399 6424 5300
f 5300 6424 6423
f 6425 6398 6409
f 6409 6398 6408
f 6394 6397 6427
f 6427 6397 6426
f 6428 4224 6429
f 6429 4224 4223
f 4220 5276 6346
f 6346 5276 6347
f 6339 6341 6347
f 6347 6341 6346
f 5280 5278 5282
f 5282 5278 4236
f 4681 4684 5224
f 5224 4684 4896
f 5224 4896 4135
f 4135 4896 4132
f 4135 4132 4136
f 4136 4132 4131
f 4136 4131 4754
f 4754 4131 4226
f 4754 4226 4213
f 4213 4226 4251
f 4213 4251 4214
f 4214 4251 4250
f 4250 6367 4214
f 4214 6367 6368
f 4737 6368 4910
f 4910 6368 6367
f 5296 4736 5297
f 5297 4736 4909
f 6393 5296 6395
f 6395 5296 5297
f 6427 6430 6394
f 6394 6430 6431
f 4382 6428 4383
f 4383 6428 6429
f 5276 4220 5277
f 5277 4220 4219
f 4222 4697 4383
f 4383 4697 4218
f 6345 4699 4221
f 4221 4699 6344
f 6342 4700 6345
f 6345 4700 4699
f 4235 4786 5281
f 5281 4786 6338
f 4234 4787 4235
f 4235 4787 4786
f 5279 5278 6432
f 6432 5278 5271
f 4237 5279 6433
f 6433 5279 6432
f 4237 6433 4234
f 4234 6433 4787
f 6437 6434 6436
f 6436 6434 6435
f 6437 6360 6438
f 6438 6360 6359
f 6439 6440 6441
f 6441 6440 6438
f 6441 6442 6439
f 6439 6442 6443
f 6444 6442 6356
f 6356 6442 6357
f 6447 6445 6446
f 6446 6445 6444
f 6355 4913 6446
f 6446 4913 4912
f 5365 5364 6436
f 6436 5364 6361
f 6448 5316 5350
f 5350 5316 5319
f 6448 5350 6449
f 6449 5350 4832
f 6449 4832 6450
f 6450 4832 4831
f 6405 5320 6451
f 6451 5320 5354
f 6451 5354 6452
f 6452 5354 4265
f 6452 4265 6453
f 6453 4265 4264
f 6445 6447 4831
f 4831 6447 6450
f 4263 6435 4264
f 4264 6435 6434
f 6440 6439 6453
f 6453 6439 6454
f 4834 6454 6443
f 6443 6454 6439
f 6454 4834 6455
f 6455 4834 4833
f 6455 4833 6456
f 6456 4833 5351
f 6392 6458 6391
f 6391 6458 6457
f 6393 6431 6392
f 6392 6431 6458
f 6395 5297 6396
f 6396 5297 5298
f 6402 6400 5302
f 5302 6400 5299
f 6460 6459 6403
f 6403 6459 6402
f 6460 6403 6461
f 6461 6403 6404
f 6461 6404 6462
f 6462 6404 6405
f 6456 5351 6462
f 6462 5351 6406
f 6462 6406 6461
f 6461 6406 6407
f 6460 6461 6463
f 6463 6461 6407
f 6459 6460 6464
f 6464 6460 6463
f 6401 6459 6465
f 6465 6459 6464
f 6430 6466 6431
f 6431 6466 6458
f 6466 6410 6458
f 6458 6410 6457
f 6410 6411 6457
f 6457 6411 6467
f 6396 6424 6397
f 6397 6424 6425
f 6393 6395 6431
f 6431 6395 6394
f 6462 6405 6456
f 6456 6405 6451
f 6456 6451 6455
f 6455 6451 6452
f 6455 6452 6454
f 6454 6452 6453
f 4831 4834 6445
f 6445 4834 6443
f 4264 6434 6453
f 6453 6434 6440
f 5305 5360 5306
f 5306 5360 6468
f 5306 6468 4124
f 4124 6468 6469
f 4124 6469 4125
f 4125 6469 6470
f 4125 6470 5291
f 5291 6470 6471
f 6353 5292 6471
f 6471 5292 5291
f 6352 5313 6353
f 6353 5313 5292
f 5347 5314 6352
f 6352 5314 5313
f 5317 5346 5318
f 5318 5346 5353
f 5360 5358 6468
f 6468 5358 5334
f 6468 5334 6469
f 6469 5334 5324
f 6469 5324 6470
f 6470 5324 5323
f 6470 5323 6471
f 6471 5323 5343
f 6354 6353 5343
f 5343 6353 6471
f 5311 4270 6349
f 6349 4270 6348
f 4272 5273 6340
f 6340 5273 5272
f 6432 5271 4232
f 4232 5271 4233
f 4232 4295 6432
f 6432 4295 4294
f 6432 4294 6433
f 6433 4294 4301
f 4787 6433 4300
f 4300 6433 4301
f 4787 4300 4784
f 4784 4300 4704
f 4704 3013 4784
f 4784 3013 1307
f 5202 5104 6472
f 6472 5104 5103
f 5115 5105 5116
f 5116 5105 5108
f 5123 5112 5124
f 5124 5112 5111
f 5106 5105 5205
f 5205 5105 5154
f 5185 5168 5180
f 5180 5168 5167
f 5175 5188 5176
f 5176 5188 5187
f 5120 5178 5123
f 5123 5178 5112
f 5089 5183 5090
f 5090 5183 5167
f 5181 5183 5151
f 5151 5183 5210
f 5137 5217 5138
f 5138 5217 5216
f 5221 5219 5119
f 5119 5219 5218
f 5218 5178 5119
f 5119 5178 5120
f 5101 5104 5137
f 5137 5104 5217
f 5116 5108 5221
f 5221 5108 5219
f 5151 5210 5110
f 5110 5210 5111
f 6472 5103 5153
f 5153 5103 5154
f 5216 5215 5176
f 5176 5215 5173
f 5175 5174 5168
f 5168 5174 5166
f 5092 5091 5208
f 5208 5091 5172
f 5036 5118 5037
f 5037 5118 5117
f 5133 5122 5164
f 5164 5122 5121
f 5083 5126 5084
f 5084 5126 5125
f 5173 5130 5174
f 5174 5130 5129
f 6472 5132 5202
f 5202 5132 5131
f 5119 5122 5221
f 5221 5122 5135
f 5209 5136 5124
f 5124 5136 5125
f 5164 5121 5083
f 5083 5121 5126
f 5193 5195 5036
f 5036 5195 5118
f 5114 5203 5097
f 5097 5203 5131
f 5153 5195 6472
f 6472 5195 5132
f 5089 5092 5209
f 5209 5092 5136
f 5037 5117 5134
f 5134 5117 5135
f 5127 5130 5206
f 5206 5130 5362
f 5372 5371 5128
f 5128 5371 5129
f 5172 5091 5372
f 5372 5091 5371
f 5201 5203 5215
f 5215 5203 5362
f 5318 5353 6407
f 6407 5353 6463
f 5353 5352 6463
f 6463 5352 6464
f 5289 5288 6465
f 6465 5288 6408
f 6427 6426 4224
f 4224 6426 4196
f 6430 6427 6428
f 6428 6427 4224
f 6428 4382 6430
f 6430 4382 6466
f 6410 6466 4217
f 4217 6466 4382
f 3016 3015 4239
f 4239 3015 4240
f 3018 3017 4257
f 4257 3017 4254
f 6475 4732 6474
f 6474 4732 6473
f 6373 6475 6374
f 6374 6475 6474
f 3023 3022 6374
f 6374 3022 5246
f 6288 4255 6299
f 6299 4255 4254
f 3025 3024 6300
f 6300 3024 6473
f 6476 4257 6312
f 6312 4257 4256
f 4240 6476 4241
f 4241 6476 6312
f 6477 4239 6391
f 6391 4239 4238
f 6477 6391 6467
f 6467 6391 6457
f 3028 6467 3029
f 3029 6467 6411
f 3029 6411 3030
f 3030 6411 4216
f 6481 6478 6480
f 6480 6478 6479
f 6485 6482 6484
f 6484 6482 6483
f 4102 6486 6331
f 6331 6486 6487
f 6489 6478 6488
f 6488 6478 6483
f 6479 6490 4829
f 4829 6490 4429
f 4102 4101 6486
f 6486 4101 6491
f 4101 4899 6491
f 6491 4899 4895
f 4160 6488 4157
f 4157 6488 6492
f 6489 4087 6490
f 6490 4087 4090
f 4260 5013 4261
f 4261 5013 4267
f 4975 5328 4261
f 4261 5328 4258
f 4261 4267 4975
f 4975 4267 4266
f 3575 3912 3793
f 3793 3912 5367
f 3795 6493 3616
f 3616 6493 6494
f 6495 6496 3588
f 3588 6496 3589
f 3794 5368 3588
f 3588 5368 6495
f 3050 3841 3051
f 3051 3841 3840
f 3053 3052 3911
f 3911 3052 3912
f 3055 3054 3930
f 3930 3054 3929
f 3923 3916 3930
f 3930 3916 5370
f 5369 3915 3938
f 3938 3915 3807
f 3589 6496 3806
f 3806 6496 3937
f 3057 3056 3937
f 3937 3056 3938
f 3051 3840 3058
f 3058 3840 3943
f 3730 4808 3727
f 3727 4808 3943
f 3820 3951 3795
f 3795 3951 6493
f 3050 3059 3841
f 3841 3059 3951
f 3616 6494 3574
f 3574 6494 3911
f 3823 3929 3824
f 3824 3929 3952
f 3061 3060 4060
f 4060 3060 4061
f 6497 6498 4901
f 4901 6498 4790
f 6333 6499 4738
f 4738 6499 4739
f 6500 6501 6314
f 6314 6501 4418
f 6502 6275 4417
f 4417 6275 4185
f 6503 6497 4783
f 4783 6497 4901
f 4059 4790 4060
f 4060 4790 6498
f 3060 3069 4061
f 4061 3069 4808
f 3070 5368 3071
f 3071 5368 5367
f 3072 5370 3073
f 3073 5370 5369
f 6274 6275 3074
f 3074 6275 3075
f 6317 4739 6504
f 6504 4739 6499
f 6333 6332 3077
f 3077 6332 3078
f 6334 6274 3079
f 3079 6274 3074
f 6332 4825 3078
f 3078 4825 3080
f 6334 6503 4188
f 4188 6503 4783
f 4825 4689 3080
f 3080 4689 1330
f 4746 6505 4747
f 4747 6505 6506
f 6508 6506 6507
f 6507 6506 6505
f 6510 4920 6509
f 6509 4920 4297
f 4296 6511 4297
f 4297 6511 6509
f 6512 4319 6508
f 6508 4319 6506
f 4372 4371 6514
f 6514 4371 6513
f 6511 4296 5251
f 5251 4296 4305
f 5251 5250 6511
f 6511 5250 6515
f 6516 6509 6515
f 6515 6509 6511
f 6518 6519 6507
f 6507 6519 6517
f 6514 6513 6520
f 6520 6513 6512
f 6521 6508 6517
f 6517 6508 6507
f 5249 6523 6522
f 6522 6523 6524
f 6525 6370 5253
f 5253 6370 6526
f 4326 4371 4323
f 4323 4371 4370
f 4370 3103 4323
f 4323 3103 1541
f 6521 6517 6527
f 6527 6517 6519
f 6529 6514 6528
f 6528 6514 6520
f 6533 6530 6532
f 6532 6530 6531
f 6535 6515 6534
f 6534 6515 5250
f 6537 6536 6533
f 6533 6536 6530
f 6537 6534 6538
f 6538 6534 6526
f 6515 6535 6516
f 6516 6535 6539
f 4325 4321 4326
f 4326 4321 4320
f 4371 4326 6513
f 6513 4326 4320
f 6531 4731 6541
f 6541 4731 6540
f 4731 4730 6540
f 6540 4730 6542
f 3120 6542 3121
f 3121 6542 4730
f 4731 6531 4328
f 4328 6531 6530
f 4328 6530 4329
f 4329 6530 6536
f 4329 6536 6524
f 6524 6536 6543
f 5248 6522 6545
f 6545 6522 6544
f 6373 5245 6388
f 6388 5245 6389
f 6475 6373 6546
f 6546 6373 6388
f 4377 6295 6546
f 6546 6295 4733
f 6546 4733 6475
f 6475 4733 4732
f 4435 4394 4432
f 4432 4394 4393
f 4434 4672 4842
f 4842 4672 4671
f 4438 4441 4439
f 4439 4441 4440
f 4398 4437 4450
f 4450 4437 4436
f 4392 4448 4444
f 4444 4448 4447
f 6547 4433 4464
f 4464 4433 4446
f 4422 4455 4423
f 4423 4455 4454
f 4480 4453 4481
f 4481 4453 4452
f 4388 4459 4389
f 4389 4459 4458
f 4468 4457 4471
f 4471 4457 4456
f 4391 4460 4392
f 4392 4460 4448
f 4465 4445 4467
f 4467 4445 4461
f 4437 4398 4629
f 4629 4398 4397
f 4438 4628 4441
f 4441 4628 4631
f 4397 4839 4629
f 4629 4839 4841
f 4671 4631 4842
f 4842 4631 4628
f 4481 4452 4989
f 4989 4452 4930
f 4450 4436 4927
f 4927 4436 4929
f 4386 4934 4387
f 4387 4934 4933
f 4474 4932 4475
f 4475 4932 4931
f 4387 4933 4449
f 4449 4933 4936
f 4471 4456 4472
f 4472 4456 4935
f 4389 4458 4391
f 4391 4458 4460
f 4467 4461 4468
f 4468 4461 4457
f 4423 4454 4386
f 4386 4454 4934
f 4475 4931 4480
f 4480 4931 4453
f 4639 4576 4997
f 4997 4576 4575
f 4579 4596 4580
f 4580 4596 4595
f 4583 4582 4572
f 4572 4582 4569
f 4587 4944 4588
f 4588 4944 4562
f 4561 4590 4562
f 4562 4590 4588
f 4638 4642 4639
f 4639 4642 4576
f 4642 4845 4641
f 4641 4845 4846
f 4845 4590 4846
f 4846 4590 4561
f 4580 4595 4938
f 4938 4595 4941
f 4938 4940 4668
f 4668 4940 4669
f 4947 4584 4942
f 4942 4584 4583
f 4582 4587 4569
f 4569 4587 4586
f 5000 5001 4579
f 4579 5001 4596
f 4558 4560 4585
f 4585 4560 4586
f 4997 4566 4639
f 4639 4566 4565
f 4568 4567 4577
f 4577 4567 4578
f 4556 4571 4554
f 4554 4571 4570
f 4640 4565 4637
f 4637 4565 4546
f 4844 4665 4664
f 4664 4665 4662
f 4585 4589 4558
f 4558 4589 4662
f 4554 4570 4557
f 4557 4570 4560
f 4943 4572 4667
f 4667 4572 4571
f 4551 4670 4552
f 4552 4670 4666
f 4640 4664 4638
f 4638 4664 4663
f 4577 4668 4568
f 4568 4668 4670
f 4999 4996 4566
f 4566 4996 4543
f 4608 4564 4603
f 4603 4564 4563
f 4573 4593 4574
f 4574 4593 4592
f 4613 4598 4614
f 4614 4598 4597
f 4581 4584 4600
f 4600 4584 4601
f 4563 4562 4604
f 4604 4562 4944
f 4573 4641 4593
f 4593 4641 4643
f 4848 4644 4847
f 4847 4644 4643
f 4561 4564 4846
f 4846 4564 4847
f 4945 4941 4598
f 4598 4941 4595
f 4946 4939 4945
f 4945 4939 4941
f 4620 4602 4948
f 4948 4602 4601
f 4944 4581 4604
f 4604 4581 4600
f 4614 4597 5003
f 5003 4597 5002
f 4402 4953 4759
f 4759 4953 4988
f 6549 4707 6548
f 6548 4707 4706
f 4419 4311 6550
f 6550 4311 4928
f 4921 4920 6551
f 6551 4920 6552
f 6554 4926 6553
f 6553 4926 4925
f 6551 4802 4921
f 4921 4802 4928
f 4419 6550 4985
f 4985 6550 6555
f 4649 4953 6556
f 6556 4953 4952
f 6548 4706 6557
f 6557 4706 4971
f 6553 4925 4648
f 4648 4925 4988
f 4987 5006 6549
f 6549 5006 4707
f 4920 6510 6552
f 6552 6510 6518
f 6558 6510 6516
f 6516 6510 6509
f 6559 6558 6539
f 6539 6558 6516
f 6531 6541 6532
f 6532 6541 6560
f 6529 6541 6561
f 6561 6541 6540
f 6561 6540 6562
f 6562 6540 6542
f 6542 3120 6562
f 6562 3120 3142
f 4970 4760 6563
f 6563 4760 4366
f 4815 6564 4816
f 4816 6564 6565
f 3147 3146 6565
f 6565 3146 4816
f 6566 6565 6563
f 6563 6565 6564
f 4358 4357 4385
f 4385 4357 4837
f 6565 6566 3147
f 3147 6566 3149
f 4694 1209 3150
f 6522 5248 5249
f 5249 5248 5247
f 6389 6545 6390
f 6390 6545 6372
f 5258 6376 5254
f 5254 6376 6375
f 5255 6378 6525
f 6525 6378 6377
f 5260 6379 5258
f 5258 6379 6376
f 6568 6381 6567
f 6567 6381 6380
f 6570 6383 6569
f 6569 6383 6382
f 6377 6371 6525
f 6525 6371 6370
f 6571 6384 5260
f 5260 6384 6379
f 6569 6382 6572
f 6572 6382 6385
f 5254 6375 5255
f 5255 6375 6378
f 6574 6387 6573
f 6573 6387 6386
f 5245 5248 6389
f 6389 5248 6545
f 6286 4676 4750
f 4750 4676 4675
f 6288 4735 6289
f 6289 4735 4734
f 4963 4805 6290
f 6290 4805 4804
f 4411 4812 4807
f 4807 4812 4811
f 4959 4955 6292
f 6292 4955 4954
f 4751 4965 4962
f 4962 4965 4964
f 4809 4812 4821
f 4821 4812 6285
f 4210 4965 4287
f 4287 4965 4675
f 4154 4955 4145
f 4145 4955 6294
f 4119 4805 4120
f 4120 4805 4964
f 6289 4734 4966
f 4966 4734 6298
f 4732 4735 6473
f 6473 4735 6300
f 4288 4676 6296
f 6296 4676 6297
f 3160 3159 6523
f 6523 3159 4330
f 5253 5252 6525
f 6525 5252 5255
f 5256 5252 4305
f 4305 5252 5251
f 4304 5257 4305
f 4305 5257 5256
f 4424 5259 4304
f 4304 5259 5257
f 5260 5259 6571
f 6571 5259 5261
f 6571 5261 6573
f 6573 5261 5262
f 6574 5265 6567
f 6567 5265 5264
f 5266 6572 5267
f 5267 6572 6568
f 5268 6570 5269
f 5269 6570 6569
f 6570 5268 3161
f 3161 5268 1807
f 6524 6523 4329
f 4329 6523 4330
f 5253 6526 5250
f 5250 6526 6534
f 6369 6544 6538
f 6538 6544 6543
f 6524 6543 6522
f 6522 6543 6544
f 3912 3052 5367
f 5367 3052 3071
f 3163 3162 6493
f 6493 3162 6494
f 3761 3771 445
f 445 3771 3164
f 3920 3919 3165
f 3165 3919 461
f 3910 3839 410
f 410 3839 330
f 3551 3552 331
f 331 3552 332
f 3918 464 3816
f 3816 464 304
f 385 458 3766
f 3766 458 3894
f 412 415 3762
f 3762 415 3763
f 3745 3748 337
f 337 3748 3166
f 3930 5370 3055
f 3055 5370 3072
f 3938 3056 5369
f 5369 3056 3073
f 3057 3937 3167
f 3167 3937 6496
f 3943 4808 3058
f 3058 4808 3069
f 3748 3851 3166
f 3166 3851 411
f 6493 3951 3163
f 3163 3951 3059
f 3771 3772 3164
f 3164 3772 336
f 6494 3162 3911
f 3911 3162 3053
f 3952 3929 3168
f 3168 3929 3054
f 3945 3920 830
f 830 3920 3165
f 6498 6497 3169
f 3169 6497 3170
f 4830 5005 1354
f 1354 5005 3171
f 3170 6497 3172
f 3172 6497 6503
f 4060 6498 3061
f 3061 6498 3169
f 5005 5006 3171
f 3171 5006 3173
f 6503 6334 3172
f 3172 6334 3079
f 3174 3025 6299
f 6299 3025 6300
f 6578 6575 6577
f 6577 6575 6576
f 6580 6579 4611
f 4611 6579 4612
f 6584 6581 6583
f 6583 6581 6582
f 4621 4618 6585
f 6585 4618 6584
f 6586 6587 6589
f 6589 6587 6588
f 6591 6590 6587
f 6587 6590 6588
f 4623 6590 4606
f 4606 6590 6592
f 6575 6593 6576
f 6576 6593 6594
f 6581 6579 6582
f 6582 6579 6595
f 6598 6596 6597
f 6597 6596 6580
f 6600 6599 6576
f 6576 6599 6577
f 6602 6601 6596
f 6596 6601 6595
f 6583 6582 6603
f 6603 6582 6604
f 6607 6605 6606
f 6606 6605 6586
f 6605 6608 6586
f 6586 6608 6587
f 6609 6591 6608
f 6608 6591 6587
f 6610 6600 6594
f 6594 6600 6576
f 6601 6604 6595
f 6595 6604 6582
f 6598 6577 6611
f 6611 6577 6599
f 6613 6614 6612
f 6612 6614 6615
f 6619 6616 6618
f 6618 6616 6617
f 6623 6620 6622
f 6622 6620 6621
f 6627 6624 6626
f 6626 6624 6625
f 6631 6628 6630
f 6630 6628 6629
f 6635 6632 6634
f 6634 6632 6633
f 6639 6636 6638
f 6638 6636 6637
f 6638 6637 6641
f 6641 6637 6640
f 6632 6642 6633
f 6633 6642 6643
f 6647 6644 6646
f 6646 6644 6645
f 6649 6647 6648
f 6648 6647 6646
f 6653 6650 6652
f 6652 6650 6651
f 6653 6652 6654
f 6654 6652 6655
f 6659 6656 6658
f 6658 6656 6657
f 6663 6660 6662
f 6662 6660 6661
f 6665 6664 6661
f 6661 6664 6662
f 6656 6666 6657
f 6657 6666 6667
f 6671 6668 6670
f 6670 6668 6669
f 6671 6670 6673
f 6673 6670 6672
f 6677 6674 6676
f 6676 6674 6675
f 6679 6676 6678
f 6678 6676 6675
f 6683 6680 6682
f 6682 6680 6681
f 6680 6683 6685
f 6685 6683 6684
f 6689 6686 6688
f 6688 6686 6687
f 6691 6688 6690
f 6690 6688 6687
f 6634 6633 6618
f 6618 6633 6619
f 6635 6692 6632
f 6632 6692 6693
f 6637 6636 6694
f 6694 6636 6617
f 6635 6639 6692
f 6692 6639 6695
f 6696 6640 6694
f 6694 6640 6637
f 6641 6697 6638
f 6638 6697 6698
f 6619 6633 6616
f 6616 6633 6643
f 6697 6641 6699
f 6699 6641 6642
f 6700 6646 6621
f 6621 6646 6645
f 6702 6654 6701
f 6701 6654 6644
f 6648 6646 6703
f 6703 6646 6700
f 6647 6649 6704
f 6704 6649 6693
f 6652 6651 6623
f 6623 6651 6620
f 6650 6699 6649
f 6649 6699 6693
f 6652 6623 6655
f 6655 6623 6622
f 6654 6702 6653
f 6653 6702 6697
f 6658 6657 6614
f 6614 6657 6615
f 6659 6704 6656
f 6656 6704 6705
f 6661 6660 6706
f 6706 6660 6613
f 6663 6701 6659
f 6659 6701 6704
f 6707 6665 6706
f 6706 6665 6661
f 6662 6664 6702
f 6702 6664 6708
f 6657 6667 6615
f 6615 6667 6612
f 6708 6664 6709
f 6709 6664 6666
f 6670 6669 6710
f 6710 6669 6629
f 6712 6679 6711
f 6711 6679 6668
f 6670 6710 6672
f 6672 6710 6713
f 6673 6705 6671
f 6671 6705 6714
f 6675 6674 6631
f 6631 6674 6628
f 6677 6709 6673
f 6673 6709 6705
f 6678 6675 6630
f 6630 6675 6631
f 6676 6679 6708
f 6708 6679 6712
f 6683 6682 6715
f 6715 6682 6625
f 6691 6681 6717
f 6717 6681 6716
f 6683 6715 6684
f 6684 6715 6718
f 6685 6714 6680
f 6680 6714 6719
f 6687 6686 6627
f 6627 6686 6624
f 6689 6711 6685
f 6685 6711 6714
f 6690 6687 6626
f 6626 6687 6627
f 6688 6691 6712
f 6712 6691 6717
f 6707 6706 6612
f 6612 6706 6613
f 6616 6696 6617
f 6617 6696 6694
f 6700 6621 6703
f 6703 6621 6620
f 6624 6718 6625
f 6625 6718 6715
f 6628 6713 6629
f 6629 6713 6710
f 6634 6636 6635
f 6635 6636 6639
f 6643 6642 6640
f 6640 6642 6641
f 6645 6644 6655
f 6655 6644 6654
f 6648 6651 6649
f 6649 6651 6650
f 6660 6663 6658
f 6658 6663 6659
f 6666 6664 6667
f 6667 6664 6665
f 6668 6679 6669
f 6669 6679 6678
f 6674 6677 6672
f 6672 6677 6673
f 6681 6691 6682
f 6682 6691 6690
f 6686 6689 6684
f 6684 6689 6685
f 6618 6617 6634
f 6634 6617 6636
f 6695 6639 6698
f 6698 6639 6638
f 6616 6643 6696
f 6696 6643 6640
f 6642 6632 6699
f 6699 6632 6693
f 6621 6645 6622
f 6622 6645 6655
f 6644 6647 6701
f 6701 6647 6704
f 6703 6620 6648
f 6648 6620 6651
f 6697 6699 6653
f 6653 6699 6650
f 6614 6613 6658
f 6658 6613 6660
f 6702 6701 6662
f 6662 6701 6663
f 6612 6667 6707
f 6707 6667 6665
f 6666 6656 6709
f 6709 6656 6705
f 6669 6678 6629
f 6629 6678 6630
f 6668 6671 6711
f 6711 6671 6714
f 6628 6674 6713
f 6713 6674 6672
f 6708 6709 6676
f 6676 6709 6677
f 6682 6690 6625
f 6625 6690 6626
f 6716 6681 6719
f 6719 6681 6680
f 6624 6686 6718
f 6718 6686 6684
f 6711 6689 6712
f 6688 6712 6689
f 6721 6594 6720
f 6720 6594 6593
f 4849 4607 6720
f 6720 4607 6722
f 6724 6722 6723
f 6723 6722 6592
f 6575 6578 4609
f 4609 6578 4610
f 6579 6580 6595
f 6595 6580 6596
f 6584 4618 6581
f 6581 4618 4617
f 6606 6586 6585
f 6585 6586 6589
f 4622 4619 6588
f 6588 4619 6589
f 6590 4623 6588
f 6588 4623 4622
f 6593 6575 4645
f 4645 6575 4609
f 6579 6581 4612
f 4612 6581 4617
f 5004 4610 6597
f 6597 4610 6578
f 6720 6593 4849
f 4849 6593 4645
f 6720 6722 6721
f 6721 6722 6724
f 4606 6592 4607
f 4607 6592 6722
f 6594 6721 6610
f 6610 6721 6725
f 6724 6723 6727
f 6727 6723 6726
f 6721 6724 6725
f 6725 6724 6727
f 6608 6605 6729
f 6729 6605 6728
f 6730 6728 6607
f 6607 6728 6605
f 6603 6604 6732
f 6732 6604 6731
f 6610 6725 6734
f 6734 6725 6733
f 6725 6727 6733
f 6733 6727 6735
f 6726 6736 6727
f 6727 6736 6735
f 6726 6723 6609
f 6609 6723 6591
f 6590 6591 6592
f 6592 6591 6723
f 6740 6737 6739
f 6739 6737 6738
f 6740 6739 6742
f 6742 6739 6741
f 6742 6741 6744
f 6744 6741 6743
f 6744 6743 6746
f 6746 6743 6745
f 6746 6745 6748
f 6748 6745 6747
f 6748 6747 6750
f 6750 6747 6749
f 6737 6751 6738
f 6738 6751 6752
f 6751 6753 6752
f 6752 6753 6754
f 6753 6755 6754
f 6754 6755 6756
f 6749 6757 6750
f 6750 6757 6758
f 6755 6759 6756
f 6756 6759 6760
f 6759 6761 6760
f 6760 6761 6762
f 6761 6763 6762
f 6762 6763 6764
f 6763 6758 6764
f 6764 6758 6757
f 6739 6765 6741
f 6741 6765 6766
f 6741 6766 6743
f 6743 6766 6767
f 6743 6767 6745
f 6745 6767 6768
f 6745 6768 6747
f 6747 6768 6769
f 6747 6769 6749
f 6749 6769 6770
f 6768 6771 6769
f 6769 6771 6772
f 6769 6772 6770
f 6770 6772 6773
f 6773 6772 6775
f 6775 6772 6774
f 6779 6776 6778
f 6778 6776 6777
f 6779 6778 6774
f 6774 6778 6775
f 6774 6772 6780
f 6780 6772 6771
f 6779 6774 6781
f 6781 6774 6780
f 6776 6779 6782
f 6782 6779 6781
f 6784 6785 6783
f 6783 6785 6786
f 6787 6788 6786
f 6786 6788 6783
f 6787 6789 6788
f 6788 6789 6790
f 6792 6791 6785
f 6785 6791 6786
f 6787 6786 6793
f 6793 6786 6791
f 6789 6787 6794
f 6794 6787 6793
f 6789 6794 6796
f 6796 6794 6795
f 6790 6789 6797
f 6797 6789 6796
f 6739 6738 6765
f 6765 6738 6798
f 6738 6752 6798
f 6798 6752 6799
f 6771 6768 6800
f 6800 6768 6767
f 6800 6767 6801
f 6801 6767 6766
f 6766 6765 6801
f 6801 6765 6802
f 6803 6802 6798
f 6798 6802 6765
f 6798 6799 6803
f 6803 6799 6804
f 6803 6804 6806
f 6806 6804 6805
f 6752 6754 6799
f 6799 6754 6807
f 6799 6807 6804
f 6804 6807 6808
f 6804 6808 6805
f 6805 6808 6809
f 6806 6805 6811
f 6811 6805 6810
f 6811 6810 6813
f 6813 6810 6812
f 6797 6796 6815
f 6815 6796 6814
f 6817 6816 6814
f 6814 6816 6813
f 6811 6813 6818
f 6818 6813 6816
f 6811 6818 6806
f 6806 6818 6819
f 6806 6819 6803
f 6803 6819 6802
f 6770 6820 6749
f 6749 6820 6757
f 6820 6770 6821
f 6821 6770 6773
f 6775 6822 6773
f 6773 6822 6821
f 6778 6823 6775
f 6775 6823 6822
f 6778 6777 6823
f 6823 6777 6824
f 6824 6777 6825
f 6825 6777 6784
f 6783 6788 6827
f 6827 6788 6826
f 6788 6790 6826
f 6826 6790 6828
f 6790 6797 6828
f 6828 6797 6829
f 6829 6797 6830
f 6830 6797 6815
f 6810 6831 6812
f 6812 6831 6832
f 6805 6809 6810
f 6810 6809 6831
f 6801 6735 6800
f 6800 6735 6736
f 6801 6802 6735
f 6735 6802 6733
f 6802 6819 6733
f 6733 6819 6734
f 6819 6818 6734
f 6734 6818 6833
f 6818 6816 6833
f 6833 6816 6834
f 6835 6834 6817
f 6817 6834 6816
f 6794 6836 6795
f 6795 6836 6837
f 6793 6731 6794
f 6794 6731 6836
f 6793 6791 6731
f 6731 6791 6732
f 6730 6732 6792
f 6792 6732 6791
f 6782 6781 6728
f 6728 6781 6729
f 6754 6756 6807
f 6807 6756 6838
f 6756 6760 6838
f 6838 6760 6839
f 6760 6762 6839
f 6839 6762 6840
f 6762 6764 6840
f 6840 6764 6841
f 6764 6757 6841
f 6841 6757 6820
f 6821 6842 6820
f 6820 6842 6841
f 6842 6843 6841
f 6841 6843 6840
f 6843 6844 6840
f 6840 6844 6839
f 6844 6845 6839
f 6839 6845 6838
f 6845 6808 6838
f 6838 6808 6807
f 6822 6846 6821
f 6821 6846 6842
f 6846 6847 6842
f 6842 6847 6843
f 6844 6843 6848
f 6848 6843 6847
f 6848 6849 6844
f 6844 6849 6845
f 6849 6809 6845
f 6845 6809 6808
f 6809 6849 6831
f 6831 6849 6850
f 6849 6848 6850
f 6850 6848 6851
f 6851 6848 6852
f 6852 6848 6847
f 6847 6846 6852
f 6852 6846 6853
f 6853 6846 6823
f 6823 6846 6822
f 6824 6854 6823
f 6823 6854 6853
f 6852 6853 6855
f 6855 6853 6854
f 6852 6855 6851
f 6851 6855 6856
f 6850 6851 6857
f 6857 6851 6856
f 6831 6850 6832
f 6832 6850 6857
f 6854 6824 6858
f 6858 6824 6825
f 6826 6859 6827
f 6827 6859 6860
f 6828 6861 6826
f 6826 6861 6859
f 6828 6829 6861
f 6861 6829 6862
f 6862 6829 6863
f 6863 6829 6830
f 6865 6862 6864
f 6864 6862 6863
f 6855 6854 6866
f 6866 6854 6858
f 6864 6866 6865
f 6865 6866 6867
f 6861 6868 6859
f 6859 6868 6869
f 6868 6865 6869
f 6869 6865 6867
f 6865 6868 6862
f 6862 6868 6861
f 6859 6869 6860
f 6860 6869 6867
f 6695 6698 6751
f 6751 6698 6753
f 6753 6698 6755
f 6755 6698 6697
f 6697 6702 6755
f 6755 6702 6759
f 6702 6708 6759
f 6759 6708 6761
f 6708 6712 6761
f 6761 6712 6763
f 6712 6717 6763
f 6763 6717 6758
f 6717 6716 6758
f 6758 6716 6750
f 6750 6716 6748
f 6748 6716 6719
f 6748 6719 6746
f 6746 6719 6714
f 6746 6714 6744
f 6744 6714 6705
f 6744 6705 6742
f 6742 6705 6704
f 6740 6742 6693
f 6693 6742 6704
f 6693 6692 6740
f 6740 6692 6737
f 6692 6695 6737
f 6737 6695 6751
f 6837 6836 6602
f 6602 6836 6601
f 6604 6601 6731
f 6731 6601 6836
f 6833 6834 6600
f 6600 6834 6599
f 6611 6599 6835
f 6835 6599 6834
f 6734 6833 6610
f 6610 6833 6600
f 6780 6771 6870
f 6800 6736 6771
f 6771 6736 6870
f 6781 6780 6729
f 6729 6780 6870
f 6870 6609 6729
f 6729 6609 6608
f 6736 6726 6870
f 6870 6726 6609
f 5014 5015 5229
f 5229 5015 5230
f 4878 4259 5015
f 5015 4259 4258
f 4704 4703 3013
f 3013 4703 3471
f 2879 6337 1306
f 1306 6337 4785
f 829 3471 4316
f 4316 3471 4703
f 1756 5223 3472
f 3472 5223 4702
f 4535 4534 6872
f 6872 4534 6871
f 6871 4665 6872
f 6872 4665 4844
f 4559 4665 6873
f 6873 4665 6871
f 6871 4534 6873
f 6873 4534 4542
f 4407 4822 4152
f 4152 4822 4153
f 4342 4407 4168
f 4168 4407 4152
f 4167 4923 4168
f 4168 4923 4343
f 4363 4362 4972
f 4972 4362 4840
f 4362 4394 4840
f 4840 4394 4839
f 4984 4986 4400
f 4400 4986 4401
f 4842 4841 4434
f 4434 4841 4435
f 4531 4530 4505
f 4505 4530 4506
f 4843 4507 4535
f 4535 4507 4506
f 4661 4660 4516
f 4516 4660 4517
f 6547 4937 4672
f 4672 4937 4673
f 5263 4984 4924
f 4924 4984 4400
f 4659 4674 4660
f 4660 4674 4673
f 4516 4531 4661
f 4661 4531 4505
f 4986 6874 4401
f 4401 6874 4952
f 4822 6875 4153
f 4153 6875 4954
f 4974 4364 4973
f 4973 4364 4363
f 4691 5267 4924
f 4924 5267 5264
f 6877 6876 6292
f 6292 6876 6293
f 4923 6387 4343
f 4343 6387 6380
f 4841 4839 4435
f 4435 4839 4394
f 4433 6547 4434
f 4434 6547 4672
f 6878 4974 6556
f 6556 4974 4973
f 6387 6574 6380
f 6380 6574 6567
f 6875 6877 4954
f 4954 6877 6292
f 5267 6568 5264
f 5264 6568 6567
f 4151 4154 4144
f 4144 4154 4145
f 4143 4425 4144
f 4144 4425 4194
f 4984 5263 4354
f 4354 5263 4355
f 4361 4364 4359
f 4359 4364 4360
f 4337 4392 4359
f 4359 4392 4444
f 4433 4432 4446
f 4446 4432 4447
f 4464 4463 6547
f 6547 4463 4937
f 4519 4518 4654
f 4654 4518 4509
f 4498 4499 4532
f 4532 4499 4533
f 4534 4530 4542
f 4542 4530 4533
f 4531 4516 4532
f 4532 4516 4519
f 4425 4426 4194
f 4194 4426 4922
f 4463 4518 4937
f 4937 4518 4517
f 6878 6874 4951
f 4951 6874 6555
f 6291 6290 4957
f 4957 6290 4958
f 4334 4360 4712
f 4712 4360 4950
f 4353 4419 4354
f 4354 4419 4985
f 5263 5265 4355
f 4355 5265 5262
f 6290 4804 4958
f 4958 4804 6294
f 4426 6384 4922
f 4922 6384 6386
f 4432 4393 4447
f 4447 4393 4444
f 4445 4465 4446
f 4446 4465 4464
f 6874 4986 6555
f 6555 4986 4985
f 6384 6571 6386
f 6386 6571 6573
f 4804 4146 6294
f 6294 4146 4145
f 5265 6574 5262
f 5262 6574 6573
f 4559 6873 4541
f 4541 6873 4542
f 4844 4843 6872
f 6872 4843 4535
f 6343 6879 4103
f 4103 6879 4104
f 6876 6307 6293
f 6293 6307 4105
f 6293 4105 4956
f 4956 4105 4104
f 4956 4104 4957
f 4957 4104 6879
f 6309 6291 6879
f 6879 6291 4957
f 4953 4649 4988
f 4988 4649 4648
f 6550 4928 4803
f 4803 4928 4802
f 6555 6550 4951
f 4951 6550 4803
f 5006 4987 3173
f 3173 4987 1516
f 6519 6518 6558
f 6558 6518 6510
f 6558 6559 6519
f 6519 6559 6527
f 6541 6529 6560
f 6560 6529 6528
f 4624 6549 4625
f 4625 6549 6548
f 6551 6552 4746
f 4746 6552 6505
f 4710 6554 4711
f 4711 6554 6553
f 4746 4713 6551
f 6551 4713 4802
f 4646 4649 4973
f 4973 4649 6556
f 4625 6548 4949
f 4949 6548 6557
f 4711 6553 4647
f 4647 6553 4648
f 4838 4987 4624
f 4624 4987 6549
f 6552 6518 6505
f 6505 6518 6507
f 6514 6529 4372
f 4372 6529 6561
f 4372 6561 4369
f 4369 6561 6562
f 4369 6562 3482
f 3482 6562 3142
f 6874 6878 4952
f 4952 6878 6556
f 4974 6878 4950
f 4950 6878 4951
f 3168 440 3952
f 4204 4203 5341
f 5341 4203 6364
f 4383 6429 4222
f 4222 6429 4219
f 4747 6506 4322
f 4322 6506 4319
f 4384 4341 4714
f 4714 4341 4340
f 6546 6388 4377
f 4377 6388 4375
f 4720 6311 4381
f 4381 6311 4378
f 4384 4387 4341
f 4341 4387 4449
f 4474 4477 4472
f 4472 4477 4473
f 4488 4487 4491
f 4491 4487 4492
f 4523 4491 4522
f 4522 4491 4490
f 4555 4493 4538
f 4538 4493 4492
f 4556 4555 4553
f 4553 4555 4538
f 4615 4618 4620
f 4620 4618 4621
f 4365 4368 4651
f 4651 4368 4652
f 4656 4524 4655
f 4655 4524 4523
f 4571 4556 4667
f 4667 4556 4553
f 1209 4365 1210
f 1210 4365 4651
f 4698 4697 5223
f 5223 4697 6344
f 4747 4322 4339
f 4339 4322 4340
f 4198 5287 4729
f 4729 5287 4726
f 4381 4380 4737
f 4737 4380 6368
f 4709 4451 4835
f 4835 4451 4836
f 4910 6367 4911
f 4911 6367 6366
f 4912 4915 6450
f 6450 4915 6449
f 4451 4450 4836
f 4836 4450 4927
f 4436 4439 4929
f 4929 4439 4930
f 4456 4459 4935
f 4935 4459 4936
f 4510 4470 4655
f 4655 4470 4473
f 4942 4583 4943
f 4943 4583 4572
f 4584 4947 4601
f 4601 4947 4948
f 4626 4625 4835
f 4835 4625 4949
f 4966 4969 6289
f 6289 4969 4695
f 4368 4926 4652
f 4652 4926 4971
f 4203 4977 6364
f 6364 4977 6365
f 4440 4443 4989
f 4989 4443 4990
f 4512 4478 4991
f 4991 4478 4990
f 4515 4528 4991
f 4991 4528 4992
f 4485 4527 4993
f 4993 4527 4992
f 4994 4993 4502
f 4502 4993 4503
f 4550 4482 4995
f 4995 4482 4994
f 4996 4995 4543
f 4543 4995 4544
f 4999 4998 4567
f 4567 4998 4578
f 4997 4575 4998
f 4998 4575 5000
f 4574 4592 5001
f 5001 4592 5002
f 5004 4611 5003
f 5003 4611 4614
f 3483 4215 1755
f 1755 4215 4698
f 4223 4195 5277
f 5277 4195 5274
f 6350 4727 5295
f 5295 4727 4726
f 5309 5342 5310
f 5310 5342 6363
f 5317 5316 5314
f 5314 5316 5315
f 5363 5340 6362
f 6362 5340 5339
f 5339 5310 6362
f 6362 5310 6363
f 5309 5308 4204
f 4204 5308 4201
f 6448 6449 5345
f 5345 6449 4915
f 5316 6448 5315
f 5315 6448 5345
f 5348 5347 6351
f 6351 5347 6352
f 4262 5340 4263
f 4263 5340 5365
f 4734 4733 6298
f 6298 4733 6295
f 4969 6306 4695
f 4695 6306 4696
f 6311 4696 4378
f 4378 4696 6306
f 6545 6544 6372
f 6372 6544 6369
f 4374 4373 6390
f 6390 4373 4375
f 6421 6422 4911
f 4911 6422 4908
f 4736 4737 4909
f 4909 4737 4910
f 6429 4223 4219
f 4219 4223 5277
f 4697 4222 6344
f 6344 4222 4221
f 6360 6437 6361
f 6361 6437 6436
f 6434 6437 6440
f 6440 6437 6438
f 6438 6359 6441
f 6441 6359 6358
f 6358 6357 6441
f 6441 6357 6442
f 6445 6443 6444
f 6444 6443 6442
f 6356 6355 6444
f 6444 6355 6446
f 6450 6447 4912
f 4912 6447 6446
f 4263 5365 6435
f 6435 5365 6436
f 5314 5347 5317
f 5317 5347 5346
f 6513 4320 6512
f 6512 4320 4319
f 6508 6521 6512
f 6512 6521 6520
f 6521 6527 6520
f 6520 6527 6528
f 6535 6533 6539
f 6539 6533 6532
f 6534 6537 6535
f 6535 6537 6533
f 6536 6537 6543
f 6543 6537 6538
f 4376 6296 4377
f 4377 6296 6295
f 4439 4440 4930
f 4930 4440 4989
f 4927 4929 4422
f 4422 4929 4455
f 4459 4388 4936
f 4936 4388 4449
f 4932 4474 4935
f 4935 4474 4472
f 4939 4947 4940
f 4940 4947 4942
f 4575 4574 5000
f 5000 4574 5001
f 4667 4666 4943
f 4943 4666 4669
f 4996 4999 4547
f 4547 4999 4567
f 4615 4620 4946
f 4946 4620 4948
f 4592 4591 5002
f 5002 4591 5003
f 4926 6554 4971
f 4971 6554 6557
f 6532 6560 6539
f 6539 6560 6559
f 6371 4374 6372
f 6372 4374 6390
f 4966 6298 4967
f 4967 6298 6297
f 6538 6526 6369
f 6369 6526 6370
f 4619 4621 6589
f 6589 4621 6585
f 6577 6598 6578
f 6578 6598 6597
f 6603 6607 6583
f 6583 6607 6606
f 6596 6598 6602
f 6602 6598 6611
f 6583 6606 6584
f 6584 6606 6585
f 4611 5004 6580
f 6580 5004 6597
f 6732 6730 6603
f 6603 6730 6607
f 6785 6784 6776
f 6776 6784 6777
f 6782 6792 6776
f 6776 6792 6785
f 6813 6812 6814
f 6814 6812 6815
f 6795 6817 6796
f 6796 6817 6814
f 6783 6827 6784
f 6784 6827 6825
f 6830 6815 6832
f 6832 6815 6812
f 6837 6835 6795
f 6795 6835 6817
f 6728 6730 6782
f 6782 6730 6792
f 6827 6860 6825
f 6825 6860 6858
f 6832 6857 6830
f 6830 6857 6863
f 6857 6856 6863
f 6863 6856 6864
f 6860 6867 6858
f 6858 6867 6866
f 6855 6866 6856
f 6856 6866 6864
f 6602 6611 6837
f 6837 6611 6835
f 6527 6559 6528
f 6528 6559 6560
f 6554 4710 6557
f 6557 4710 4949
f 4430 4090 4175
f 4175 4090 4089
f 4086 4155 4113
f 4113 4155 4777
f 4175 4089 4176
f 4176 4089 4142
f 4798 4200 4271
f 4271 4200 4199
f 5273 4272 4095
f 4095 4272 4199
f 4346 4404 4405
f 4405 4404 4406
f 6876 6877 4409
f 4409 6877 4410
f 6307 6876 4413
f 4413 6876 4409
f 4147 4416 4148
f 4148 4416 4415
f 4342 4344 4405
f 4405 4344 4690
f 4349 4352 4692
f 4692 4352 4693
f 4701 4700 6337
f 6337 4700 6338
f 4155 4081 4777
f 4777 4081 4778
f 4821 4406 4809
f 4809 4406 4404
f 4176 4142 4181
f 4181 4142 4415
f 4760 4970 4399
f 4399 4970 4692
f 4200 5007 4096
f 4096 5007 4078
f 5266 4693 5269
f 5269 4693 4352
f 5270 5007 5361
f 5361 5007 4797
f 4778 5270 4779
f 4779 5270 5361
f 6877 6875 4410
f 4410 6875 6285
f 4412 4687 4413
f 4413 4687 6308
f 6880 6481 6320
f 6320 6481 6480
f 4701 2878 4702
f 4702 2878 3472
f 6348 6340 6347
f 6347 6340 6339
f 6341 6342 6346
f 6346 6342 6345
f 4416 6308 4414
f 4414 6308 4687
f 6385 4690 6381
f 6381 4690 4344
f 5282 6341 5280
f 5280 6341 6339
f 4700 6342 6338
f 6338 6342 5281
f 4270 4272 6348
f 6348 4272 6340
f 6480 6479 4828
f 4828 6479 4829
f 6478 6489 6479
f 6479 6489 6490
f 4429 6490 4430
f 4430 6490 4090
f 4815 4970 6564
f 6564 4970 6563
f 6563 4366 6566
f 6566 4366 4694
f 6572 6385 6568
f 6568 6385 6381
f 6875 4822 6285
f 6285 4822 4821
f 6572 5266 6569
f 6569 5266 5269
f 4370 4369 3103
f 3103 4369 3482
f 4327 3485 4730
f 4730 3485 3121
f 6272 6273 6280
f 6280 6273 6277
f 6279 6278 6276
f 6276 6278 6267
f 6278 6279 6277
f 6277 6279 6280
f 6255 6280 6256
f 6256 6280 6279
f 3754 6255 3857
f 3857 6255 6256
f 3755 3754 3856
f 3856 3754 3857
f 3863 3755 3703
f 3703 3755 3856
f 3759 3863 3702
f 3702 3863 3703
f 3670 3759 3706
f 3706 3759 3702
f 3668 3670 3705
f 3705 3670 3706
f 3882 3668 3773
f 3773 3668 3705
f 3882 3773 3883
f 3883 3773 3707
f 3707 3708 3883
f 3883 3708 3880
f 3708 3710 3880
f 3880 3710 3881
f 3881 3710 5241
f 5241 3710 3709
f 5241 3709 5234
f 5234 3709 3786
f 3693 3712 3786
f 3786 3712 5234
f 4056 4052 4055
f 4055 4052 4051
f 4056 4055 4057
f 4057 4055 4054
f 3989 5236 5238
f 5238 5236 4066
f 4035 5238 4069
f 4069 5238 4066
f 6881 3962 3960
f 3960 3962 3957
f 3941 6882 4070
f 4070 6882 6883
f 4070 6883 4071
f 4071 6883 6884
f 4071 6884 4072
f 4072 6884 6885
f 6885 6886 4072
f 4072 6886 4031
f 3960 3956 6881
f 6881 3956 3955
f 6884 3991 6885
f 6885 3991 3990
f 3991 6884 6887
f 6887 6884 6883
f 6887 6888 3991
f 3991 6888 3992
f 6890 6889 6887
f 6887 6889 6888
f 6882 6890 6883
f 6883 6890 6887
f 3954 3953 5240
f 5240 3953 4058
f 6889 5239 6888
f 6888 5239 5236
f 6885 3990 6886
f 6886 3990 5237
f 6886 5237 4031
f 4031 5237 4034
f 3941 3962 6882
f 6882 3962 6881
f 6890 6882 3955
f 3955 6882 6881
f 6889 6890 3954
f 3954 6890 3955
f 3954 5240 6889
f 6889 5240 5239
f 3989 3992 5236
f 5236 3992 6888
f 4015 3888 3868
f 3868 3888 3869
f 4010 4015 4012
f 4012 4015 3868
f 4009 4010 4022
f 4022 4010 4012
f 4018 4009 4021
f 4021 4009 4022
f 3996 4001 3974
f 3974 4001 4020
f 4001 4029 4020
f 4020 4029 4021
f 4155 4086 4156
f 4156 4086 4085
f 4113 4777 4114
f 4114 4777 4776
f 4091 4094 4129
f 4129 4094 4130
f 4772 4140 4773
f 4773 4140 4139
f 5225 4150 4178
f 4178 4150 4149
f 4088 4087 4159
f 4159 4087 4160
f 4141 4179 4148
f 4148 4179 4149
f 4085 4084 4183
f 4183 4084 6315
f 4088 4159 4141
f 4141 4159 4179
f 4094 4162 4130
f 4130 4162 4192
f 5287 4198 5288
f 5288 4198 4197
f 4771 4230 4766
f 4766 4230 4229
f 4245 4246 4242
f 4242 4246 4249
f 4183 6315 4418
f 4418 6315 6314
f 4177 4680 4178
f 4178 4680 4679
f 4724 4798 4725
f 4725 4798 4271
f 5274 4729 5275
f 5275 4729 4728
f 4242 4249 4771
f 4771 4249 4230
f 5355 4799 4723
f 4723 4799 4724
f 4891 4823 6327
f 6327 4823 4824
f 4162 4161 4192
f 4192 4161 4823
f 4766 4229 4767
f 4767 4229 4893
f 4894 4895 4898
f 4898 4895 4899
f 5225 4103 4150
f 4150 4103 4106
f 4680 4894 4677
f 4677 4894 4898
f 6420 4977 5301
f 5301 4977 4976
f 4427 5226 4678
f 4678 5226 4679
f 4767 4893 5008
f 5008 4893 5228
f 5343 5286 6354
f 6354 5286 5285
f 5349 5290 5352
f 5352 5290 5289
f 5348 5295 5349
f 5349 5295 5290
f 5302 5299 4202
f 4202 5299 4976
f 4270 5311 4271
f 4271 5311 4725
f 4722 5326 4723
f 4723 5326 5325
f 4723 5325 5355
f 5355 5325 5335
f 5283 5286 4722
f 4722 5286 5326
f 5361 4797 5357
f 5357 4797 4799
f 5355 5335 5356
f 5356 5335 5359
f 4775 4774 5356
f 5356 4774 5357
f 4093 4092 5358
f 5358 4092 5359
f 6316 4740 6317
f 6317 4740 4739
f 6318 4827 6316
f 6316 4827 4740
f 6319 4828 6318
f 6318 4828 4827
f 4828 6319 6480
f 6480 6319 6320
f 6321 6485 6322
f 6322 6485 6484
f 6323 6331 6324
f 6324 6331 6487
f 6330 6331 6325
f 6325 6331 6323
f 6329 6330 6326
f 6326 6330 6325
f 5231 6329 6328
f 6328 6329 6326
f 5008 5228 4685
f 4685 5228 4824
f 4103 5225 6343
f 6343 5225 5226
f 5284 6349 4727
f 4727 6349 4728
f 6354 5285 6351
f 6351 5285 6350
f 4247 4246 6418
f 6418 4246 6365
f 6459 6401 6402
f 6402 6401 6400
f 6426 6409 4196
f 4196 6409 4197
f 5231 6328 4897
f 4897 6328 6412
f 4897 6412 4133
f 4133 6412 6413
f 4133 6413 4134
f 4134 6413 6414
f 4134 6414 4225
f 4225 6414 6415
f 4225 6415 4252
f 4252 6415 6416
f 4252 6416 4253
f 4253 6416 6417
f 4253 6417 6366
f 6366 6417 6419
f 6366 6419 4911
f 4911 6419 6421
f 6422 6423 4908
f 4908 6423 5298
f 6424 6396 6423
f 6423 6396 5298
f 6397 6425 6426
f 6426 6425 6409
f 5300 5299 6399
f 6399 5299 6400
f 6398 6401 6408
f 6408 6401 6465
f 6398 6425 6399
f 6399 6425 6424
f 5283 5311 5284
f 5284 5311 6349
f 5352 5289 6464
f 6464 5289 6465
f 6482 6492 6483
f 6483 6492 6488
f 6492 6482 6491
f 6491 6482 6486
f 6491 4895 6492
f 6492 4895 4157
f 6488 4160 6489
f 6489 4160 4087
f 6501 6502 4418
f 4418 6502 4417
f 6504 6500 6317
f 6317 6500 6314
f 3497 3496 6501
f 6501 3496 6502
f 6500 6504 3498
f 3498 6504 3499
f 4195 4198 5274
f 5274 4198 4729
f 6418 6365 6420
f 6420 6365 4977
f 6351 6350 5348
f 5348 6350 5295
f 5301 6422 6420
f 6420 6422 6421
f 4083 4086 4112
f 4112 4086 4113
f 4111 6880 4112
f 4112 6880 6320
f 4775 4092 4772
f 4772 4092 4091
f 4772 4091 4140
f 4140 4091 4129
f 4140 4129 4137
f 4137 4129 4128
f 6321 4137 6324
f 6324 4137 4128
f 6485 6321 6487
f 6487 6321 6324
f 6482 6485 6486
f 6486 6485 6487
f 4776 4779 4773
f 4773 4779 4774
f 4114 4776 4139
f 4139 4776 4773
f 4111 4114 4138
f 4138 4114 4139
f 6880 4111 6322
f 6322 4111 4138
f 6481 6880 6484
f 6484 6880 6322
f 6478 6481 6483
f 6483 6481 6484
f 6879 6343 6309
f 6309 6343 4428
f 6307 4900 4105
f 4105 4900 4106
f 6496 6495 3167
f 3167 6495 3500
f 5368 3070 6495
f 6495 3070 3500
f 4813 3501 5235
f 5235 3501 3502
f 6474 6473 3503
f 3503 6473 3024
f 6374 6474 3023
f 3023 6474 3503
f 4345 4348 1770
f 1770 4348 3504
f 4810 5235 3505
f 3505 5235 3502
f 6501 6500 3497
f 3497 6500 3498
f 3496 3075 6502
f 6502 3075 6275
f 3017 3174 4254
f 4254 3174 6299
f 4813 4814 3501
f 3501 4814 1769
f 4257 6476 3018
f 3018 6476 3506
f 6504 6499 3499
f 3499 6499 3507
f 4215 3483 4216
f 4216 3483 3030
f 6499 6333 3507
f 3507 6333 3077
f 6523 5249 3160
f 3160 5249 1784
f 6476 4240 3506
f 3506 4240 3015
f 4348 6383 3504
f 3504 6383 3508
f 4239 6477 3016
f 3016 6477 3509
f 6477 6467 3509
f 3509 6467 3028
f 5247 5246 1785
f 1785 5246 3022
f 6383 6570 3508
f 3508 6570 3161
f 3150 3149 4694
f 4694 3149 6566
f 4811 3510 4807
f 4807 3510 1327
f 4810 3505 4811
f 4811 3505 3510
f 3146 3511 4816
f 4816 3511 4350
f 3511 1808 4350
f 4350 1808 4351
f 3485 4327 3159
f 3159 4327 4330
f 1326 3512 4806
f 4806 3512 6310
f 3512 1331 6310
f 6310 1331 4688

